timestamp,temperature,vibration,pressure,failure
2026-03-02 06:00:00,65.35,2.037,5.806,0
2026-03-02 06:01:00,65.07,1.85,5.778,0
2026-03-02 06:02:00,65.3,2.432,5.902,0
2026-03-02 06:03:00,65.15,2.337,5.713,0
2026-03-02 06:04:00,64.63,2.185,5.718,0
2026-03-02 06:05:00,63.98,2.058,5.75,0
2026-03-02 06:06:00,64.64,4.561,5.767,0
2026-03-02 06:07:00,64.19,2.197,6.028,0
2026-03-02 06:08:00,64.39,2.11,5.859,0
2026-03-02 06:09:00,64.75,1.983,5.703,0
2026-03-02 06:10:00,64.87,1.871,5.637,0
2026-03-02 06:11:00,65.48,2.064,5.756,0
2026-03-02 06:12:00,65.27,2.034,5.814,0
2026-03-02 06:13:00,65.29,2.131,5.721,0
2026-03-02 06:14:00,65.46,2.064,5.865,0
2026-03-02 06:15:00,65.35,1.788,5.851,0
2026-03-02 06:16:00,65.88,2.354,5.819,0
2026-03-02 06:17:00,66.24,2.171,5.746,0
2026-03-02 06:18:00,66.18,1.846,5.785,0
2026-03-02 06:19:00,66.25,2.398,5.682,0
2026-03-02 06:20:00,66.3,2.261,5.723,0
2026-03-02 06:21:00,65.96,2.3,5.642,0
2026-03-02 06:22:00,65.89,2.264,5.728,0
2026-03-02 06:23:00,65.91,2.021,5.841,0
2026-03-02 06:24:00,66.34,2.123,5.785,0
2026-03-02 06:25:00,66.41,2.287,5.664,0
2026-03-02 06:26:00,67.15,2.323,5.861,0
2026-03-02 06:27:00,66.72,2.078,5.85,0
2026-03-02 06:28:00,66.15,2.246,5.896,0
2026-03-02 06:29:00,65.65,2.397,5.908,0
2026-03-02 06:30:00,66.13,2.078,5.772,0
2026-03-02 06:31:00,65.81,2.452,5.82,0
2026-03-02 06:32:00,65.68,2.348,5.805,0
2026-03-02 06:33:00,66.35,2.116,5.761,0
2026-03-02 06:34:00,66.54,2.276,5.994,0
2026-03-02 06:35:00,65.75,2.193,5.808,0
2026-03-02 06:36:00,66.1,2.262,5.874,0
2026-03-02 06:37:00,66.13,2.153,5.881,0
2026-03-02 06:38:00,66.46,2.335,5.829,0
2026-03-02 06:39:00,65.28,2.294,5.84,0
2026-03-02 06:40:00,65.88,2.044,5.986,0
2026-03-02 06:41:00,66.1,2.148,5.934,0
2026-03-02 06:42:00,65.77,2.426,5.717,0
2026-03-02 06:43:00,65.83,2.199,5.885,0
2026-03-02 06:44:00,65.7,2.146,5.648,0
2026-03-02 06:45:00,65.33,2.043,5.819,0
2026-03-02 06:46:00,65.31,2.29,5.805,0
2026-03-02 06:47:00,64.89,2.24,5.764,0
2026-03-02 06:48:00,65.32,2.291,5.799,0
2026-03-02 06:49:00,65.04,2.106,5.827,0
2026-03-02 06:50:00,65.57,2.216,5.869,0
2026-03-02 06:51:00,65.49,2.27,5.794,0
2026-03-02 06:52:00,64.84,2.101,5.79,0
2026-03-02 06:53:00,65.07,2.31,5.958,0
2026-03-02 06:54:00,65.24,2.456,5.976,0
2026-03-02 06:55:00,65.7,2.016,5.859,0
2026-03-02 06:56:00,65.9,2.114,5.917,0
2026-03-02 06:57:00,66.51,1.964,5.873,0
2026-03-02 06:58:00,65.91,2.338,5.705,0
2026-03-02 06:59:00,65.04,1.879,5.847,0
2026-03-02 07:00:00,65.25,2.227,5.855,0
2026-03-02 07:01:00,65.6,2.286,5.839,0
2026-03-02 07:02:00,64.84,2.196,5.777,0
2026-03-02 07:03:00,65.0,2.173,5.835,0
2026-03-02 07:04:00,65.39,2.31,5.737,0
2026-03-02 07:05:00,66.29,2.031,5.845,0
2026-03-02 07:06:00,66.12,2.251,5.791,0
2026-03-02 07:07:00,65.81,2.046,5.818,0
2026-03-02 07:08:00,65.17,2.001,5.827,0
2026-03-02 07:09:00,65.63,2.039,6.022,0
2026-03-02 07:10:00,65.21,1.988,5.825,0
2026-03-02 07:11:00,65.37,2.114,5.98,0
2026-03-02 07:12:00,65.67,4.398,5.84,0
2026-03-02 07:13:00,65.87,2.131,5.862,0
2026-03-02 07:14:00,65.87,2.032,5.816,0
2026-03-02 07:15:00,65.71,2.293,5.915,0
2026-03-02 07:16:00,65.55,2.205,5.878,1
2026-03-02 07:17:00,65.15,2.077,5.873,0
2026-03-02 07:18:00,64.97,2.157,5.972,0
2026-03-02 07:19:00,65.89,2.233,5.87,0
2026-03-02 07:20:00,64.62,2.417,6.024,0
2026-03-02 07:21:00,63.88,2.115,5.945,0
2026-03-02 07:22:00,64.12,2.13,5.799,0
2026-03-02 07:23:00,64.93,2.095,5.958,0
2026-03-02 07:24:00,64.82,1.951,5.797,0
2026-03-02 07:25:00,64.78,2.137,5.884,0
2026-03-02 07:26:00,65.03,1.979,5.872,0
2026-03-02 07:27:00,65.94,2.252,5.805,0
2026-03-02 07:28:00,64.9,2.212,5.983,0
2026-03-02 07:29:00,64.54,2.272,5.833,0
2026-03-02 07:30:00,64.39,2.269,5.803,0
2026-03-02 07:31:00,64.49,2.073,5.748,0
2026-03-02 07:32:00,65.11,2.196,5.815,0
2026-03-02 07:33:00,65.04,2.026,5.933,0
2026-03-02 07:34:00,65.31,2.247,5.891,0
2026-03-02 07:35:00,64.43,2.364,5.883,0
2026-03-02 07:36:00,64.69,2.281,5.863,0
2026-03-02 07:37:00,64.71,2.176,5.905,0
2026-03-02 07:38:00,65.09,2.088,5.832,0
2026-03-02 07:39:00,65.78,2.159,5.9,0
2026-03-02 07:40:00,65.81,2.051,5.763,0
2026-03-02 07:41:00,66.6,2.076,5.805,0
2026-03-02 07:42:00,66.91,2.289,5.935,0
2026-03-02 07:43:00,67.09,2.258,5.793,0
2026-03-02 07:44:00,67.02,2.328,5.935,0
2026-03-02 07:45:00,66.83,1.903,6.007,0
2026-03-02 07:46:00,66.03,1.847,5.681,0
2026-03-02 07:47:00,66.7,2.49,5.732,0
2026-03-02 07:48:00,67.49,2.044,5.83,0
2026-03-02 07:49:00,67.59,2.594,5.721,0
2026-03-02 07:50:00,67.22,2.163,5.971,0
2026-03-02 07:51:00,67.5,2.458,5.893,0
2026-03-02 07:52:00,67.33,2.585,5.833,0
2026-03-02 07:53:00,67.45,2.169,5.923,0
2026-03-02 07:54:00,67.1,2.363,5.804,0
2026-03-02 07:55:00,66.59,2.316,5.899,0
2026-03-02 07:56:00,66.26,2.257,5.913,0
2026-03-02 07:57:00,66.57,2.168,5.826,0
2026-03-02 07:58:00,66.11,2.219,5.875,0
2026-03-02 07:59:00,66.57,2.288,5.813,0
2026-03-02 08:00:00,66.09,2.492,5.942,0
2026-03-02 08:01:00,65.86,2.288,5.872,1
2026-03-02 08:02:00,64.26,2.011,5.749,0
2026-03-02 08:03:00,65.38,2.31,5.837,0
2026-03-02 08:04:00,65.14,2.251,5.732,0
2026-03-02 08:05:00,64.64,2.043,5.531,0
2026-03-02 08:06:00,64.76,1.956,5.675,0
2026-03-02 08:07:00,65.03,1.742,5.699,0
2026-03-02 08:08:00,63.87,1.893,5.713,0
2026-03-02 08:09:00,63.99,1.936,5.64,0
2026-03-02 08:10:00,64.74,2.147,5.512,0
2026-03-02 08:11:00,65.05,2.04,5.5,0
2026-03-02 08:12:00,63.41,1.882,5.66,0
2026-03-02 08:13:00,63.33,2.218,5.744,0
2026-03-02 08:14:00,63.26,2.057,5.726,0
2026-03-02 08:15:00,62.76,1.925,5.522,0
2026-03-02 08:16:00,62.95,2.032,5.746,0
2026-03-02 08:17:00,63.54,1.95,5.65,0
2026-03-02 08:18:00,63.26,2.067,5.615,0
2026-03-02 08:19:00,63.68,2.027,5.51,0
2026-03-02 08:20:00,63.28,1.884,5.806,0
2026-03-02 08:21:00,63.66,1.815,5.662,0
2026-03-02 08:22:00,63.64,1.876,5.757,0
2026-03-02 08:23:00,63.53,1.953,5.729,0
2026-03-02 08:24:00,64.5,2.058,5.661,0
2026-03-02 08:25:00,63.95,1.677,5.56,0
2026-03-02 08:26:00,64.51,2.101,5.509,0
2026-03-02 08:27:00,65.05,2.202,5.667,0
2026-03-02 08:28:00,64.34,1.99,5.773,0
2026-03-02 08:29:00,63.7,1.861,5.874,0
2026-03-02 08:30:00,64.47,2.132,5.711,0
2026-03-02 08:31:00,64.3,1.898,5.686,0
2026-03-02 08:32:00,64.09,2.181,5.74,0
2026-03-02 08:33:00,64.14,2.301,5.73,0
2026-03-02 08:34:00,64.56,1.985,5.59,0
2026-03-02 08:35:00,64.54,1.914,5.778,0
2026-03-02 08:36:00,64.62,2.237,5.676,0
2026-03-02 08:37:00,65.14,2.281,5.781,0
2026-03-02 08:38:00,65.1,1.939,5.759,0
2026-03-02 08:39:00,64.77,1.955,5.646,0
2026-03-02 08:40:00,64.99,2.227,5.718,0
2026-03-02 08:41:00,64.54,1.912,5.661,0
2026-03-02 08:42:00,64.14,2.159,5.597,0
2026-03-02 08:43:00,64.35,2.186,5.657,0
2026-03-02 08:44:00,64.85,1.992,5.811,0
2026-03-02 08:45:00,64.89,2.098,5.742,0
2026-03-02 08:46:00,64.94,2.153,5.674,0
2026-03-02 08:47:00,64.67,2.185,5.843,0
2026-03-02 08:48:00,64.27,2.03,5.729,0
2026-03-02 08:49:00,64.42,2.138,5.709,0
2026-03-02 08:50:00,64.23,2.017,5.863,0
2026-03-02 08:51:00,64.85,1.922,5.803,0
2026-03-02 08:52:00,65.05,2.229,5.821,0
2026-03-02 08:53:00,64.32,2.171,5.715,0
2026-03-02 08:54:00,64.78,2.218,5.745,0
2026-03-02 08:55:00,64.75,2.133,5.665,0
2026-03-02 08:56:00,64.11,1.88,5.767,0
2026-03-02 08:57:00,64.34,2.105,5.723,0
2026-03-02 08:58:00,64.64,1.884,5.882,0
2026-03-02 08:59:00,64.83,2.314,5.722,0
2026-03-02 09:00:00,64.93,2.255,5.662,0
2026-03-02 09:01:00,64.65,2.075,5.731,0
2026-03-02 09:02:00,64.58,1.909,5.665,0
2026-03-02 09:03:00,65.41,1.975,5.673,0
2026-03-02 09:04:00,65.41,1.931,5.781,0
2026-03-02 09:05:00,65.41,2.282,5.882,0
2026-03-02 09:06:00,65.33,2.176,5.752,0
2026-03-02 09:07:00,64.58,2.353,5.863,0
2026-03-02 09:08:00,65.45,2.259,5.76,0
2026-03-02 09:09:00,65.19,2.115,5.909,0
2026-03-02 09:10:00,65.02,2.199,5.863,0
2026-03-02 09:11:00,64.81,2.103,5.948,0
2026-03-02 09:12:00,64.86,2.042,5.735,0
2026-03-02 09:13:00,65.18,1.943,5.716,0
2026-03-02 09:14:00,64.97,2.286,5.806,0
2026-03-02 09:15:00,65.66,2.236,5.941,0
2026-03-02 09:16:00,65.77,2.131,5.751,0
2026-03-02 09:17:00,66.72,2.044,5.771,0
2026-03-02 09:18:00,66.3,2.198,5.728,0
2026-03-02 09:19:00,66.15,2.167,5.775,0
2026-03-02 09:20:00,66.62,2.108,5.86,0
2026-03-02 09:21:00,67.19,2.235,5.754,0
2026-03-02 09:22:00,66.79,2.304,5.855,0
2026-03-02 09:23:00,66.36,2.224,5.912,0
2026-03-02 09:24:00,66.21,1.851,5.792,0
2026-03-02 09:25:00,65.79,2.363,5.637,0
2026-03-02 09:26:00,65.84,1.897,5.839,0
2026-03-02 09:27:00,66.58,1.789,5.617,0
2026-03-02 09:28:00,65.98,2.256,5.744,0
2026-03-02 09:29:00,65.41,2.13,5.666,0
2026-03-02 09:30:00,64.57,2.159,5.608,0
2026-03-02 09:31:00,64.22,1.939,5.782,1
2026-03-02 09:32:00,64.9,1.639,5.75,0
2026-03-02 09:33:00,64.87,2.044,5.635,0
2026-03-02 09:34:00,64.46,2.004,5.797,0
2026-03-02 09:35:00,64.98,2.106,5.804,0
2026-03-02 09:36:00,65.32,1.981,5.7,0
2026-03-02 09:37:00,66.03,2.127,5.664,0
2026-03-02 09:38:00,65.42,2.068,5.767,0
2026-03-02 09:39:00,65.87,2.098,5.912,0
2026-03-02 09:40:00,65.7,2.036,5.759,0
2026-03-02 09:41:00,65.23,1.932,5.73,0
2026-03-02 09:42:00,64.86,1.891,5.783,0
2026-03-02 09:43:00,63.93,2.092,5.709,0
2026-03-02 09:44:00,63.03,2.166,5.775,0
2026-03-02 09:45:00,63.18,2.414,5.785,0
2026-03-02 09:46:00,63.04,1.77,5.768,0
2026-03-02 09:47:00,62.03,2.453,5.827,0
2026-03-02 09:48:00,62.7,1.982,5.802,0
2026-03-02 09:49:00,63.05,1.988,5.667,0
2026-03-02 09:50:00,62.57,1.819,5.818,0
2026-03-02 09:51:00,63.14,2.094,5.762,0
2026-03-02 09:52:00,63.19,2.241,5.859,0
2026-03-02 09:53:00,63.47,2.087,5.867,0
2026-03-02 09:54:00,63.27,1.807,5.727,0
2026-03-02 09:55:00,63.14,2.179,5.805,0
2026-03-02 09:56:00,62.98,2.083,5.954,0
2026-03-02 09:57:00,63.55,2.149,5.9,0
2026-03-02 09:58:00,64.4,2.315,5.803,0
2026-03-02 09:59:00,64.09,2.133,5.772,0
2026-03-02 10:00:00,64.67,2.179,5.981,0
2026-03-02 10:01:00,64.59,2.127,5.819,0
2026-03-02 10:02:00,64.47,2.189,6.015,0
2026-03-02 10:03:00,63.78,2.36,5.894,0
2026-03-02 10:04:00,64.44,2.236,5.824,0
2026-03-02 10:05:00,64.91,2.168,5.811,0
2026-03-02 10:06:00,64.75,2.442,6.047,0
2026-03-02 10:07:00,65.97,2.162,5.943,0
2026-03-02 10:08:00,66.3,2.458,5.928,0
2026-03-02 10:09:00,66.43,2.292,5.91,0
2026-03-02 10:10:00,67.08,2.451,5.907,0
2026-03-02 10:11:00,67.21,2.116,5.689,0
2026-03-02 10:12:00,66.79,2.032,5.803,0
2026-03-02 10:13:00,66.55,2.246,5.85,0
2026-03-02 10:14:00,66.65,2.311,5.841,0
2026-03-02 10:15:00,65.96,2.306,5.911,0
2026-03-02 10:16:00,65.3,2.196,5.762,0
2026-03-02 10:17:00,65.2,2.128,5.769,0
2026-03-02 10:18:00,65.25,2.046,5.747,0
2026-03-02 10:19:00,65.63,2.267,5.806,0
2026-03-02 10:20:00,65.22,2.2,5.715,0
2026-03-02 10:21:00,64.89,2.286,5.77,0
2026-03-02 10:22:00,64.58,2.426,5.742,0
2026-03-02 10:23:00,64.11,2.068,5.766,0
2026-03-02 10:24:00,64.79,2.263,5.79,0
2026-03-02 10:25:00,64.71,2.098,5.885,0
2026-03-02 10:26:00,65.43,2.413,6.01,0
2026-03-02 10:27:00,65.81,2.299,5.906,0
2026-03-02 10:28:00,65.24,2.259,5.977,0
2026-03-02 10:29:00,66.13,2.135,5.933,0
2026-03-02 10:30:00,66.27,2.615,5.938,0
2026-03-02 10:31:00,66.45,2.211,5.925,0
2026-03-02 10:32:00,66.34,2.371,6.039,0
2026-03-02 10:33:00,66.42,2.06,5.913,0
2026-03-02 10:34:00,66.49,2.192,5.881,0
2026-03-02 10:35:00,67.11,2.004,5.896,0
2026-03-02 10:36:00,67.14,2.316,5.856,0
2026-03-02 10:37:00,66.84,2.225,5.915,0
2026-03-02 10:38:00,67.27,2.555,5.826,0
2026-03-02 10:39:00,66.85,1.917,5.743,0
2026-03-02 10:40:00,67.1,2.221,5.785,0
2026-03-02 10:41:00,67.0,2.179,5.852,0
2026-03-02 10:42:00,67.03,2.227,5.911,0
2026-03-02 10:43:00,66.05,2.332,5.791,0
2026-03-02 10:44:00,66.27,2.365,5.768,0
2026-03-02 10:45:00,65.82,2.277,5.802,0
2026-03-02 10:46:00,66.48,2.021,5.901,0
2026-03-02 10:47:00,66.64,2.614,5.896,0
2026-03-02 10:48:00,66.31,2.033,5.658,0
2026-03-02 10:49:00,65.81,2.256,5.835,0
2026-03-02 10:50:00,66.09,2.142,5.681,0
2026-03-02 10:51:00,65.55,2.041,5.723,0
2026-03-02 10:52:00,65.56,2.089,5.769,0
2026-03-02 10:53:00,65.63,2.224,5.77,0
2026-03-02 10:54:00,66.1,2.116,5.681,0
2026-03-02 10:55:00,66.26,2.019,5.81,0
2026-03-02 10:56:00,64.82,2.074,5.666,0
2026-03-02 10:57:00,65.1,2.34,5.748,0
2026-03-02 10:58:00,65.37,2.24,5.575,0
2026-03-02 10:59:00,64.74,2.221,5.832,0
2026-03-02 11:00:00,65.32,2.114,5.915,0
2026-03-02 11:01:00,64.71,2.386,5.666,0
2026-03-02 11:02:00,65.39,2.071,5.696,0
2026-03-02 11:03:00,64.85,2.369,5.732,0
2026-03-02 11:04:00,64.73,2.033,5.809,0
2026-03-02 11:05:00,65.29,2.312,5.784,0
2026-03-02 11:06:00,64.41,1.97,5.674,0
2026-03-02 11:07:00,64.77,2.149,5.961,0
2026-03-02 11:08:00,65.04,2.087,5.961,0
2026-03-02 11:09:00,64.61,2.294,5.875,0
2026-03-02 11:10:00,65.14,1.85,5.702,0
2026-03-02 11:11:00,65.34,2.205,5.887,0
2026-03-02 11:12:00,65.04,2.117,5.798,0
2026-03-02 11:13:00,65.48,2.003,5.707,0
2026-03-02 11:14:00,65.49,2.194,5.722,0
2026-03-02 11:15:00,65.62,2.242,5.869,0
2026-03-02 11:16:00,65.47,2.104,5.769,0
2026-03-02 11:17:00,65.26,2.045,5.796,0
2026-03-02 11:18:00,66.1,2.104,5.711,0
2026-03-02 11:19:00,65.68,2.509,5.822,0
2026-03-02 11:20:00,66.57,2.086,5.992,0
2026-03-02 11:21:00,65.94,2.574,6.086,0
2026-03-02 11:22:00,66.06,2.539,5.95,0
2026-03-02 11:23:00,66.51,2.511,5.941,0
2026-03-02 11:24:00,66.69,2.375,6.135,0
2026-03-02 11:25:00,67.01,2.361,5.878,0
2026-03-02 11:26:00,66.04,2.367,6.128,0
2026-03-02 11:27:00,66.55,2.709,5.884,0
2026-03-02 11:28:00,66.59,2.378,5.808,0
2026-03-02 11:29:00,67.43,2.191,5.981,0
2026-03-02 11:30:00,67.4,2.488,6.057,0
2026-03-02 11:31:00,67.62,2.573,5.994,0
2026-03-02 11:32:00,67.18,2.891,6.154,0
2026-03-02 11:33:00,67.0,2.483,5.901,0
2026-03-02 11:34:00,67.17,2.404,5.936,0
2026-03-02 11:35:00,67.35,2.102,5.886,0
2026-03-02 11:36:00,66.4,2.428,5.947,0
2026-03-02 11:37:00,67.06,2.195,5.919,0
2026-03-02 11:38:00,67.03,2.218,5.959,0
2026-03-02 11:39:00,66.66,2.509,6.096,0
2026-03-02 11:40:00,66.38,2.064,5.974,0
2026-03-02 11:41:00,66.97,2.172,6.058,0
2026-03-02 11:42:00,66.61,2.33,5.91,0
2026-03-02 11:43:00,66.46,2.368,5.979,0
2026-03-02 11:44:00,67.37,2.297,5.942,0
2026-03-02 11:45:00,67.08,2.239,5.987,0
2026-03-02 11:46:00,67.25,2.316,5.977,0
2026-03-02 11:47:00,66.09,2.539,6.062,0
2026-03-02 11:48:00,66.04,2.199,5.789,0
2026-03-02 11:49:00,66.42,2.571,6.092,0
2026-03-02 11:50:00,66.52,2.411,5.872,0
2026-03-02 11:51:00,66.26,2.339,5.973,0
2026-03-02 11:52:00,67.05,2.265,5.825,0
2026-03-02 11:53:00,67.12,2.45,6.047,0
2026-03-02 11:54:00,67.33,2.378,5.973,0
2026-03-02 11:55:00,67.48,2.31,5.949,0
2026-03-02 11:56:00,67.6,2.442,5.861,0
2026-03-02 11:57:00,67.38,2.289,5.943,0
2026-03-02 11:58:00,67.68,2.196,5.828,0
2026-03-02 11:59:00,68.06,2.347,5.961,0
2026-03-02 12:00:00,68.44,2.49,5.892,0
2026-03-02 12:01:00,67.54,2.202,6.05,0
2026-03-02 12:02:00,67.26,2.288,6.024,0
2026-03-02 12:03:00,68.21,2.364,6.094,0
2026-03-02 12:04:00,68.18,2.49,6.056,0
2026-03-02 12:05:00,68.33,2.52,5.996,0
2026-03-02 12:06:00,68.34,2.483,5.976,0
2026-03-02 12:07:00,67.56,2.191,5.975,0
2026-03-02 12:08:00,67.66,2.255,6.105,0
2026-03-02 12:09:00,67.51,2.143,5.985,0
2026-03-02 12:10:00,67.65,2.254,5.891,0
2026-03-02 12:11:00,67.99,2.584,6.069,0
2026-03-02 12:12:00,67.84,2.163,5.872,0
2026-03-02 12:13:00,68.23,2.563,6.032,0
2026-03-02 12:14:00,68.21,2.256,6.108,1
2026-03-02 12:15:00,67.61,2.407,5.876,0
2026-03-02 12:16:00,68.43,2.335,5.938,0
2026-03-02 12:17:00,68.13,2.241,5.977,0
2026-03-02 12:18:00,68.04,2.384,6.051,0
2026-03-02 12:19:00,68.58,2.332,5.995,0
2026-03-02 12:20:00,68.03,2.436,5.86,0
2026-03-02 12:21:00,68.57,2.232,5.948,0
2026-03-02 12:22:00,69.36,2.325,5.945,0
2026-03-02 12:23:00,69.6,2.186,5.922,0
2026-03-02 12:24:00,69.14,2.2,5.846,0
2026-03-02 12:25:00,68.26,2.767,5.856,0
2026-03-02 12:26:00,68.94,2.325,5.951,0
2026-03-02 12:27:00,69.01,2.111,5.904,0
2026-03-02 12:28:00,68.52,2.317,5.964,0
2026-03-02 12:29:00,68.11,2.302,5.806,0
2026-03-02 12:30:00,69.37,2.41,5.825,0
2026-03-02 12:31:00,68.19,2.6,5.778,0
2026-03-02 12:32:00,68.25,2.188,5.945,0
2026-03-02 12:33:00,68.17,2.22,5.972,0
2026-03-02 12:34:00,67.52,2.156,5.832,0
2026-03-02 12:35:00,68.38,2.277,5.886,0
2026-03-02 12:36:00,67.73,2.049,5.951,0
2026-03-02 12:37:00,67.21,2.12,5.852,0
2026-03-02 12:38:00,67.26,2.353,5.831,0
2026-03-02 12:39:00,66.86,2.229,5.941,0
2026-03-02 12:40:00,67.55,2.211,5.85,0
2026-03-02 12:41:00,66.52,2.329,5.861,0
2026-03-02 12:42:00,66.52,2.238,5.76,0
2026-03-02 12:43:00,65.99,2.194,5.847,0
2026-03-02 12:44:00,65.32,2.035,5.773,0
2026-03-02 12:45:00,64.79,2.001,5.821,0
2026-03-02 12:46:00,64.3,2.15,5.853,0
2026-03-02 12:47:00,64.96,2.003,5.868,0
2026-03-02 12:48:00,64.32,2.189,5.7,0
2026-03-02 12:49:00,64.27,2.032,5.84,0
2026-03-02 12:50:00,63.29,2.006,5.797,0
2026-03-02 12:51:00,64.95,2.413,5.633,0
2026-03-02 12:52:00,64.49,2.015,5.712,0
2026-03-02 12:53:00,64.74,2.153,5.95,0
2026-03-02 12:54:00,65.57,2.289,5.953,0
2026-03-02 12:55:00,65.82,1.982,5.979,0
2026-03-02 12:56:00,65.99,2.353,6.102,0
2026-03-02 12:57:00,65.65,2.078,5.895,0
2026-03-02 12:58:00,65.9,2.369,5.98,0
2026-03-02 12:59:00,66.27,2.244,5.92,0
2026-03-02 13:00:00,66.13,2.333,6.115,0
2026-03-02 13:01:00,66.9,2.535,5.871,0
2026-03-02 13:02:00,67.49,2.348,5.911,0
2026-03-02 13:03:00,66.39,2.315,6.068,0
2026-03-02 13:04:00,66.31,2.224,5.999,0
2026-03-02 13:05:00,66.42,2.469,6.021,0
2026-03-02 13:06:00,66.97,2.531,5.958,0
2026-03-02 13:07:00,66.8,2.591,6.047,0
2026-03-02 13:08:00,67.03,2.304,5.934,0
2026-03-02 13:09:00,67.3,2.176,6.145,0
2026-03-02 13:10:00,67.01,2.513,6.103,0
2026-03-02 13:11:00,67.86,2.297,6.132,0
2026-03-02 13:12:00,68.21,2.552,6.199,0
2026-03-02 13:13:00,68.23,2.439,6.154,0
2026-03-02 13:14:00,67.85,2.504,6.185,0
2026-03-02 13:15:00,67.49,2.241,6.073,0
2026-03-02 13:16:00,66.72,2.575,5.994,0
2026-03-02 13:17:00,66.5,2.132,6.028,0
2026-03-02 13:18:00,66.88,2.27,5.906,0
2026-03-02 13:19:00,66.43,2.409,5.986,0
2026-03-02 13:20:00,67.39,2.195,5.902,0
2026-03-02 13:21:00,65.79,2.204,5.922,0
2026-03-02 13:22:00,66.57,2.181,5.881,0
2026-03-02 13:23:00,66.5,2.506,6.003,0
2026-03-02 13:24:00,66.74,2.439,5.985,0
2026-03-02 13:25:00,66.95,2.541,6.028,0
2026-03-02 13:26:00,67.27,2.392,6.058,0
2026-03-02 13:27:00,67.75,2.307,6.085,0
2026-03-02 13:28:00,67.97,2.766,5.999,0
2026-03-02 13:29:00,68.66,2.154,6.087,0
2026-03-02 13:30:00,68.66,2.547,6.171,0
2026-03-02 13:31:00,68.58,2.55,6.016,0
2026-03-02 13:32:00,68.47,2.363,6.04,0
2026-03-02 13:33:00,68.34,2.198,6.11,0
2026-03-02 13:34:00,67.64,2.27,5.988,0
2026-03-02 13:35:00,67.4,2.679,6.114,0
2026-03-02 13:36:00,67.33,2.079,6.037,0
2026-03-02 13:37:00,68.12,2.192,6.023,0
2026-03-02 13:38:00,67.92,2.673,5.993,0
2026-03-02 13:39:00,68.1,2.425,6.008,0
2026-03-02 13:40:00,67.72,2.52,6.036,0
2026-03-02 13:41:00,68.36,2.438,5.992,0
2026-03-02 13:42:00,67.53,2.611,5.924,0
2026-03-02 13:43:00,67.73,2.639,6.101,0
2026-03-02 13:44:00,67.68,2.353,6.1,0
2026-03-02 13:45:00,67.59,2.101,5.867,0
2026-03-02 13:46:00,67.85,2.716,6.121,0
2026-03-02 13:47:00,68.24,2.548,5.923,0
2026-03-02 13:48:00,68.26,2.412,6.037,0
2026-03-02 13:49:00,68.03,2.68,6.006,0
2026-03-02 13:50:00,67.83,2.278,6.081,0
2026-03-02 13:51:00,67.67,2.727,5.955,0
2026-03-02 13:52:00,66.99,2.372,5.909,0
2026-03-02 13:53:00,67.45,2.576,6.145,0
2026-03-02 13:54:00,68.37,2.751,6.18,0
2026-03-02 13:55:00,67.19,2.406,5.928,0
2026-03-02 13:56:00,67.73,2.495,6.103,0
2026-03-02 13:57:00,67.61,2.235,6.049,0
2026-03-02 13:58:00,67.89,2.553,6.125,0
2026-03-02 13:59:00,68.6,2.482,6.189,0
2026-03-02 14:00:00,67.77,2.361,6.073,0
2026-03-02 14:01:00,68.51,2.368,6.105,0
2026-03-02 14:02:00,67.94,2.493,5.923,0
2026-03-02 14:03:00,67.21,2.374,6.101,0
2026-03-02 14:04:00,68.21,2.646,6.016,0
2026-03-02 14:05:00,68.84,2.415,6.122,0
2026-03-02 14:06:00,69.33,2.422,6.082,0
2026-03-02 14:07:00,69.64,2.356,5.912,0
2026-03-02 14:08:00,68.93,2.356,6.124,0
2026-03-02 14:09:00,69.32,2.657,6.074,0
2026-03-02 14:10:00,68.75,2.962,6.038,0
2026-03-02 14:11:00,69.05,2.547,6.074,0
2026-03-02 14:12:00,68.99,2.088,5.906,0
2026-03-02 14:13:00,68.94,2.884,6.142,0
2026-03-02 14:14:00,69.72,2.645,6.079,0
2026-03-02 14:15:00,69.08,2.31,6.136,0
2026-03-02 14:16:00,69.04,2.408,6.106,0
2026-03-02 14:17:00,68.76,2.422,6.183,0
2026-03-02 14:18:00,68.96,2.553,6.061,0
2026-03-02 14:19:00,69.08,2.301,6.074,0
2026-03-02 14:20:00,69.72,2.77,6.083,0
2026-03-02 14:21:00,69.57,2.335,6.205,0
2026-03-02 14:22:00,69.76,2.596,6.21,0
2026-03-02 14:23:00,69.57,2.572,6.233,0
2026-03-02 14:24:00,69.99,2.522,6.249,0
2026-03-02 14:25:00,69.02,2.602,6.14,0
2026-03-02 14:26:00,68.32,2.367,6.03,0
2026-03-02 14:27:00,68.61,2.551,6.157,0
2026-03-02 14:28:00,69.11,2.752,6.344,0
2026-03-02 14:29:00,69.49,2.165,6.031,0
2026-03-02 14:30:00,68.95,2.578,6.229,0
2026-03-02 14:31:00,69.42,2.4,6.273,0
2026-03-02 14:32:00,70.24,2.488,6.181,0
2026-03-02 14:33:00,69.49,2.557,6.216,0
2026-03-02 14:34:00,69.44,2.795,6.145,0
2026-03-02 14:35:00,69.28,2.331,6.197,0
2026-03-02 14:36:00,68.87,2.285,6.152,0
2026-03-02 14:37:00,68.88,2.577,6.078,1
2026-03-02 14:38:00,68.2,2.523,6.092,0
2026-03-02 14:39:00,68.8,2.572,6.04,0
2026-03-02 14:40:00,69.01,2.309,6.086,0
2026-03-02 14:41:00,67.76,2.508,6.192,0
2026-03-02 14:42:00,69.12,2.468,6.052,0
2026-03-02 14:43:00,68.83,2.927,6.037,0
2026-03-02 14:44:00,68.73,2.169,6.087,0
2026-03-02 14:45:00,69.67,2.569,6.106,0
2026-03-02 14:46:00,69.54,2.777,6.166,0
2026-03-02 14:47:00,69.27,2.508,6.119,0
2026-03-02 14:48:00,69.36,2.779,6.174,0
2026-03-02 14:49:00,69.46,2.542,6.062,0
2026-03-02 14:50:00,69.32,2.601,6.257,0
2026-03-02 14:51:00,69.28,2.383,5.969,0
2026-03-02 14:52:00,68.79,2.516,6.087,0
2026-03-02 14:53:00,69.42,2.246,6.194,0
2026-03-02 14:54:00,68.98,2.667,6.166,0
2026-03-02 14:55:00,69.49,2.35,6.051,0
2026-03-02 14:56:00,69.03,2.545,6.083,0
2026-03-02 14:57:00,69.12,2.443,6.097,0
2026-03-02 14:58:00,69.16,2.838,6.169,0
2026-03-02 14:59:00,68.88,2.539,6.202,0
2026-03-02 15:00:00,68.81,2.416,5.87,0
2026-03-02 15:01:00,68.77,2.535,6.231,0
2026-03-02 15:02:00,68.48,2.668,6.073,0
2026-03-02 15:03:00,68.56,2.491,6.059,0
2026-03-02 15:04:00,68.25,2.617,6.049,0
2026-03-02 15:05:00,68.25,2.361,6.007,0
2026-03-02 15:06:00,68.92,2.567,5.953,0
2026-03-02 15:07:00,69.11,2.703,6.108,0
2026-03-02 15:08:00,69.82,2.876,5.971,0
2026-03-02 15:09:00,70.0,2.537,6.026,0
2026-03-02 15:10:00,70.94,2.636,6.056,0
2026-03-02 15:11:00,70.8,2.907,6.075,0
2026-03-02 15:12:00,70.73,2.852,6.251,0
2026-03-02 15:13:00,70.67,2.631,6.142,0
2026-03-02 15:14:00,70.82,2.578,6.314,0
2026-03-02 15:15:00,71.86,2.866,6.234,0
2026-03-02 15:16:00,71.77,2.542,6.112,0
2026-03-02 15:17:00,70.62,2.719,6.124,0
2026-03-02 15:18:00,70.26,2.246,6.063,0
2026-03-02 15:19:00,70.86,2.355,6.118,0
2026-03-02 15:20:00,69.61,2.501,6.216,0
2026-03-02 15:21:00,69.62,2.624,6.101,0
2026-03-02 15:22:00,68.95,2.687,6.26,0
2026-03-02 15:23:00,69.49,2.888,6.158,0
2026-03-02 15:24:00,69.92,2.691,6.186,0
2026-03-02 15:25:00,69.34,2.424,6.189,0
2026-03-02 15:26:00,69.61,2.265,6.029,0
2026-03-02 15:27:00,69.52,2.32,6.086,0
2026-03-02 15:28:00,69.54,2.752,6.145,0
2026-03-02 15:29:00,69.97,2.646,6.104,0
2026-03-02 15:30:00,70.45,2.722,6.166,0
2026-03-02 15:31:00,69.87,2.364,6.137,0
2026-03-02 15:32:00,69.53,2.472,6.074,0
2026-03-02 15:33:00,69.26,2.417,6.036,0
2026-03-02 15:34:00,69.11,2.438,6.037,0
2026-03-02 15:35:00,68.78,2.419,6.053,0
2026-03-02 15:36:00,69.07,2.131,6.062,0
2026-03-02 15:37:00,68.98,2.711,6.218,0
2026-03-02 15:38:00,68.59,2.665,6.143,0
2026-03-02 15:39:00,68.85,2.444,6.137,0
2026-03-02 15:40:00,69.03,2.276,6.044,0
2026-03-02 15:41:00,68.81,2.53,6.0,0
2026-03-02 15:42:00,69.73,2.527,6.185,0
2026-03-02 15:43:00,68.92,2.679,6.144,0
2026-03-02 15:44:00,69.1,2.725,6.385,0
2026-03-02 15:45:00,68.68,2.574,6.098,0
2026-03-02 15:46:00,69.23,2.632,6.073,0
2026-03-02 15:47:00,68.91,2.651,6.16,0
2026-03-02 15:48:00,69.62,2.912,6.063,0
2026-03-02 15:49:00,69.33,2.578,6.128,0
2026-03-02 15:50:00,68.75,2.311,6.092,0
2026-03-02 15:51:00,68.46,2.58,6.111,0
2026-03-02 15:52:00,67.71,2.537,6.047,0
2026-03-02 15:53:00,67.14,2.147,6.011,0
2026-03-02 15:54:00,67.15,2.121,6.189,0
2026-03-02 15:55:00,67.47,2.374,6.128,0
2026-03-02 15:56:00,67.39,2.819,6.126,0
2026-03-02 15:57:00,68.09,2.489,6.125,0
2026-03-02 15:58:00,68.42,2.107,6.187,0
2026-03-02 15:59:00,67.45,2.506,6.143,0
2026-03-02 16:00:00,67.5,2.33,6.159,0
2026-03-02 16:01:00,67.98,2.771,6.271,0
2026-03-02 16:02:00,67.46,2.565,5.996,0
2026-03-02 16:03:00,67.18,2.691,6.167,0
2026-03-02 16:04:00,67.68,2.535,6.095,0
2026-03-02 16:05:00,67.7,2.502,6.02,0
2026-03-02 16:06:00,67.75,2.702,6.028,0
2026-03-02 16:07:00,67.5,2.425,6.08,0
2026-03-02 16:08:00,67.99,2.425,6.148,0
2026-03-02 16:09:00,67.93,2.596,6.121,0
2026-03-02 16:10:00,67.46,2.349,6.115,0
2026-03-02 16:11:00,67.83,2.411,6.28,0
2026-03-02 16:12:00,68.17,2.24,6.036,0
2026-03-02 16:13:00,67.5,2.818,6.078,0
2026-03-02 16:14:00,67.92,2.021,6.028,0
2026-03-02 16:15:00,67.98,2.297,6.072,0
2026-03-02 16:16:00,68.17,2.473,6.073,0
2026-03-02 16:17:00,68.13,2.442,6.044,0
2026-03-02 16:18:00,68.14,2.405,6.203,0
2026-03-02 16:19:00,68.59,2.891,6.169,0
2026-03-02 16:20:00,68.38,2.739,6.085,0
2026-03-02 16:21:00,68.98,2.355,6.168,0
2026-03-02 16:22:00,68.48,2.248,6.124,0
2026-03-02 16:23:00,68.65,2.753,6.259,0
2026-03-02 16:24:00,69.06,2.193,6.19,0
2026-03-02 16:25:00,68.95,2.847,6.182,0
2026-03-02 16:26:00,69.51,2.554,6.138,0
2026-03-02 16:27:00,69.6,2.875,6.159,0
2026-03-02 16:28:00,70.69,2.455,6.098,0
2026-03-02 16:29:00,70.69,2.518,6.178,0
2026-03-02 16:30:00,70.97,2.63,6.202,0
2026-03-02 16:31:00,70.64,2.616,6.222,0
2026-03-02 16:32:00,71.46,2.887,6.192,0
2026-03-02 16:33:00,71.15,2.915,6.216,0
2026-03-02 16:34:00,70.64,2.714,6.315,0
2026-03-02 16:35:00,71.04,3.006,6.247,0
2026-03-02 16:36:00,70.9,2.843,6.381,0
2026-03-02 16:37:00,71.42,2.457,6.15,0
2026-03-02 16:38:00,71.22,2.689,6.331,0
2026-03-02 16:39:00,70.73,2.625,6.218,0
2026-03-02 16:40:00,70.65,3.063,6.131,0
2026-03-02 16:41:00,70.84,2.918,6.273,0
2026-03-02 16:42:00,71.73,2.654,6.154,0
2026-03-02 16:43:00,71.28,3.031,6.39,0
2026-03-02 16:44:00,71.48,2.748,6.226,0
2026-03-02 16:45:00,70.63,2.775,6.166,0
2026-03-02 16:46:00,71.15,2.479,6.314,0
2026-03-02 16:47:00,71.4,2.399,6.433,0
2026-03-02 16:48:00,71.24,2.637,6.297,0
2026-03-02 16:49:00,71.61,2.724,6.304,0
2026-03-02 16:50:00,72.0,2.428,6.27,0
2026-03-02 16:51:00,72.17,2.573,6.303,0
2026-03-02 16:52:00,71.41,2.73,6.142,0
2026-03-02 16:53:00,71.88,2.899,6.279,0
2026-03-02 16:54:00,72.77,2.82,6.22,0
2026-03-02 16:55:00,72.59,3.205,6.463,1
2026-03-02 16:56:00,72.64,2.929,6.324,0
2026-03-02 16:57:00,72.76,2.945,6.26,0
2026-03-02 16:58:00,72.59,2.745,6.276,1
2026-03-02 16:59:00,72.29,2.62,6.377,0
2026-03-02 17:00:00,73.05,2.75,6.193,0
2026-03-02 17:01:00,72.62,3.034,6.354,0
2026-03-02 17:02:00,72.82,3.247,6.339,0
2026-03-02 17:03:00,72.32,2.847,5.977,0
2026-03-02 17:04:00,72.32,2.487,6.287,0
2026-03-02 17:05:00,71.71,2.46,6.087,0
2026-03-02 17:06:00,71.49,2.615,6.119,0
2026-03-02 17:07:00,71.08,2.894,6.081,0
2026-03-02 17:08:00,71.2,2.759,6.173,0
2026-03-02 17:09:00,70.21,2.906,6.238,0
2026-03-02 17:10:00,70.6,2.627,6.064,0
2026-03-02 17:11:00,69.68,2.552,6.233,0
2026-03-02 17:12:00,69.27,2.767,6.162,0
2026-03-02 17:13:00,69.27,2.797,6.136,0
2026-03-02 17:14:00,69.25,2.69,6.24,0
2026-03-02 17:15:00,68.93,2.558,6.139,0
2026-03-02 17:16:00,68.96,2.366,6.142,0
2026-03-02 17:17:00,68.9,2.88,6.045,0
2026-03-02 17:18:00,69.35,2.822,5.927,0
2026-03-02 17:19:00,69.35,2.714,6.05,0
2026-03-02 17:20:00,70.05,2.475,6.129,0
2026-03-02 17:21:00,69.94,2.621,6.236,0
2026-03-02 17:22:00,70.24,2.913,6.149,0
2026-03-02 17:23:00,70.35,2.738,6.137,0
2026-03-02 17:24:00,69.56,2.72,6.287,0
2026-03-02 17:25:00,69.59,2.51,6.196,0
2026-03-02 17:26:00,70.02,2.545,6.12,0
2026-03-02 17:27:00,70.05,2.61,6.224,0
2026-03-02 17:28:00,70.17,2.785,6.259,0
2026-03-02 17:29:00,70.9,2.965,6.386,0
2026-03-02 17:30:00,69.84,3.031,6.179,0
2026-03-02 17:31:00,69.96,2.726,6.283,0
2026-03-02 17:32:00,70.21,2.712,6.327,0
2026-03-02 17:33:00,70.46,2.772,6.273,0
2026-03-02 17:34:00,70.63,2.374,6.283,0
2026-03-02 17:35:00,70.98,2.845,6.286,0
2026-03-02 17:36:00,71.34,2.98,6.193,0
2026-03-02 17:37:00,71.37,2.943,6.433,0
2026-03-02 17:38:00,72.2,2.617,6.26,0
2026-03-02 17:39:00,72.06,2.993,6.276,0
2026-03-02 17:40:00,72.19,2.986,6.446,0
2026-03-02 17:41:00,72.58,2.787,6.311,0
2026-03-02 17:42:00,72.0,2.825,6.136,0
2026-03-02 17:43:00,72.31,2.869,6.266,0
2026-03-02 17:44:00,72.87,2.834,6.248,0
2026-03-02 17:45:00,72.67,2.515,6.197,0
2026-03-02 17:46:00,72.73,2.539,6.291,0
2026-03-02 17:47:00,71.61,2.989,6.323,0
2026-03-02 17:48:00,72.56,2.676,6.291,0
2026-03-02 17:49:00,72.86,3.013,6.258,0
2026-03-02 17:50:00,72.45,2.665,6.217,0
2026-03-02 17:51:00,72.85,2.639,6.316,0
2026-03-02 17:52:00,72.72,3.187,6.345,0
2026-03-02 17:53:00,73.02,2.588,6.411,0
2026-03-02 17:54:00,73.0,3.328,6.337,0
2026-03-02 17:55:00,73.3,2.955,6.406,0
2026-03-02 17:56:00,72.91,3.202,6.362,0
2026-03-02 17:57:00,73.39,2.492,6.425,0
2026-03-02 17:58:00,73.67,3.007,6.42,0
2026-03-02 17:59:00,73.86,2.836,6.478,0
2026-03-02 18:00:00,74.03,2.869,6.391,0
2026-03-02 18:01:00,73.35,2.889,6.339,0
2026-03-02 18:02:00,73.11,2.901,6.296,0
2026-03-02 18:03:00,73.72,3.055,6.414,0
2026-03-02 18:04:00,72.91,3.133,6.633,0
2026-03-02 18:05:00,72.48,3.14,6.492,0
2026-03-02 18:06:00,73.02,2.523,6.28,0
2026-03-02 18:07:00,72.81,2.95,6.399,0
2026-03-02 18:08:00,73.18,2.695,6.287,0
2026-03-02 18:09:00,72.75,3.284,6.291,0
2026-03-02 18:10:00,72.43,2.952,6.324,0
2026-03-02 18:11:00,72.51,2.844,6.368,0
2026-03-02 18:12:00,73.58,3.263,6.355,0
2026-03-02 18:13:00,73.22,2.765,6.233,0
2026-03-02 18:14:00,73.22,3.202,6.312,0
2026-03-02 18:15:00,73.3,2.882,6.358,0
2026-03-02 18:16:00,72.89,3.093,6.626,0
2026-03-02 18:17:00,73.73,3.17,6.322,0
2026-03-02 18:18:00,73.23,3.264,6.302,0
2026-03-02 18:19:00,72.73,2.571,6.501,0
2026-03-02 18:20:00,72.74,2.896,6.265,0
2026-03-02 18:21:00,73.04,2.778,6.371,0
2026-03-02 18:22:00,72.62,3.256,6.404,0
2026-03-02 18:23:00,71.65,3.077,6.315,0
2026-03-02 18:24:00,72.1,3.117,6.484,0
2026-03-02 18:25:00,72.53,3.11,6.393,1
2026-03-02 18:26:00,73.23,2.74,6.417,0
2026-03-02 18:27:00,73.22,3.158,6.489,0
2026-03-02 18:28:00,72.73,3.178,6.454,0
2026-03-02 18:29:00,73.08,3.218,6.389,0
2026-03-02 18:30:00,73.42,3.143,6.413,0
2026-03-02 18:31:00,73.47,2.999,6.542,0
2026-03-02 18:32:00,73.58,2.986,6.334,0
2026-03-02 18:33:00,73.62,3.587,6.448,0
2026-03-02 18:34:00,74.04,3.329,6.514,0
2026-03-02 18:35:00,73.73,2.965,6.513,0
2026-03-02 18:36:00,74.63,2.976,6.451,0
2026-03-02 18:37:00,73.75,3.094,6.381,0
2026-03-02 18:38:00,73.67,2.815,6.436,0
2026-03-02 18:39:00,72.71,2.879,6.351,0
2026-03-02 18:40:00,73.92,3.064,6.419,0
2026-03-02 18:41:00,72.96,3.377,6.356,0
2026-03-02 18:42:00,73.25,2.862,6.358,0
2026-03-02 18:43:00,73.27,2.962,6.333,0
2026-03-02 18:44:00,72.69,2.655,6.432,0
2026-03-02 18:45:00,73.35,3.009,6.534,0
2026-03-02 18:46:00,73.88,2.965,6.619,0
2026-03-02 18:47:00,74.34,3.09,6.441,0
2026-03-02 18:48:00,73.89,3.099,6.506,0
2026-03-02 18:49:00,73.93,3.01,6.272,1
2026-03-02 18:50:00,73.94,2.827,6.272,0
2026-03-02 18:51:00,72.84,2.721,6.269,0
2026-03-02 18:52:00,73.99,3.06,6.375,0
2026-03-02 18:53:00,74.18,3.117,6.362,0
2026-03-02 18:54:00,73.94,3.048,6.375,0
2026-03-02 18:55:00,73.78,2.496,6.287,0
2026-03-02 18:56:00,73.21,2.661,6.314,0
2026-03-02 18:57:00,73.01,3.087,6.295,1
2026-03-02 18:58:00,71.61,3.077,6.368,0
2026-03-02 18:59:00,72.91,2.553,6.263,0
2026-03-02 19:00:00,72.46,2.722,6.211,0
2026-03-02 19:01:00,71.93,3.125,6.198,0
2026-03-02 19:02:00,71.91,3.228,6.397,0
2026-03-02 19:03:00,71.38,2.521,6.263,0
2026-03-02 19:04:00,71.79,3.114,6.127,0
2026-03-02 19:05:00,72.28,3.291,6.353,0
2026-03-02 19:06:00,71.66,2.602,6.376,0
2026-03-02 19:07:00,71.23,2.495,6.229,0
2026-03-02 19:08:00,70.95,2.891,6.288,0
2026-03-02 19:09:00,71.26,2.562,6.219,0
2026-03-02 19:10:00,71.47,2.889,6.393,0
2026-03-02 19:11:00,72.09,2.849,6.261,1
2026-03-02 19:12:00,71.14,2.637,6.384,0
2026-03-02 19:13:00,70.84,2.569,6.338,0
2026-03-02 19:14:00,71.04,3.113,6.246,0
2026-03-02 19:15:00,71.5,2.531,6.315,0
2026-03-02 19:16:00,71.88,2.818,6.411,0
2026-03-02 19:17:00,71.53,2.828,6.255,0
2026-03-02 19:18:00,70.88,2.588,6.214,0
2026-03-02 19:19:00,70.84,2.261,6.188,0
2026-03-02 19:20:00,70.86,2.792,6.199,0
2026-03-02 19:21:00,71.01,2.707,6.244,0
2026-03-02 19:22:00,70.27,2.602,6.363,0
2026-03-02 19:23:00,71.29,2.83,6.402,0
2026-03-02 19:24:00,70.66,2.614,6.212,0
2026-03-02 19:25:00,71.21,2.897,6.298,0
2026-03-02 19:26:00,70.75,2.568,6.252,0
2026-03-02 19:27:00,70.47,2.561,6.094,0
2026-03-02 19:28:00,70.77,2.567,6.089,0
2026-03-02 19:29:00,70.95,2.261,6.02,0
2026-03-02 19:30:00,70.5,2.304,6.005,0
2026-03-02 19:31:00,69.38,2.303,6.048,0
2026-03-02 19:32:00,69.65,2.751,6.011,0
2026-03-02 19:33:00,71.08,2.336,6.103,0
2026-03-02 19:34:00,69.56,2.768,6.15,0
2026-03-02 19:35:00,69.97,2.666,6.167,0
2026-03-02 19:36:00,70.98,2.236,6.051,0
2026-03-02 19:37:00,70.41,2.876,6.209,0
2026-03-02 19:38:00,71.29,2.708,6.008,0
2026-03-02 19:39:00,71.53,2.653,6.026,0
2026-03-02 19:40:00,71.06,2.929,6.106,0
2026-03-02 19:41:00,71.29,2.52,6.06,0
2026-03-02 19:42:00,71.05,2.838,6.097,0
2026-03-02 19:43:00,70.29,2.182,6.061,0
2026-03-02 19:44:00,70.83,2.282,5.981,0
2026-03-02 19:45:00,70.11,3.13,6.01,0
2026-03-02 19:46:00,70.03,2.687,6.157,0
2026-03-02 19:47:00,70.15,2.612,5.987,0
2026-03-02 19:48:00,69.7,2.213,6.193,0
2026-03-02 19:49:00,69.57,2.869,6.12,0
2026-03-02 19:50:00,69.75,2.511,6.09,0
2026-03-02 19:51:00,68.9,2.445,6.098,0
2026-03-02 19:52:00,69.12,2.489,6.029,0
2026-03-02 19:53:00,68.24,2.702,5.992,0
2026-03-02 19:54:00,68.45,2.435,5.911,0
2026-03-02 19:55:00,68.46,2.7,5.976,0
2026-03-02 19:56:00,68.34,2.742,6.165,0
2026-03-02 19:57:00,68.33,2.266,6.103,0
2026-03-02 19:58:00,68.76,2.268,5.881,0
2026-03-02 19:59:00,68.47,2.39,6.0,0
2026-03-02 20:00:00,69.18,2.21,5.903,0
2026-03-02 20:01:00,69.08,2.487,6.085,0
2026-03-02 20:02:00,68.17,2.499,5.982,0
2026-03-02 20:03:00,67.76,2.424,6.095,0
2026-03-02 20:04:00,67.68,2.39,5.979,0
2026-03-02 20:05:00,68.24,2.16,5.828,0
2026-03-02 20:06:00,67.36,2.455,6.1,0
2026-03-02 20:07:00,67.53,2.443,5.858,0
2026-03-02 20:08:00,67.25,2.692,5.791,0
2026-03-02 20:09:00,67.3,2.294,5.916,0
2026-03-02 20:10:00,66.91,2.659,5.781,0
2026-03-02 20:11:00,67.2,2.402,6.072,0
2026-03-02 20:12:00,67.34,2.155,6.027,0
2026-03-02 20:13:00,67.36,2.489,6.0,0
2026-03-02 20:14:00,66.63,2.376,5.93,0
2026-03-02 20:15:00,66.46,2.43,5.889,0
2026-03-02 20:16:00,66.82,2.229,6.143,0
2026-03-02 20:17:00,67.11,2.448,5.925,0
2026-03-02 20:18:00,67.37,2.357,6.001,0
2026-03-02 20:19:00,67.9,2.428,5.992,0
2026-03-02 20:20:00,67.1,2.719,5.956,0
2026-03-02 20:21:00,66.85,2.22,6.012,0
2026-03-02 20:22:00,67.9,2.604,6.067,0
2026-03-02 20:23:00,68.18,2.616,6.245,0
2026-03-02 20:24:00,67.99,2.579,6.099,0
2026-03-02 20:25:00,67.61,2.638,6.17,0
2026-03-02 20:26:00,68.2,2.247,6.119,0
2026-03-02 20:27:00,68.43,2.401,6.139,0
2026-03-02 20:28:00,69.15,2.571,6.114,0
2026-03-02 20:29:00,69.32,2.316,5.994,0
2026-03-02 20:30:00,69.86,2.584,6.247,0
2026-03-02 20:31:00,69.58,2.975,6.118,0
2026-03-02 20:32:00,70.06,2.803,6.138,0
2026-03-02 20:33:00,69.77,2.358,6.266,0
2026-03-02 20:34:00,69.97,2.627,6.122,0
2026-03-02 20:35:00,69.43,2.559,6.204,0
2026-03-02 20:36:00,69.51,2.942,6.142,0
2026-03-02 20:37:00,70.45,2.742,6.144,0
2026-03-02 20:38:00,69.44,2.294,6.155,0
2026-03-02 20:39:00,68.94,2.155,6.056,0
2026-03-02 20:40:00,68.56,2.429,6.188,0
2026-03-02 20:41:00,68.75,2.488,6.02,0
2026-03-02 20:42:00,70.01,2.44,5.95,0
2026-03-02 20:43:00,69.63,2.502,6.071,0
2026-03-02 20:44:00,69.66,2.494,6.137,0
2026-03-02 20:45:00,69.51,2.629,5.883,0
2026-03-02 20:46:00,70.36,3.008,6.072,0
2026-03-02 20:47:00,69.55,2.592,6.007,0
2026-03-02 20:48:00,69.61,2.461,6.161,0
2026-03-02 20:49:00,69.68,2.766,5.965,0
2026-03-02 20:50:00,69.37,2.961,6.034,0
2026-03-02 20:51:00,69.28,2.42,6.068,0
2026-03-02 20:52:00,69.27,2.691,5.964,0
2026-03-02 20:53:00,69.7,2.741,6.071,0
2026-03-02 20:54:00,69.24,2.884,6.037,0
2026-03-02 20:55:00,68.55,2.212,6.096,0
2026-03-02 20:56:00,69.02,2.354,6.016,0
2026-03-02 20:57:00,68.65,2.396,6.025,0
2026-03-02 20:58:00,68.33,2.289,6.03,0
2026-03-02 20:59:00,68.75,2.569,6.066,0
2026-03-02 21:00:00,69.19,2.181,6.082,0
2026-03-02 21:01:00,68.94,2.15,6.057,0
2026-03-02 21:02:00,69.34,2.385,5.855,0
2026-03-02 21:03:00,69.28,2.386,6.145,0
2026-03-02 21:04:00,68.86,2.726,5.973,0
2026-03-02 21:05:00,68.6,2.261,6.035,0
2026-03-02 21:06:00,68.03,2.781,5.85,0
2026-03-02 21:07:00,68.71,2.67,6.174,0
2026-03-02 21:08:00,69.72,2.453,6.145,0
2026-03-02 21:09:00,69.21,2.482,6.057,0
2026-03-02 21:10:00,68.82,2.811,6.103,0
2026-03-02 21:11:00,69.13,2.582,6.093,0
2026-03-02 21:12:00,68.55,2.233,6.043,0
2026-03-02 21:13:00,68.41,2.842,6.068,0
2026-03-02 21:14:00,67.99,2.53,6.132,0
2026-03-02 21:15:00,67.77,2.448,6.129,0
2026-03-02 21:16:00,67.65,2.431,5.984,0
2026-03-02 21:17:00,67.36,2.178,6.082,0
2026-03-02 21:18:00,67.38,2.592,6.218,0
2026-03-02 21:19:00,67.03,2.806,5.869,0
2026-03-02 21:20:00,67.41,2.388,6.132,0
2026-03-02 21:21:00,66.65,2.318,6.124,0
2026-03-02 21:22:00,66.67,2.478,6.148,0
2026-03-02 21:23:00,67.62,2.606,6.079,0
2026-03-02 21:24:00,67.84,2.508,6.15,0
2026-03-02 21:25:00,67.57,2.294,6.162,0
2026-03-02 21:26:00,67.57,2.351,6.05,0
2026-03-02 21:27:00,67.77,2.174,6.155,0
2026-03-02 21:28:00,67.32,2.274,6.076,0
2026-03-02 21:29:00,67.6,2.54,6.003,0
2026-03-02 21:30:00,68.05,2.331,6.197,0
2026-03-02 21:31:00,68.5,2.535,6.098,0
2026-03-02 21:32:00,68.17,2.761,6.146,0
2026-03-02 21:33:00,68.18,2.474,6.078,0
2026-03-02 21:34:00,67.91,2.762,6.169,0
2026-03-02 21:35:00,68.08,2.513,6.299,0
2026-03-02 21:36:00,68.17,2.569,6.053,0
2026-03-02 21:37:00,68.19,2.811,6.204,0
2026-03-02 21:38:00,68.17,2.505,5.974,0
2026-03-02 21:39:00,67.72,2.739,6.129,0
2026-03-02 21:40:00,68.01,2.761,6.229,0
2026-03-02 21:41:00,68.04,2.292,6.273,0
2026-03-02 21:42:00,68.52,2.598,6.105,0
2026-03-02 21:43:00,69.04,2.65,6.193,0
2026-03-02 21:44:00,69.21,2.453,6.084,0
2026-03-02 21:45:00,68.82,2.565,6.153,0
2026-03-02 21:46:00,68.77,2.44,6.067,0
2026-03-02 21:47:00,68.38,2.659,6.23,0
2026-03-02 21:48:00,68.76,2.615,6.232,0
2026-03-02 21:49:00,68.2,2.375,5.916,0
2026-03-02 21:50:00,68.42,2.514,6.081,0
2026-03-02 21:51:00,68.59,2.743,6.228,0
2026-03-02 21:52:00,68.98,2.351,5.973,0
2026-03-02 21:53:00,68.49,2.743,6.034,0
2026-03-02 21:54:00,67.37,2.552,6.255,0
2026-03-02 21:55:00,67.46,2.842,6.184,0
2026-03-02 21:56:00,68.03,2.389,6.196,0
2026-03-02 21:57:00,67.93,2.178,6.216,0
2026-03-02 21:58:00,68.21,2.236,5.937,0
2026-03-02 21:59:00,67.61,2.484,6.091,0
2026-03-02 22:00:00,66.98,2.529,6.029,0
2026-03-02 22:01:00,66.67,2.347,6.169,0
2026-03-02 22:02:00,67.68,2.47,6.051,0
2026-03-02 22:03:00,66.84,2.102,5.927,0
2026-03-02 22:04:00,66.59,2.621,5.934,0
2026-03-02 22:05:00,67.17,2.343,6.017,0
2026-03-02 22:06:00,67.65,2.58,5.974,0
2026-03-02 22:07:00,66.44,2.401,6.142,0
2026-03-02 22:08:00,67.31,2.336,5.849,0
2026-03-02 22:09:00,67.51,2.4,6.031,0
2026-03-02 22:10:00,67.26,2.556,6.014,0
2026-03-02 22:11:00,67.77,2.144,6.003,0
2026-03-02 22:12:00,67.8,2.347,6.081,0
2026-03-02 22:13:00,67.32,2.259,6.055,0
2026-03-02 22:14:00,67.58,2.179,5.811,0
2026-03-02 22:15:00,68.21,2.509,5.955,0
2026-03-02 22:16:00,67.97,2.302,6.033,0
2026-03-02 22:17:00,68.16,2.296,5.994,0
2026-03-02 22:18:00,67.91,2.244,6.105,0
2026-03-02 22:19:00,67.28,2.33,6.095,0
2026-03-02 22:20:00,66.94,2.303,5.98,0
2026-03-02 22:21:00,66.56,2.545,5.915,0
2026-03-02 22:22:00,66.39,2.584,6.007,0
2026-03-02 22:23:00,66.32,2.282,6.104,0
2026-03-02 22:24:00,66.49,2.435,5.947,0
2026-03-02 22:25:00,66.9,2.426,5.931,0
2026-03-02 22:26:00,66.92,2.294,6.044,0
2026-03-02 22:27:00,67.3,2.118,5.859,0
2026-03-02 22:28:00,67.26,2.302,6.049,0
2026-03-02 22:29:00,67.0,2.602,6.029,0
2026-03-02 22:30:00,66.65,2.282,5.857,0
2026-03-02 22:31:00,67.18,2.186,6.025,0
2026-03-02 22:32:00,67.22,2.509,5.959,0
2026-03-02 22:33:00,67.82,2.166,5.989,0
2026-03-02 22:34:00,67.11,2.675,5.911,0
2026-03-02 22:35:00,66.83,2.27,6.131,0
2026-03-02 22:36:00,66.53,2.348,6.052,0
2026-03-02 22:37:00,67.18,2.519,6.003,0
2026-03-02 22:38:00,67.2,2.596,5.923,0
2026-03-02 22:39:00,66.49,2.216,5.976,0
2026-03-02 22:40:00,66.29,2.231,5.932,0
2026-03-02 22:41:00,66.18,2.053,5.922,0
2026-03-02 22:42:00,65.64,2.245,5.894,0
2026-03-02 22:43:00,65.44,2.169,5.883,0
2026-03-02 22:44:00,64.96,2.1,5.9,0
2026-03-02 22:45:00,65.96,2.153,5.974,0
2026-03-02 22:46:00,66.19,2.327,5.934,0
2026-03-02 22:47:00,66.26,2.264,5.949,0
2026-03-02 22:48:00,66.38,2.4,5.72,0
2026-03-02 22:49:00,66.57,2.156,5.977,0
2026-03-02 22:50:00,66.12,2.335,5.931,0
2026-03-02 22:51:00,65.98,2.072,6.0,0
2026-03-02 22:52:00,66.62,2.292,5.972,0
2026-03-02 22:53:00,66.06,2.455,6.077,0
2026-03-02 22:54:00,66.12,2.299,6.031,0
2026-03-02 22:55:00,66.46,2.292,5.998,0
2026-03-02 22:56:00,66.97,2.194,6.003,0
2026-03-02 22:57:00,66.39,2.169,5.925,0
2026-03-02 22:58:00,65.83,2.221,5.867,0
2026-03-02 22:59:00,66.18,2.727,6.022,0
2026-03-02 23:00:00,66.92,2.081,5.841,0
2026-03-02 23:01:00,67.36,2.117,6.083,0
2026-03-02 23:02:00,66.36,2.344,5.92,0
2026-03-02 23:03:00,66.96,2.3,5.967,0
2026-03-02 23:04:00,66.55,2.08,5.996,0
2026-03-02 23:05:00,67.52,2.373,5.754,0
2026-03-02 23:06:00,67.23,2.415,5.932,0
2026-03-02 23:07:00,67.27,2.117,5.861,0
2026-03-02 23:08:00,67.51,2.076,5.99,0
2026-03-02 23:09:00,67.11,2.139,5.932,0
2026-03-02 23:10:00,66.35,1.969,5.918,0
2026-03-02 23:11:00,67.03,2.147,5.843,0
2026-03-02 23:12:00,66.86,2.184,5.802,0
2026-03-02 23:13:00,66.25,2.125,5.928,0
2026-03-02 23:14:00,66.94,2.056,5.877,0
2026-03-02 23:15:00,67.12,2.224,5.803,0
2026-03-02 23:16:00,67.36,2.047,5.939,0
2026-03-02 23:17:00,68.05,2.12,5.92,0
2026-03-02 23:18:00,68.04,1.957,5.941,0
2026-03-02 23:19:00,68.21,2.101,5.777,0
2026-03-02 23:20:00,68.11,2.397,6.0,0
2026-03-02 23:21:00,67.85,2.296,5.801,0
2026-03-02 23:22:00,67.48,2.135,5.815,0
2026-03-02 23:23:00,67.77,2.276,5.865,0
2026-03-02 23:24:00,67.42,2.12,5.761,0
2026-03-02 23:25:00,67.61,2.147,5.855,0
2026-03-02 23:26:00,66.75,2.263,5.925,0
2026-03-02 23:27:00,67.05,2.311,5.78,0
2026-03-02 23:28:00,66.22,1.955,5.862,0
2026-03-02 23:29:00,66.25,2.136,5.74,0
2026-03-02 23:30:00,66.32,2.211,5.728,0
2026-03-02 23:31:00,65.8,2.382,5.9,0
2026-03-02 23:32:00,65.53,2.426,5.816,0
2026-03-02 23:33:00,65.61,2.063,6.032,0
2026-03-02 23:34:00,65.73,2.447,5.892,0
2026-03-02 23:35:00,65.55,2.139,5.972,0
2026-03-02 23:36:00,65.48,2.433,5.831,0
2026-03-02 23:37:00,65.41,2.3,5.959,0
2026-03-02 23:38:00,65.32,2.288,5.94,0
2026-03-02 23:39:00,65.39,2.125,5.91,0
2026-03-02 23:40:00,65.31,2.337,5.903,0
2026-03-02 23:41:00,66.24,2.244,5.795,0
2026-03-02 23:42:00,66.47,2.003,5.86,0
2026-03-02 23:43:00,66.21,2.108,5.893,0
2026-03-02 23:44:00,66.35,2.009,5.987,0
2026-03-02 23:45:00,65.93,2.078,5.892,0
2026-03-02 23:46:00,64.79,2.026,5.812,0
2026-03-02 23:47:00,64.73,2.056,5.93,0
2026-03-02 23:48:00,64.87,2.773,5.927,0
2026-03-02 23:49:00,65.07,2.001,5.817,0
2026-03-02 23:50:00,65.85,2.131,5.978,0
2026-03-02 23:51:00,65.89,2.013,5.72,0
2026-03-02 23:52:00,66.57,2.32,5.775,0
2026-03-02 23:53:00,65.46,2.503,5.799,0
2026-03-02 23:54:00,65.71,2.305,5.825,0
2026-03-02 23:55:00,65.1,2.115,5.753,0
2026-03-02 23:56:00,65.77,2.105,5.779,0
2026-03-02 23:57:00,66.19,2.168,5.741,0
2026-03-02 23:58:00,66.2,2.086,5.758,0
2026-03-02 23:59:00,67.01,2.031,5.644,0
2026-03-03 00:00:00,66.42,2.004,5.669,0
2026-03-03 00:01:00,65.79,2.072,5.673,0
2026-03-03 00:02:00,65.52,2.173,5.748,0
2026-03-03 00:03:00,65.84,1.997,5.722,0
2026-03-03 00:04:00,66.2,1.998,5.717,0
2026-03-03 00:05:00,65.71,2.098,5.767,0
2026-03-03 00:06:00,66.04,2.103,5.695,0
2026-03-03 00:07:00,65.66,2.214,5.783,0
2026-03-03 00:08:00,66.16,2.206,5.714,0
2026-03-03 00:09:00,65.71,2.173,5.781,0
2026-03-03 00:10:00,65.43,2.03,5.765,0
2026-03-03 00:11:00,65.6,2.2,5.856,0
2026-03-03 00:12:00,64.85,2.131,5.74,0
2026-03-03 00:13:00,64.86,1.787,5.765,0
2026-03-03 00:14:00,64.57,2.137,5.776,0
2026-03-03 00:15:00,64.19,2.125,5.802,0
2026-03-03 00:16:00,65.16,2.185,5.772,0
2026-03-03 00:17:00,64.58,2.032,5.793,0
2026-03-03 00:18:00,64.54,2.235,5.812,0
2026-03-03 00:19:00,64.01,2.088,5.909,0
2026-03-03 00:20:00,64.73,2.045,5.72,0
2026-03-03 00:21:00,64.33,1.916,5.788,0
2026-03-03 00:22:00,64.47,2.118,5.69,0
2026-03-03 00:23:00,64.03,1.868,5.701,0
2026-03-03 00:24:00,63.44,2.133,5.749,0
2026-03-03 00:25:00,63.65,1.807,5.719,0
2026-03-03 00:26:00,63.85,2.273,5.599,0
2026-03-03 00:27:00,64.44,1.944,5.812,0
2026-03-03 00:28:00,63.65,2.06,5.624,0
2026-03-03 00:29:00,63.94,1.916,5.675,0
2026-03-03 00:30:00,63.84,2.239,5.69,0
2026-03-03 00:31:00,64.47,1.946,5.661,0
2026-03-03 00:32:00,64.47,1.906,5.753,0
2026-03-03 00:33:00,64.62,2.049,5.733,0
2026-03-03 00:34:00,64.09,2.092,5.549,0
2026-03-03 00:35:00,64.65,2.144,5.693,0
2026-03-03 00:36:00,63.97,1.824,5.839,0
2026-03-03 00:37:00,64.86,2.452,5.776,0
2026-03-03 00:38:00,64.04,2.23,5.866,0
2026-03-03 00:39:00,64.5,2.049,5.905,0
2026-03-03 00:40:00,64.47,2.335,5.863,0
2026-03-03 00:41:00,64.1,2.043,5.802,0
2026-03-03 00:42:00,64.21,1.979,5.781,0
2026-03-03 00:43:00,63.96,2.055,5.743,0
2026-03-03 00:44:00,63.98,1.851,5.875,0
2026-03-03 00:45:00,65.03,2.226,5.958,0
2026-03-03 00:46:00,63.71,2.227,5.874,0
2026-03-03 00:47:00,64.34,2.142,5.696,0
2026-03-03 00:48:00,63.5,2.128,5.688,0
2026-03-03 00:49:00,65.03,1.987,5.708,0
2026-03-03 00:50:00,65.05,2.139,5.769,0
2026-03-03 00:51:00,64.53,1.965,5.909,0
2026-03-03 00:52:00,64.7,2.017,5.864,0
2026-03-03 00:53:00,64.54,2.256,5.688,0
2026-03-03 00:54:00,64.88,2.028,5.908,0
2026-03-03 00:55:00,64.76,1.93,5.906,0
2026-03-03 00:56:00,65.48,1.937,5.611,0
2026-03-03 00:57:00,65.11,1.991,5.88,0
2026-03-03 00:58:00,65.06,1.883,5.689,0
2026-03-03 00:59:00,63.94,1.884,5.838,0
2026-03-03 01:00:00,64.12,2.188,5.797,0
2026-03-03 01:01:00,64.66,1.964,5.735,0
2026-03-03 01:02:00,64.59,1.954,5.658,0
2026-03-03 01:03:00,64.98,1.799,5.575,0
2026-03-03 01:04:00,65.14,1.947,5.619,0
2026-03-03 01:05:00,64.05,2.071,5.703,0
2026-03-03 01:06:00,64.24,2.205,5.675,0
2026-03-03 01:07:00,63.56,2.113,5.766,0
2026-03-03 01:08:00,64.37,2.313,5.8,0
2026-03-03 01:09:00,64.81,1.846,5.754,0
2026-03-03 01:10:00,65.33,2.164,5.683,0
2026-03-03 01:11:00,64.76,2.114,5.712,0
2026-03-03 01:12:00,64.37,1.828,5.656,0
2026-03-03 01:13:00,64.15,2.068,5.749,0
2026-03-03 01:14:00,64.32,2.053,5.84,0
2026-03-03 01:15:00,63.98,1.969,5.799,0
2026-03-03 01:16:00,64.27,1.759,5.755,0
2026-03-03 01:17:00,63.83,2.196,5.598,0
2026-03-03 01:18:00,65.31,2.071,5.603,0
2026-03-03 01:19:00,65.45,1.844,5.639,0
2026-03-03 01:20:00,65.85,1.961,5.608,0
2026-03-03 01:21:00,64.81,1.973,5.641,0
2026-03-03 01:22:00,64.28,1.842,5.858,0
2026-03-03 01:23:00,64.81,1.891,5.774,0
2026-03-03 01:24:00,64.35,2.109,5.676,0
2026-03-03 01:25:00,64.47,2.201,5.847,0
2026-03-03 01:26:00,64.17,1.877,5.746,0
2026-03-03 01:27:00,64.2,2.076,5.784,0
2026-03-03 01:28:00,63.72,2.157,5.654,0
2026-03-03 01:29:00,63.15,1.965,5.716,0
2026-03-03 01:30:00,63.66,1.915,5.809,0
2026-03-03 01:31:00,63.04,2.168,5.683,0
2026-03-03 01:32:00,63.11,1.765,5.623,0
2026-03-03 01:33:00,63.29,1.843,5.587,0
2026-03-03 01:34:00,63.65,2.083,5.675,0
2026-03-03 01:35:00,63.0,1.936,5.659,0
2026-03-03 01:36:00,63.03,1.66,5.669,0
2026-03-03 01:37:00,63.39,1.793,5.803,0
2026-03-03 01:38:00,62.55,1.891,5.672,0
2026-03-03 01:39:00,63.16,1.99,5.654,0
2026-03-03 01:40:00,63.72,2.064,5.688,0
2026-03-03 01:41:00,64.11,2.052,5.702,0
2026-03-03 01:42:00,64.11,2.035,5.719,0
2026-03-03 01:43:00,62.93,1.974,5.773,0
2026-03-03 01:44:00,64.0,2.079,5.791,0
2026-03-03 01:45:00,64.22,1.944,5.613,0
2026-03-03 01:46:00,64.51,2.046,5.731,0
2026-03-03 01:47:00,63.88,1.895,5.822,0
2026-03-03 01:48:00,63.53,2.267,5.68,0
2026-03-03 01:49:00,63.47,1.805,5.616,0
2026-03-03 01:50:00,63.7,1.94,5.653,0
2026-03-03 01:51:00,63.58,1.984,5.905,0
2026-03-03 01:52:00,64.34,2.093,5.601,0
2026-03-03 01:53:00,64.18,1.931,5.691,0
2026-03-03 01:54:00,64.12,1.871,5.648,0
2026-03-03 01:55:00,63.7,1.796,5.604,0
2026-03-03 01:56:00,63.67,1.888,5.685,0
2026-03-03 01:57:00,63.21,2.081,5.66,0
2026-03-03 01:58:00,62.75,1.965,5.779,0
2026-03-03 01:59:00,63.26,1.968,5.649,0
2026-03-03 02:00:00,63.4,2.059,5.703,0
2026-03-03 02:01:00,61.54,2.042,5.696,0
2026-03-03 02:02:00,62.28,1.89,5.546,0
2026-03-03 02:03:00,62.23,1.909,5.645,0
2026-03-03 02:04:00,61.95,1.855,5.629,0
2026-03-03 02:05:00,61.98,1.883,5.74,0
2026-03-03 02:06:00,61.65,2.123,5.751,0
2026-03-03 02:07:00,61.57,1.853,5.602,0
2026-03-03 02:08:00,61.64,1.644,5.65,0
2026-03-03 02:09:00,62.65,1.912,5.702,0
2026-03-03 02:10:00,62.47,1.954,5.695,0
2026-03-03 02:11:00,61.71,1.762,5.718,0
2026-03-03 02:12:00,60.92,1.746,5.627,0
2026-03-03 02:13:00,61.42,1.607,5.751,0
2026-03-03 02:14:00,61.18,1.759,5.704,0
2026-03-03 02:15:00,62.09,1.771,5.707,0
2026-03-03 02:16:00,61.86,1.963,5.563,0
2026-03-03 02:17:00,61.39,1.702,5.498,0
2026-03-03 02:18:00,62.59,1.781,5.432,0
2026-03-03 02:19:00,61.77,1.865,5.607,0
2026-03-03 02:20:00,62.48,1.909,5.682,0
2026-03-03 02:21:00,62.95,2.018,5.668,0
2026-03-03 02:22:00,62.57,1.818,5.683,0
2026-03-03 02:23:00,62.91,2.094,5.715,0
2026-03-03 02:24:00,63.16,1.955,5.641,0
2026-03-03 02:25:00,63.2,2.023,5.6,0
2026-03-03 02:26:00,63.95,2.065,5.648,0
2026-03-03 02:27:00,63.46,1.873,5.662,0
2026-03-03 02:28:00,63.32,1.774,5.714,0
2026-03-03 02:29:00,62.76,2.212,5.705,0
2026-03-03 02:30:00,62.72,1.958,5.651,0
2026-03-03 02:31:00,62.53,1.93,5.684,0
2026-03-03 02:32:00,63.51,2.17,5.619,0
2026-03-03 02:33:00,63.82,1.649,5.785,0
2026-03-03 02:34:00,64.37,2.277,5.699,0
2026-03-03 02:35:00,63.27,1.962,5.828,0
2026-03-03 02:36:00,64.42,2.21,5.862,0
2026-03-03 02:37:00,63.67,1.863,5.798,0
2026-03-03 02:38:00,63.11,2.114,5.559,0
2026-03-03 02:39:00,63.74,1.917,5.53,0
2026-03-03 02:40:00,63.71,1.925,5.818,0
2026-03-03 02:41:00,64.23,2.211,5.685,0
2026-03-03 02:42:00,63.42,2.091,5.742,0
2026-03-03 02:43:00,63.82,2.032,5.66,0
2026-03-03 02:44:00,62.98,2.001,5.646,0
2026-03-03 02:45:00,63.25,1.921,5.713,0
2026-03-03 02:46:00,62.19,1.946,5.576,0
2026-03-03 02:47:00,62.95,1.83,5.803,0
2026-03-03 02:48:00,62.88,1.866,5.671,0
2026-03-03 02:49:00,62.62,2.035,5.77,0
2026-03-03 02:50:00,63.02,1.971,5.694,0
2026-03-03 02:51:00,62.96,1.842,5.61,0
2026-03-03 02:52:00,62.59,1.975,5.622,0
2026-03-03 02:53:00,61.93,2.013,5.563,0
2026-03-03 02:54:00,61.89,1.825,5.492,0
2026-03-03 02:55:00,62.17,1.801,5.518,0
2026-03-03 02:56:00,61.91,1.835,5.441,0
2026-03-03 02:57:00,62.07,1.665,5.55,0
2026-03-03 02:58:00,61.6,1.74,5.495,0
2026-03-03 02:59:00,62.48,2.15,5.624,0
2026-03-03 03:00:00,62.91,1.597,5.788,0
2026-03-03 03:01:00,62.38,1.763,5.674,0
2026-03-03 03:02:00,62.64,1.997,5.571,0
2026-03-03 03:03:00,62.78,2.324,5.698,0
2026-03-03 03:04:00,62.75,1.895,5.627,0
2026-03-03 03:05:00,62.48,1.895,5.583,0
2026-03-03 03:06:00,62.35,1.786,5.549,0
2026-03-03 03:07:00,62.06,1.868,5.6,1
2026-03-03 03:08:00,62.83,2.225,5.694,0
2026-03-03 03:09:00,62.86,2.004,5.612,0
2026-03-03 03:10:00,63.01,1.802,5.726,0
2026-03-03 03:11:00,63.88,2.174,5.761,0
2026-03-03 03:12:00,63.32,2.053,5.659,0
2026-03-03 03:13:00,63.94,2.099,5.788,0
2026-03-03 03:14:00,63.47,1.748,5.586,0
2026-03-03 03:15:00,64.22,2.018,5.707,0
2026-03-03 03:16:00,64.43,2.042,5.626,0
2026-03-03 03:17:00,63.98,2.031,5.608,0
2026-03-03 03:18:00,63.46,1.894,5.708,0
2026-03-03 03:19:00,63.87,1.766,5.789,0
2026-03-03 03:20:00,63.4,1.903,5.515,0
2026-03-03 03:21:00,63.21,1.885,5.698,0
2026-03-03 03:22:00,64.34,1.824,5.72,0
2026-03-03 03:23:00,63.61,1.868,5.751,0
2026-03-03 03:24:00,64.01,2.176,5.801,0
2026-03-03 03:25:00,63.72,1.767,5.697,0
2026-03-03 03:26:00,63.05,1.708,5.586,0
2026-03-03 03:27:00,62.81,1.979,5.494,0
2026-03-03 03:28:00,61.99,2.232,5.639,0
2026-03-03 03:29:00,61.78,1.875,5.654,0
2026-03-03 03:30:00,62.27,1.955,5.544,0
2026-03-03 03:31:00,62.27,1.848,5.763,0
2026-03-03 03:32:00,62.32,1.98,5.6,0
2026-03-03 03:33:00,62.02,2.087,5.638,0
2026-03-03 03:34:00,62.03,1.843,5.622,0
2026-03-03 03:35:00,62.26,1.683,5.652,0
2026-03-03 03:36:00,62.34,1.853,5.644,0
2026-03-03 03:37:00,62.54,1.952,5.666,0
2026-03-03 03:38:00,62.18,2.022,5.692,0
2026-03-03 03:39:00,62.51,1.861,5.717,0
2026-03-03 03:40:00,62.61,1.993,5.807,0
2026-03-03 03:41:00,62.91,1.904,5.695,0
2026-03-03 03:42:00,62.64,1.864,5.573,0
2026-03-03 03:43:00,62.18,1.756,5.614,0
2026-03-03 03:44:00,62.36,1.87,5.801,0
2026-03-03 03:45:00,62.32,2.007,5.597,0
2026-03-03 03:46:00,61.73,1.869,5.693,0
2026-03-03 03:47:00,62.65,2.11,5.728,0
2026-03-03 03:48:00,63.03,2.342,5.632,0
2026-03-03 03:49:00,63.4,1.941,5.774,0
2026-03-03 03:50:00,62.67,2.004,5.633,0
2026-03-03 03:51:00,63.3,1.775,5.699,0
2026-03-03 03:52:00,62.78,2.018,5.697,0
2026-03-03 03:53:00,63.3,2.145,5.872,0
2026-03-03 03:54:00,63.5,1.856,5.563,0
2026-03-03 03:55:00,63.82,2.136,5.703,0
2026-03-03 03:56:00,63.61,1.985,5.655,0
2026-03-03 03:57:00,63.79,2.075,5.769,0
2026-03-03 03:58:00,63.33,2.103,5.777,0
2026-03-03 03:59:00,64.22,2.193,5.599,0
2026-03-03 04:00:00,64.27,2.083,5.77,0
2026-03-03 04:01:00,64.99,2.241,5.71,0
2026-03-03 04:02:00,64.52,2.085,5.75,0
2026-03-03 04:03:00,63.47,1.993,5.689,0
2026-03-03 04:04:00,64.14,1.933,5.705,0
2026-03-03 04:05:00,64.56,2.188,5.714,0
2026-03-03 04:06:00,65.27,2.21,5.6,0
2026-03-03 04:07:00,64.61,2.131,5.642,0
2026-03-03 04:08:00,64.41,1.577,5.591,0
2026-03-03 04:09:00,63.59,2.281,5.46,0
2026-03-03 04:10:00,63.76,2.018,5.57,0
2026-03-03 04:11:00,63.78,1.934,5.712,0
2026-03-03 04:12:00,64.33,2.119,5.777,0
2026-03-03 04:13:00,64.66,2.049,5.661,0
2026-03-03 04:14:00,64.71,2.143,5.695,0
2026-03-03 04:15:00,64.91,1.989,5.822,0
2026-03-03 04:16:00,64.87,1.956,5.534,0
2026-03-03 04:17:00,64.68,1.736,5.638,0
2026-03-03 04:18:00,64.74,2.167,5.722,0
2026-03-03 04:19:00,64.73,2.035,5.714,0
2026-03-03 04:20:00,65.24,2.175,5.725,0
2026-03-03 04:21:00,65.48,2.058,5.525,0
2026-03-03 04:22:00,65.1,1.912,5.542,0
2026-03-03 04:23:00,64.84,1.816,5.566,0
2026-03-03 04:24:00,63.81,1.922,5.621,0
2026-03-03 04:25:00,64.8,2.149,5.599,0
2026-03-03 04:26:00,64.56,2.174,5.7,0
2026-03-03 04:27:00,64.31,2.172,5.567,0
2026-03-03 04:28:00,64.02,1.986,5.671,0
2026-03-03 04:29:00,64.4,2.063,5.726,0
2026-03-03 04:30:00,63.78,1.958,5.553,0
2026-03-03 04:31:00,63.03,1.812,5.582,0
2026-03-03 04:32:00,63.57,2.093,5.611,0
2026-03-03 04:33:00,63.51,1.723,5.666,0
2026-03-03 04:34:00,63.75,2.095,5.604,0
2026-03-03 04:35:00,62.87,1.999,5.678,0
2026-03-03 04:36:00,62.79,2.005,5.539,0
2026-03-03 04:37:00,62.53,1.927,5.622,0
2026-03-03 04:38:00,63.29,2.027,5.524,0
2026-03-03 04:39:00,63.27,2.252,5.777,0
2026-03-03 04:40:00,63.19,1.658,5.741,0
2026-03-03 04:41:00,64.42,2.08,5.833,0
2026-03-03 04:42:00,64.79,1.918,5.676,0
2026-03-03 04:43:00,64.5,1.955,5.696,0
2026-03-03 04:44:00,64.33,1.851,5.622,0
2026-03-03 04:45:00,64.62,1.901,5.73,0
2026-03-03 04:46:00,64.24,1.829,5.795,0
2026-03-03 04:47:00,64.48,2.175,5.753,0
2026-03-03 04:48:00,64.84,2.276,5.626,1
2026-03-03 04:49:00,63.56,1.844,5.77,0
2026-03-03 04:50:00,64.07,2.041,5.782,0
2026-03-03 04:51:00,64.09,1.933,5.749,0
2026-03-03 04:52:00,64.5,1.926,5.694,0
2026-03-03 04:53:00,64.38,1.889,5.662,0
2026-03-03 04:54:00,64.44,1.79,5.793,0
2026-03-03 04:55:00,64.35,1.755,5.708,0
2026-03-03 04:56:00,64.62,1.652,5.571,0
2026-03-03 04:57:00,64.68,2.112,5.632,0
2026-03-03 04:58:00,65.24,2.452,5.753,0
2026-03-03 04:59:00,65.04,1.704,5.702,0
2026-03-03 05:00:00,64.45,1.646,5.608,0
2026-03-03 05:01:00,64.8,2.055,5.754,0
2026-03-03 05:02:00,65.08,2.079,5.75,0
2026-03-03 05:03:00,64.77,1.863,5.705,0
2026-03-03 05:04:00,64.64,1.869,5.612,0
2026-03-03 05:05:00,63.77,1.947,5.537,0
2026-03-03 05:06:00,64.12,1.827,5.603,0
2026-03-03 05:07:00,64.16,1.826,5.589,0
2026-03-03 05:08:00,64.31,2.083,5.771,0
2026-03-03 05:09:00,64.07,1.825,5.686,0
2026-03-03 05:10:00,64.01,1.67,5.513,0
2026-03-03 05:11:00,64.11,1.979,5.759,0
2026-03-03 05:12:00,63.24,1.734,5.617,0
2026-03-03 05:13:00,62.43,1.839,5.565,0
2026-03-03 05:14:00,62.04,2.011,5.531,0
2026-03-03 05:15:00,61.97,1.54,5.691,0
2026-03-03 05:16:00,61.75,1.709,5.47,0
2026-03-03 05:17:00,61.96,2.178,5.657,0
2026-03-03 05:18:00,61.75,1.67,5.607,0
2026-03-03 05:19:00,60.93,1.773,5.624,0
2026-03-03 05:20:00,62.18,2.08,5.603,0
2026-03-03 05:21:00,61.89,1.777,5.554,0
2026-03-03 05:22:00,61.92,2.075,5.666,0
2026-03-03 05:23:00,62.46,1.901,5.625,0
2026-03-03 05:24:00,62.05,1.867,5.468,0
2026-03-03 05:25:00,62.08,1.761,5.561,0
2026-03-03 05:26:00,62.16,1.651,5.641,0
2026-03-03 05:27:00,61.77,1.757,5.701,0
2026-03-03 05:28:00,62.09,1.947,5.597,0
2026-03-03 05:29:00,62.83,1.68,5.591,0
2026-03-03 05:30:00,63.54,1.708,5.782,0
2026-03-03 05:31:00,62.56,1.858,5.873,0
2026-03-03 05:32:00,63.04,2.063,5.552,0
2026-03-03 05:33:00,62.73,2.047,5.645,0
2026-03-03 05:34:00,63.11,2.02,5.563,0
2026-03-03 05:35:00,63.3,2.066,5.693,0
2026-03-03 05:36:00,63.12,2.137,5.695,0
2026-03-03 05:37:00,63.18,1.69,5.748,0
2026-03-03 05:38:00,62.95,2.241,5.745,0
2026-03-03 05:39:00,62.83,1.839,5.741,0
2026-03-03 05:40:00,62.88,2.104,5.764,0
2026-03-03 05:41:00,63.8,2.411,5.841,0
2026-03-03 05:42:00,62.99,1.979,5.809,0
2026-03-03 05:43:00,63.11,2.097,5.699,0
2026-03-03 05:44:00,63.07,2.137,5.762,0
2026-03-03 05:45:00,62.94,1.944,5.786,0
2026-03-03 05:46:00,62.94,2.059,5.861,0
2026-03-03 05:47:00,63.12,1.962,5.622,0
2026-03-03 05:48:00,63.05,2.019,5.552,0
2026-03-03 05:49:00,63.28,1.886,5.695,0
2026-03-03 05:50:00,63.28,2.022,5.685,0
2026-03-03 05:51:00,62.7,1.771,5.895,0
2026-03-03 05:52:00,63.05,1.829,5.694,0
2026-03-03 05:53:00,62.4,1.91,5.621,0
2026-03-03 05:54:00,62.34,1.95,5.745,0
2026-03-03 05:55:00,62.59,1.816,5.626,0
2026-03-03 05:56:00,63.18,2.16,5.818,0
2026-03-03 05:57:00,63.4,2.082,5.674,0
2026-03-03 05:58:00,62.31,1.904,5.663,0
2026-03-03 05:59:00,61.95,1.876,5.553,0
2026-03-03 06:00:00,61.57,1.817,5.626,0
2026-03-03 06:01:00,61.57,2.002,5.688,0
2026-03-03 06:02:00,61.44,1.863,5.646,0
2026-03-03 06:03:00,62.09,1.939,5.645,0
2026-03-03 06:04:00,62.74,1.785,5.597,0
2026-03-03 06:05:00,62.87,1.954,5.749,0
2026-03-03 06:06:00,62.5,2.262,5.707,0
2026-03-03 06:07:00,62.12,1.963,5.807,0
2026-03-03 06:08:00,62.24,1.915,5.731,0
2026-03-03 06:09:00,62.35,1.867,5.781,0
2026-03-03 06:10:00,62.26,2.015,5.596,0
2026-03-03 06:11:00,62.1,1.943,5.687,0
2026-03-03 06:12:00,62.92,1.938,5.763,0
2026-03-03 06:13:00,63.5,2.094,5.761,0
2026-03-03 06:14:00,63.26,1.937,5.716,0
2026-03-03 06:15:00,63.62,2.338,5.764,0
2026-03-03 06:16:00,62.74,1.765,5.639,0
2026-03-03 06:17:00,62.84,2.231,5.646,0
2026-03-03 06:18:00,62.78,2.133,5.656,0
2026-03-03 06:19:00,62.85,2.021,5.703,0
2026-03-03 06:20:00,63.56,1.894,5.691,0
2026-03-03 06:21:00,63.29,2.23,5.616,0
2026-03-03 06:22:00,63.47,1.908,5.873,0
2026-03-03 06:23:00,63.5,2.141,5.758,0
2026-03-03 06:24:00,64.02,1.958,5.83,0
2026-03-03 06:25:00,65.2,2.174,5.742,0
2026-03-03 06:26:00,65.06,2.2,5.902,0
2026-03-03 06:27:00,65.0,2.109,5.77,0
2026-03-03 06:28:00,64.94,1.981,5.769,0
2026-03-03 06:29:00,64.09,2.084,5.799,0
2026-03-03 06:30:00,64.0,2.065,5.724,0
2026-03-03 06:31:00,63.99,2.281,5.831,0
2026-03-03 06:32:00,63.88,2.009,5.844,0
2026-03-03 06:33:00,64.32,1.868,5.772,0
2026-03-03 06:34:00,64.2,2.106,5.876,0
2026-03-03 06:35:00,64.1,1.852,5.826,0
2026-03-03 06:36:00,64.52,2.091,5.701,0
2026-03-03 06:37:00,64.61,2.083,5.746,0
2026-03-03 06:38:00,64.44,2.038,5.655,0
2026-03-03 06:39:00,64.22,2.112,5.75,0
2026-03-03 06:40:00,64.47,2.257,5.661,0
2026-03-03 06:41:00,64.78,2.013,5.736,0
2026-03-03 06:42:00,65.09,2.107,5.687,0
2026-03-03 06:43:00,65.41,2.391,5.833,0
2026-03-03 06:44:00,64.6,2.083,5.977,0
2026-03-03 06:45:00,65.11,2.058,5.845,0
2026-03-03 06:46:00,65.29,2.021,5.636,0
2026-03-03 06:47:00,65.16,1.975,5.703,0
2026-03-03 06:48:00,65.16,1.97,5.767,0
2026-03-03 06:49:00,65.39,2.144,5.738,0
2026-03-03 06:50:00,65.43,2.256,5.811,0
2026-03-03 06:51:00,65.55,2.411,5.73,0
2026-03-03 06:52:00,65.17,2.311,5.961,0
2026-03-03 06:53:00,64.58,2.187,5.95,0
2026-03-03 06:54:00,65.06,2.237,5.812,0
2026-03-03 06:55:00,64.92,2.131,5.824,0
2026-03-03 06:56:00,64.55,1.846,5.937,0
2026-03-03 06:57:00,64.4,2.056,5.733,0
2026-03-03 06:58:00,63.21,2.071,5.507,0
2026-03-03 06:59:00,63.54,1.807,5.568,0
2026-03-03 07:00:00,63.44,1.96,5.631,0
2026-03-03 07:01:00,63.34,2.175,5.822,0
2026-03-03 07:02:00,63.0,2.036,5.61,0
2026-03-03 07:03:00,63.28,1.887,5.863,0
2026-03-03 07:04:00,62.97,1.89,5.716,0
2026-03-03 07:05:00,63.69,1.994,5.686,0
2026-03-03 07:06:00,63.5,2.083,5.766,0
2026-03-03 07:07:00,63.51,2.199,5.705,0
2026-03-03 07:08:00,63.42,2.2,5.693,0
2026-03-03 07:09:00,62.93,2.029,5.71,0
2026-03-03 07:10:00,62.73,2.287,5.661,0
2026-03-03 07:11:00,63.18,1.949,5.621,0
2026-03-03 07:12:00,62.78,1.993,5.547,0
2026-03-03 07:13:00,62.89,1.934,5.698,0
2026-03-03 07:14:00,63.0,1.923,5.682,0
2026-03-03 07:15:00,63.09,1.903,5.626,0
2026-03-03 07:16:00,62.66,1.537,5.697,0
2026-03-03 07:17:00,63.32,1.972,5.661,0
2026-03-03 07:18:00,63.24,1.718,5.579,0
2026-03-03 07:19:00,63.02,1.79,5.592,0
2026-03-03 07:20:00,63.21,2.0,5.664,0
2026-03-03 07:21:00,63.83,1.933,5.653,0
2026-03-03 07:22:00,63.11,1.924,5.678,0
2026-03-03 07:23:00,63.16,1.884,5.626,0
2026-03-03 07:24:00,63.94,2.006,5.725,0
2026-03-03 07:25:00,63.23,1.707,5.638,0
2026-03-03 07:26:00,63.35,1.887,5.679,0
2026-03-03 07:27:00,62.7,2.014,5.668,0
2026-03-03 07:28:00,63.45,1.965,5.593,0
2026-03-03 07:29:00,62.39,2.017,5.709,0
2026-03-03 07:30:00,62.78,1.802,5.889,0
2026-03-03 07:31:00,63.28,1.857,5.705,0
2026-03-03 07:32:00,62.77,1.992,5.593,0
2026-03-03 07:33:00,62.69,1.69,5.537,0
2026-03-03 07:34:00,62.51,2.086,5.703,0
2026-03-03 07:35:00,62.71,1.812,5.485,0
2026-03-03 07:36:00,62.51,1.977,5.645,0
2026-03-03 07:37:00,62.78,1.76,5.542,0
2026-03-03 07:38:00,62.08,1.757,5.478,0
2026-03-03 07:39:00,62.7,1.981,5.746,0
2026-03-03 07:40:00,61.73,1.651,5.598,0
2026-03-03 07:41:00,62.3,2.037,5.753,0
2026-03-03 07:42:00,62.83,1.706,5.591,0
2026-03-03 07:43:00,63.2,2.119,5.658,0
2026-03-03 07:44:00,63.15,2.01,5.776,0
2026-03-03 07:45:00,63.93,1.824,5.771,0
2026-03-03 07:46:00,63.83,2.059,5.708,0
2026-03-03 07:47:00,63.83,2.125,5.483,0
2026-03-03 07:48:00,63.79,1.925,5.693,0
2026-03-03 07:49:00,63.95,1.943,5.631,0
2026-03-03 07:50:00,63.02,1.639,5.634,0
2026-03-03 07:51:00,63.23,1.747,5.643,0
2026-03-03 07:52:00,63.48,2.026,5.625,0
2026-03-03 07:53:00,63.38,1.891,5.637,0
2026-03-03 07:54:00,63.38,1.776,5.676,0
2026-03-03 07:55:00,63.82,1.792,5.612,0
2026-03-03 07:56:00,63.5,1.976,5.727,0
2026-03-03 07:57:00,64.0,2.124,5.613,0
2026-03-03 07:58:00,63.16,2.14,5.537,0
2026-03-03 07:59:00,62.81,1.861,5.773,0
2026-03-03 08:00:00,63.13,1.958,5.517,0
2026-03-03 08:01:00,62.95,1.865,5.738,0
2026-03-03 08:02:00,63.3,1.888,5.636,0
2026-03-03 08:03:00,63.11,2.006,5.755,0
2026-03-03 08:04:00,63.06,2.101,5.779,0
2026-03-03 08:05:00,62.52,2.041,5.731,0
2026-03-03 08:06:00,62.77,1.821,5.675,0
2026-03-03 08:07:00,63.17,2.11,5.788,0
2026-03-03 08:08:00,63.33,1.97,5.685,0
2026-03-03 08:09:00,63.97,1.941,5.676,0
2026-03-03 08:10:00,63.78,1.727,5.757,0
2026-03-03 08:11:00,63.82,2.066,5.645,0
2026-03-03 08:12:00,64.4,1.881,5.84,0
2026-03-03 08:13:00,63.93,2.222,5.767,0
2026-03-03 08:14:00,65.19,1.713,5.751,0
2026-03-03 08:15:00,64.26,1.896,5.627,0
2026-03-03 08:16:00,63.84,1.684,5.596,0
2026-03-03 08:17:00,63.91,1.981,5.55,0
2026-03-03 08:18:00,64.08,2.031,5.556,0
2026-03-03 08:19:00,63.88,1.816,5.527,0
2026-03-03 08:20:00,64.0,1.812,5.565,0
2026-03-03 08:21:00,64.1,1.696,5.757,0
2026-03-03 08:22:00,64.4,1.963,5.589,0
2026-03-03 08:23:00,64.78,1.816,5.422,0
2026-03-03 08:24:00,64.55,1.794,5.524,0
2026-03-03 08:25:00,64.8,1.889,5.491,0
2026-03-03 08:26:00,64.44,1.89,5.547,0
2026-03-03 08:27:00,64.22,1.713,5.684,0
2026-03-03 08:28:00,64.18,2.262,5.441,0
2026-03-03 08:29:00,64.38,1.884,5.56,0
2026-03-03 08:30:00,64.64,1.925,5.687,0
2026-03-03 08:31:00,64.39,1.776,5.546,0
2026-03-03 08:32:00,63.53,1.996,5.649,0
2026-03-03 08:33:00,63.34,1.853,5.619,0
2026-03-03 08:34:00,63.21,1.787,5.496,0
2026-03-03 08:35:00,62.82,1.653,5.749,0
2026-03-03 08:36:00,63.06,2.075,5.637,0
2026-03-03 08:37:00,62.51,1.74,5.368,0
2026-03-03 08:38:00,62.92,1.958,5.626,0
2026-03-03 08:39:00,63.35,1.63,5.621,0
2026-03-03 08:40:00,63.16,1.64,5.502,0
2026-03-03 08:41:00,63.21,1.941,5.516,0
2026-03-03 08:42:00,62.74,2.06,5.512,0
2026-03-03 08:43:00,62.64,1.79,5.589,0
2026-03-03 08:44:00,62.93,1.941,5.644,0
2026-03-03 08:45:00,62.69,1.794,5.546,0
2026-03-03 08:46:00,63.01,1.651,5.677,0
2026-03-03 08:47:00,62.63,1.915,5.581,0
2026-03-03 08:48:00,63.03,1.833,5.643,0
2026-03-03 08:49:00,62.81,2.174,5.657,0
2026-03-03 08:50:00,63.59,1.921,5.658,0
2026-03-03 08:51:00,63.76,1.815,5.825,0
2026-03-03 08:52:00,63.86,1.64,5.703,0
2026-03-03 08:53:00,63.57,2.041,5.614,0
2026-03-03 08:54:00,63.12,1.884,5.59,0
2026-03-03 08:55:00,62.95,1.948,5.603,0
2026-03-03 08:56:00,63.23,1.813,5.468,0
2026-03-03 08:57:00,63.59,1.668,5.727,0
2026-03-03 08:58:00,64.02,2.081,5.61,0
2026-03-03 08:59:00,63.82,1.729,5.687,0
2026-03-03 09:00:00,64.34,1.935,5.654,0
2026-03-03 09:01:00,63.69,1.908,5.701,0
2026-03-03 09:02:00,63.96,2.225,5.695,0
2026-03-03 09:03:00,63.4,1.868,5.554,0
2026-03-03 09:04:00,63.03,1.8,5.642,0
2026-03-03 09:05:00,62.34,1.995,5.62,0
2026-03-03 09:06:00,61.59,1.828,5.598,0
2026-03-03 09:07:00,62.72,1.601,5.58,0
2026-03-03 09:08:00,62.43,1.984,5.631,0
2026-03-03 09:09:00,62.06,1.836,5.568,0
2026-03-03 09:10:00,61.97,1.949,5.595,0
2026-03-03 09:11:00,62.78,1.747,5.601,0
2026-03-03 09:12:00,61.97,1.967,5.565,0
2026-03-03 09:13:00,62.2,1.913,5.571,0
2026-03-03 09:14:00,62.9,1.938,5.741,0
2026-03-03 09:15:00,63.06,1.752,5.618,0
2026-03-03 09:16:00,63.4,1.737,5.827,0
2026-03-03 09:17:00,62.86,1.673,5.824,0
2026-03-03 09:18:00,62.4,1.772,5.642,0
2026-03-03 09:19:00,63.13,1.914,5.513,0
2026-03-03 09:20:00,62.5,1.919,5.634,0
2026-03-03 09:21:00,63.13,1.947,5.859,0
2026-03-03 09:22:00,63.33,1.739,5.837,0
2026-03-03 09:23:00,63.39,2.116,5.792,0
2026-03-03 09:24:00,63.62,1.961,5.839,0
2026-03-03 09:25:00,63.99,2.068,5.775,0
2026-03-03 09:26:00,63.54,1.743,5.715,0
2026-03-03 09:27:00,63.85,2.577,5.99,0
2026-03-03 09:28:00,64.57,2.247,5.839,0
2026-03-03 09:29:00,64.11,2.071,5.854,0
2026-03-03 09:30:00,64.12,2.066,5.783,0
2026-03-03 09:31:00,64.67,2.066,5.732,0
2026-03-03 09:32:00,64.51,2.432,5.954,0
2026-03-03 09:33:00,64.37,1.821,5.831,0
2026-03-03 09:34:00,64.22,2.011,5.548,0
2026-03-03 09:35:00,64.56,1.905,5.849,0
2026-03-03 09:36:00,64.88,2.004,5.731,0
2026-03-03 09:37:00,64.05,1.979,5.704,0
2026-03-03 09:38:00,64.43,1.96,5.875,0
2026-03-03 09:39:00,64.88,1.937,5.767,0
2026-03-03 09:40:00,64.96,2.078,5.785,0
2026-03-03 09:41:00,64.66,1.87,5.677,0
2026-03-03 09:42:00,64.6,1.703,5.668,0
2026-03-03 09:43:00,64.22,1.843,5.696,0
2026-03-03 09:44:00,65.08,2.152,5.621,0
2026-03-03 09:45:00,64.82,2.144,5.68,0
2026-03-03 09:46:00,64.51,1.951,5.714,0
2026-03-03 09:47:00,64.85,1.977,5.532,0
2026-03-03 09:48:00,64.54,2.218,5.627,0
2026-03-03 09:49:00,64.62,1.818,5.716,0
2026-03-03 09:50:00,64.44,2.085,5.693,0
2026-03-03 09:51:00,64.83,1.853,5.742,0
2026-03-03 09:52:00,64.33,2.112,5.828,0
2026-03-03 09:53:00,64.46,2.033,5.948,0
2026-03-03 09:54:00,63.41,1.964,5.793,0
2026-03-03 09:55:00,63.51,1.761,5.772,0
2026-03-03 09:56:00,64.63,2.256,5.723,0
2026-03-03 09:57:00,64.31,2.069,5.66,0
2026-03-03 09:58:00,64.31,2.129,5.641,0
2026-03-03 09:59:00,64.36,1.976,5.847,0
2026-03-03 10:00:00,65.04,2.18,5.843,0
2026-03-03 10:01:00,65.35,2.093,5.812,0
2026-03-03 10:02:00,65.66,2.165,5.775,0
2026-03-03 10:03:00,65.55,1.822,5.796,0
2026-03-03 10:04:00,64.89,2.133,5.845,0
2026-03-03 10:05:00,65.36,2.085,5.845,0
2026-03-03 10:06:00,65.28,1.953,5.942,0
2026-03-03 10:07:00,64.63,1.984,5.853,0
2026-03-03 10:08:00,65.08,1.969,5.894,0
2026-03-03 10:09:00,65.8,2.25,5.769,0
2026-03-03 10:10:00,65.76,2.096,5.851,0
2026-03-03 10:11:00,66.11,2.378,5.788,0
2026-03-03 10:12:00,66.21,2.11,5.778,0
2026-03-03 10:13:00,67.0,2.391,5.824,0
2026-03-03 10:14:00,66.56,2.259,5.776,0
2026-03-03 10:15:00,66.9,2.389,5.951,0
2026-03-03 10:16:00,67.23,1.941,5.784,0
2026-03-03 10:17:00,66.42,2.21,5.745,0
2026-03-03 10:18:00,66.28,2.234,5.673,0
2026-03-03 10:19:00,65.99,2.122,5.652,0
2026-03-03 10:20:00,66.17,1.914,5.699,0
2026-03-03 10:21:00,65.54,2.053,5.699,0
2026-03-03 10:22:00,65.56,2.335,5.813,0
2026-03-03 10:23:00,65.51,2.115,5.816,0
2026-03-03 10:24:00,65.9,2.518,5.804,0
2026-03-03 10:25:00,65.49,1.978,5.658,0
2026-03-03 10:26:00,65.71,2.422,5.839,0
2026-03-03 10:27:00,66.12,2.027,5.9,0
2026-03-03 10:28:00,66.55,2.164,5.725,0
2026-03-03 10:29:00,65.8,2.144,5.901,0
2026-03-03 10:30:00,66.0,2.262,5.881,0
2026-03-03 10:31:00,65.72,2.138,5.912,0
2026-03-03 10:32:00,65.29,2.227,5.809,0
2026-03-03 10:33:00,65.69,2.048,5.802,0
2026-03-03 10:34:00,65.9,2.061,5.848,0
2026-03-03 10:35:00,65.35,2.064,5.68,0
2026-03-03 10:36:00,64.67,2.058,5.74,0
2026-03-03 10:37:00,64.89,2.107,5.844,0
2026-03-03 10:38:00,63.96,2.145,5.797,0
2026-03-03 10:39:00,64.7,2.238,5.758,0
2026-03-03 10:40:00,64.14,2.202,5.807,0
2026-03-03 10:41:00,63.65,1.933,5.823,0
2026-03-03 10:42:00,64.12,2.024,5.69,0
2026-03-03 10:43:00,64.39,2.391,5.817,0
2026-03-03 10:44:00,65.24,2.439,5.748,0
2026-03-03 10:45:00,65.23,2.098,5.853,0
2026-03-03 10:46:00,64.91,1.859,5.779,0
2026-03-03 10:47:00,65.4,2.229,5.713,0
2026-03-03 10:48:00,65.81,2.237,5.823,0
2026-03-03 10:49:00,65.49,2.226,5.943,0
2026-03-03 10:50:00,65.5,2.004,5.931,0
2026-03-03 10:51:00,65.63,2.224,5.93,0
2026-03-03 10:52:00,66.42,2.233,5.95,0
2026-03-03 10:53:00,65.57,2.201,5.827,0
2026-03-03 10:54:00,66.06,1.881,5.897,0
2026-03-03 10:55:00,64.92,2.143,5.843,0
2026-03-03 10:56:00,64.71,2.238,5.781,0
2026-03-03 10:57:00,65.41,1.925,5.981,0
2026-03-03 10:58:00,64.9,2.391,5.939,0
2026-03-03 10:59:00,64.7,2.194,5.935,0
2026-03-03 11:00:00,65.36,2.051,5.91,0
2026-03-03 11:01:00,66.21,2.166,5.819,0
2026-03-03 11:02:00,67.24,2.372,5.816,0
2026-03-03 11:03:00,66.9,2.046,5.836,0
2026-03-03 11:04:00,65.93,2.328,5.918,0
2026-03-03 11:05:00,65.98,2.179,5.852,0
2026-03-03 11:06:00,66.42,1.788,5.959,0
2026-03-03 11:07:00,65.69,2.24,5.906,0
2026-03-03 11:08:00,65.73,2.04,5.873,0
2026-03-03 11:09:00,65.36,1.773,5.787,0
2026-03-03 11:10:00,65.05,2.169,5.839,0
2026-03-03 11:11:00,65.44,1.963,5.825,0
2026-03-03 11:12:00,65.65,2.162,5.934,0
2026-03-03 11:13:00,65.23,2.277,5.809,0
2026-03-03 11:14:00,64.19,1.71,5.807,0
2026-03-03 11:15:00,64.72,2.338,5.865,0
2026-03-03 11:16:00,64.29,2.089,5.884,0
2026-03-03 11:17:00,64.19,1.986,5.872,0
2026-03-03 11:18:00,64.6,2.095,5.689,0
2026-03-03 11:19:00,65.52,1.97,5.708,0
2026-03-03 11:20:00,65.78,2.059,5.734,0
2026-03-03 11:21:00,64.96,2.122,5.886,0
2026-03-03 11:22:00,65.34,1.759,5.715,0
2026-03-03 11:23:00,65.38,2.153,5.952,0
2026-03-03 11:24:00,66.06,1.851,5.835,0
2026-03-03 11:25:00,65.79,2.1,5.724,0
2026-03-03 11:26:00,65.88,2.366,5.744,0
2026-03-03 11:27:00,66.06,2.134,5.67,0
2026-03-03 11:28:00,65.86,2.128,5.777,0
2026-03-03 11:29:00,66.18,2.298,5.727,0
2026-03-03 11:30:00,65.69,2.056,5.645,0
2026-03-03 11:31:00,65.67,2.244,5.847,0
2026-03-03 11:32:00,64.92,1.959,5.799,0
2026-03-03 11:33:00,64.76,1.835,5.698,0
2026-03-03 11:34:00,65.48,2.009,5.7,0
2026-03-03 11:35:00,65.24,2.282,5.853,0
2026-03-03 11:36:00,65.59,1.955,5.862,0
2026-03-03 11:37:00,65.49,2.207,5.768,0
2026-03-03 11:38:00,65.88,1.948,5.751,0
2026-03-03 11:39:00,65.33,2.226,5.63,0
2026-03-03 11:40:00,65.19,1.908,5.641,0
2026-03-03 11:41:00,65.37,1.918,5.697,0
2026-03-03 11:42:00,64.83,1.843,5.659,0
2026-03-03 11:43:00,64.97,2.001,5.665,0
2026-03-03 11:44:00,64.53,2.128,5.79,0
2026-03-03 11:45:00,64.79,1.935,5.77,0
2026-03-03 11:46:00,64.55,2.047,5.793,0
2026-03-03 11:47:00,64.4,1.885,5.701,0
2026-03-03 11:48:00,64.39,2.034,5.574,0
2026-03-03 11:49:00,64.71,2.095,5.759,0
2026-03-03 11:50:00,64.21,2.287,5.671,0
2026-03-03 11:51:00,63.6,1.941,5.703,0
2026-03-03 11:52:00,64.08,1.905,5.741,0
2026-03-03 11:53:00,64.95,1.951,5.695,0
2026-03-03 11:54:00,64.52,2.106,5.862,0
2026-03-03 11:55:00,64.54,2.269,5.84,0
2026-03-03 11:56:00,64.32,2.008,5.684,0
2026-03-03 11:57:00,64.07,1.931,5.858,0
2026-03-03 11:58:00,64.54,2.069,5.807,0
2026-03-03 11:59:00,65.2,1.842,5.794,0
2026-03-03 12:00:00,64.55,2.131,5.691,0
2026-03-03 12:01:00,64.68,2.207,5.958,0
2026-03-03 12:02:00,66.18,2.304,5.825,0
2026-03-03 12:03:00,65.41,2.29,5.933,0
2026-03-03 12:04:00,66.23,2.096,5.614,0
2026-03-03 12:05:00,65.47,2.465,5.799,0
2026-03-03 12:06:00,66.01,2.036,5.589,0
2026-03-03 12:07:00,65.6,2.427,5.715,0
2026-03-03 12:08:00,65.27,2.302,5.728,0
2026-03-03 12:09:00,65.02,2.361,5.719,0
2026-03-03 12:10:00,65.85,2.173,5.767,0
2026-03-03 12:11:00,64.93,2.268,5.61,0
2026-03-03 12:12:00,65.26,2.314,5.786,0
2026-03-03 12:13:00,65.65,2.055,5.807,0
2026-03-03 12:14:00,66.16,2.302,5.674,0
2026-03-03 12:15:00,65.59,1.71,5.606,0
2026-03-03 12:16:00,65.53,1.952,5.776,0
2026-03-03 12:17:00,64.99,2.185,5.704,0
2026-03-03 12:18:00,65.24,2.196,5.727,0
2026-03-03 12:19:00,66.09,1.877,5.791,0
2026-03-03 12:20:00,66.14,1.919,5.633,1
2026-03-03 12:21:00,66.11,2.129,5.662,0
2026-03-03 12:22:00,66.41,2.069,5.778,0
2026-03-03 12:23:00,66.59,2.308,5.776,0
2026-03-03 12:24:00,66.32,2.146,5.815,0
2026-03-03 12:25:00,66.43,2.066,5.658,0
2026-03-03 12:26:00,66.32,1.822,5.667,0
2026-03-03 12:27:00,66.24,2.321,5.812,0
2026-03-03 12:28:00,65.87,2.137,5.907,0
2026-03-03 12:29:00,65.41,1.827,5.703,0
2026-03-03 12:30:00,65.77,2.349,5.906,0
2026-03-03 12:31:00,64.66,2.208,5.787,0
2026-03-03 12:32:00,65.73,2.11,5.893,0
2026-03-03 12:33:00,66.35,2.353,5.863,0
2026-03-03 12:34:00,66.42,2.139,5.76,0
2026-03-03 12:35:00,66.02,2.284,5.772,0
2026-03-03 12:36:00,67.11,1.937,5.94,0
2026-03-03 12:37:00,66.34,2.241,5.953,0
2026-03-03 12:38:00,65.83,2.139,5.859,0
2026-03-03 12:39:00,66.3,2.271,5.822,0
2026-03-03 12:40:00,66.18,2.207,5.723,0
2026-03-03 12:41:00,65.06,2.208,5.937,0
2026-03-03 12:42:00,64.78,1.802,5.655,0
2026-03-03 12:43:00,65.05,2.028,5.927,0
2026-03-03 12:44:00,64.39,2.179,5.626,0
2026-03-03 12:45:00,64.16,2.049,5.69,0
2026-03-03 12:46:00,64.77,2.041,5.843,0
2026-03-03 12:47:00,64.32,2.076,5.886,0
2026-03-03 12:48:00,64.07,2.167,5.622,0
2026-03-03 12:49:00,63.93,1.896,5.6,0
2026-03-03 12:50:00,64.68,2.074,5.837,0
2026-03-03 12:51:00,64.45,2.28,5.78,0
2026-03-03 12:52:00,65.01,2.105,6.006,0
2026-03-03 12:53:00,65.25,2.371,5.742,0
2026-03-03 12:54:00,65.76,2.371,5.831,0
2026-03-03 12:55:00,66.05,2.233,5.763,0
2026-03-03 12:56:00,66.26,2.08,5.809,0
2026-03-03 12:57:00,66.83,2.48,5.937,0
2026-03-03 12:58:00,66.61,1.953,5.971,0
2026-03-03 12:59:00,66.49,2.221,5.874,0
2026-03-03 13:00:00,66.6,2.051,5.921,0
2026-03-03 13:01:00,65.43,2.124,5.801,0
2026-03-03 13:02:00,65.71,2.238,5.858,0
2026-03-03 13:03:00,65.38,2.304,5.991,0
2026-03-03 13:04:00,64.97,2.279,5.749,0
2026-03-03 13:05:00,65.73,2.141,5.937,0
2026-03-03 13:06:00,65.51,1.954,5.935,0
2026-03-03 13:07:00,65.04,2.125,5.836,0
2026-03-03 13:08:00,65.42,2.456,5.886,0
2026-03-03 13:09:00,64.83,2.375,5.923,0
2026-03-03 13:10:00,65.4,1.837,5.856,0
2026-03-03 13:11:00,65.1,2.571,6.05,0
2026-03-03 13:12:00,65.56,2.212,5.77,0
2026-03-03 13:13:00,65.76,2.073,5.833,0
2026-03-03 13:14:00,66.64,2.12,5.802,0
2026-03-03 13:15:00,65.87,2.117,5.685,0
2026-03-03 13:16:00,65.6,2.159,5.712,0
2026-03-03 13:17:00,66.19,2.079,5.797,0
2026-03-03 13:18:00,66.95,2.256,5.89,0
2026-03-03 13:19:00,66.54,2.143,5.869,0
2026-03-03 13:20:00,66.62,2.149,5.891,0
2026-03-03 13:21:00,66.98,2.243,5.884,0
2026-03-03 13:22:00,66.85,2.123,5.797,0
2026-03-03 13:23:00,65.74,2.263,5.908,0
2026-03-03 13:24:00,66.59,2.504,5.909,0
2026-03-03 13:25:00,65.84,2.024,5.718,0
2026-03-03 13:26:00,65.79,2.258,5.832,0
2026-03-03 13:27:00,65.97,2.101,5.826,0
2026-03-03 13:28:00,65.59,2.326,5.764,0
2026-03-03 13:29:00,65.47,2.53,5.773,0
2026-03-03 13:30:00,65.37,1.944,5.878,0
2026-03-03 13:31:00,65.11,2.121,5.78,0
2026-03-03 13:32:00,65.79,2.235,5.893,0
2026-03-03 13:33:00,66.01,2.289,5.922,0
2026-03-03 13:34:00,66.18,2.099,5.843,0
2026-03-03 13:35:00,66.31,2.268,5.729,0
2026-03-03 13:36:00,66.9,2.318,5.901,0
2026-03-03 13:37:00,66.74,2.449,5.943,0
2026-03-03 13:38:00,66.35,2.48,5.938,0
2026-03-03 13:39:00,67.25,2.169,5.71,0
2026-03-03 13:40:00,66.49,2.148,5.874,0
2026-03-03 13:41:00,66.91,2.292,5.842,0
2026-03-03 13:42:00,67.67,2.43,5.94,0
2026-03-03 13:43:00,67.98,2.564,5.818,0
2026-03-03 13:44:00,67.68,2.097,5.874,0
2026-03-03 13:45:00,67.47,2.085,5.879,0
2026-03-03 13:46:00,67.32,2.067,5.721,0
2026-03-03 13:47:00,67.11,2.193,5.781,0
2026-03-03 13:48:00,67.91,2.15,5.753,0
2026-03-03 13:49:00,67.71,2.24,5.877,0
2026-03-03 13:50:00,67.69,2.506,5.787,0
2026-03-03 13:51:00,67.12,2.164,5.865,0
2026-03-03 13:52:00,66.68,2.406,5.697,0
2026-03-03 13:53:00,66.84,2.411,5.823,0
2026-03-03 13:54:00,67.0,2.216,5.841,0
2026-03-03 13:55:00,66.67,2.23,5.916,0
2026-03-03 13:56:00,65.47,2.304,5.991,0
2026-03-03 13:57:00,65.03,2.033,5.802,0
2026-03-03 13:58:00,66.03,2.156,5.993,0
2026-03-03 13:59:00,66.39,2.54,5.883,0
2026-03-03 14:00:00,65.37,2.138,5.812,0
2026-03-03 14:01:00,65.74,2.142,5.957,0
2026-03-03 14:02:00,65.48,2.143,5.863,0
2026-03-03 14:03:00,65.75,2.187,5.808,0
2026-03-03 14:04:00,64.67,2.299,6.087,0
2026-03-03 14:05:00,65.55,2.34,5.97,0
2026-03-03 14:06:00,66.36,2.204,5.911,0
2026-03-03 14:07:00,66.23,2.355,6.129,0
2026-03-03 14:08:00,66.47,2.407,5.974,0
2026-03-03 14:09:00,65.55,2.55,5.849,0
2026-03-03 14:10:00,65.84,2.08,5.995,0
2026-03-03 14:11:00,65.92,2.371,5.967,0
2026-03-03 14:12:00,66.48,2.57,6.071,0
2026-03-03 14:13:00,67.12,2.454,5.969,0
2026-03-03 14:14:00,66.57,2.486,6.017,0
2026-03-03 14:15:00,66.3,2.378,5.984,0
2026-03-03 14:16:00,67.21,2.46,6.164,0
2026-03-03 14:17:00,67.55,2.636,6.167,0
2026-03-03 14:18:00,67.53,2.622,5.965,0
2026-03-03 14:19:00,68.15,2.604,6.099,0
2026-03-03 14:20:00,68.09,2.346,5.901,0
2026-03-03 14:21:00,67.93,2.788,5.971,0
2026-03-03 14:22:00,68.56,2.395,5.935,0
2026-03-03 14:23:00,69.58,2.878,6.116,0
2026-03-03 14:24:00,69.5,2.369,6.142,1
2026-03-03 14:25:00,68.96,2.721,6.17,0
2026-03-03 14:26:00,69.51,2.231,6.049,0
2026-03-03 14:27:00,69.12,2.543,6.084,0
2026-03-03 14:28:00,68.53,2.262,6.075,0
2026-03-03 14:29:00,69.33,2.515,6.139,0
2026-03-03 14:30:00,69.45,2.611,6.244,0
2026-03-03 14:31:00,69.54,2.56,6.235,0
2026-03-03 14:32:00,69.52,2.43,5.966,0
2026-03-03 14:33:00,68.73,2.488,6.156,0
2026-03-03 14:34:00,68.55,2.394,6.196,0
2026-03-03 14:35:00,68.13,2.758,6.057,0
2026-03-03 14:36:00,69.16,2.265,5.946,0
2026-03-03 14:37:00,68.73,2.47,6.039,0
2026-03-03 14:38:00,68.31,2.884,6.0,0
2026-03-03 14:39:00,68.68,2.579,6.019,0
2026-03-03 14:40:00,68.67,2.259,6.194,0
2026-03-03 14:41:00,69.05,2.963,6.181,0
2026-03-03 14:42:00,68.74,2.529,6.207,0
2026-03-03 14:43:00,68.7,2.266,6.012,0
2026-03-03 14:44:00,68.12,2.623,6.237,0
2026-03-03 14:45:00,68.96,2.491,6.028,0
2026-03-03 14:46:00,68.92,2.511,6.056,0
2026-03-03 14:47:00,69.49,2.743,5.959,0
2026-03-03 14:48:00,69.44,2.535,6.033,0
2026-03-03 14:49:00,69.25,2.877,6.099,0
2026-03-03 14:50:00,69.68,2.514,6.265,0
2026-03-03 14:51:00,69.92,2.731,5.993,0
2026-03-03 14:52:00,69.14,2.602,6.091,0
2026-03-03 14:53:00,68.93,2.552,6.038,0
2026-03-03 14:54:00,68.65,2.438,5.953,0
2026-03-03 14:55:00,68.57,2.332,6.121,0
2026-03-03 14:56:00,68.28,2.752,6.177,0
2026-03-03 14:57:00,67.79,2.095,6.089,0
2026-03-03 14:58:00,68.55,2.137,6.159,0
2026-03-03 14:59:00,68.88,2.686,6.051,0
2026-03-03 15:00:00,68.77,2.501,5.956,0
2026-03-03 15:01:00,68.45,2.49,5.989,0
2026-03-03 15:02:00,68.26,2.333,6.123,0
2026-03-03 15:03:00,67.95,2.674,6.028,0
2026-03-03 15:04:00,68.16,2.443,6.24,0
2026-03-03 15:05:00,68.14,2.463,6.193,0
2026-03-03 15:06:00,68.17,2.312,6.011,0
2026-03-03 15:07:00,68.62,2.514,6.123,0
2026-03-03 15:08:00,68.61,2.195,6.167,0
2026-03-03 15:09:00,68.95,2.625,6.011,0
2026-03-03 15:10:00,69.65,2.735,6.16,0
2026-03-03 15:11:00,69.83,2.725,6.179,0
2026-03-03 15:12:00,69.53,2.513,6.135,0
2026-03-03 15:13:00,69.55,2.296,6.063,0
2026-03-03 15:14:00,69.75,2.586,6.216,0
2026-03-03 15:15:00,69.69,2.672,6.02,0
2026-03-03 15:16:00,70.3,2.287,6.04,0
2026-03-03 15:17:00,70.33,2.512,6.069,0
2026-03-03 15:18:00,70.22,2.418,6.01,0
2026-03-03 15:19:00,69.92,2.607,6.033,0
2026-03-03 15:20:00,70.14,2.496,6.141,0
2026-03-03 15:21:00,70.35,2.578,6.183,0
2026-03-03 15:22:00,71.0,2.555,6.171,0
2026-03-03 15:23:00,70.64,2.667,6.137,0
2026-03-03 15:24:00,70.92,2.481,6.023,0
2026-03-03 15:25:00,70.95,2.665,6.019,0
2026-03-03 15:26:00,71.25,2.463,5.982,0
2026-03-03 15:27:00,70.46,2.338,6.01,0
2026-03-03 15:28:00,70.19,2.578,6.195,0
2026-03-03 15:29:00,69.72,2.624,6.161,0
2026-03-03 15:30:00,70.24,2.928,6.071,0
2026-03-03 15:31:00,70.11,2.612,6.071,0
2026-03-03 15:32:00,68.79,2.589,6.236,0
2026-03-03 15:33:00,69.6,2.374,6.273,0
2026-03-03 15:34:00,69.56,2.644,6.131,0
2026-03-03 15:35:00,69.87,2.318,5.975,0
2026-03-03 15:36:00,70.85,2.813,5.984,1
2026-03-03 15:37:00,70.84,3.047,6.17,0
2026-03-03 15:38:00,70.71,2.721,6.127,0
2026-03-03 15:39:00,70.07,2.478,6.15,0
2026-03-03 15:40:00,70.75,2.243,6.141,0
2026-03-03 15:41:00,70.42,2.609,6.074,0
2026-03-03 15:42:00,70.35,2.574,6.077,0
2026-03-03 15:43:00,69.53,2.689,6.018,0
2026-03-03 15:44:00,69.73,2.119,5.97,0
2026-03-03 15:45:00,69.93,2.723,5.954,0
2026-03-03 15:46:00,69.53,2.27,5.858,0
2026-03-03 15:47:00,69.96,2.768,6.153,0
2026-03-03 15:48:00,70.97,2.499,6.149,0
2026-03-03 15:49:00,71.02,2.492,6.038,0
2026-03-03 15:50:00,70.5,2.431,6.191,0
2026-03-03 15:51:00,70.25,2.463,6.0,0
2026-03-03 15:52:00,70.63,2.342,6.003,0
2026-03-03 15:53:00,69.92,2.326,6.037,0
2026-03-03 15:54:00,70.17,2.62,6.092,0
2026-03-03 15:55:00,69.87,2.583,6.108,0
2026-03-03 15:56:00,69.55,2.492,6.158,0
2026-03-03 15:57:00,69.74,2.751,6.125,0
2026-03-03 15:58:00,69.24,2.478,6.01,0
2026-03-03 15:59:00,68.46,2.699,6.206,0
2026-03-03 16:00:00,68.38,2.374,5.915,0
2026-03-03 16:01:00,68.77,2.434,6.05,0
2026-03-03 16:02:00,68.64,2.587,6.16,0
2026-03-03 16:03:00,69.01,2.696,6.174,0
2026-03-03 16:04:00,68.84,2.166,6.013,0
2026-03-03 16:05:00,68.22,2.44,6.078,0
2026-03-03 16:06:00,68.54,2.383,5.979,0
2026-03-03 16:07:00,69.39,2.508,6.055,0
2026-03-03 16:08:00,69.87,2.585,5.997,0
2026-03-03 16:09:00,69.33,2.328,6.077,0
2026-03-03 16:10:00,69.62,2.705,6.208,1
2026-03-03 16:11:00,69.89,2.845,6.283,0
2026-03-03 16:12:00,69.93,2.783,6.289,0
2026-03-03 16:13:00,70.53,2.629,6.033,0
2026-03-03 16:14:00,70.34,2.54,6.132,0
2026-03-03 16:15:00,70.19,2.392,5.981,0
2026-03-03 16:16:00,70.07,2.713,5.958,0
2026-03-03 16:17:00,70.44,2.747,6.145,0
2026-03-03 16:18:00,69.49,2.492,6.133,0
2026-03-03 16:19:00,69.55,2.541,5.913,0
2026-03-03 16:20:00,69.72,2.541,6.112,0
2026-03-03 16:21:00,68.58,2.524,6.019,0
2026-03-03 16:22:00,68.88,2.819,6.036,0
2026-03-03 16:23:00,68.51,2.656,6.105,0
2026-03-03 16:24:00,68.55,2.661,6.097,0
2026-03-03 16:25:00,68.15,2.559,6.263,0
2026-03-03 16:26:00,68.41,2.678,6.168,0
2026-03-03 16:27:00,68.75,2.356,6.139,0
2026-03-03 16:28:00,69.6,2.934,6.078,0
2026-03-03 16:29:00,69.88,2.584,6.038,0
2026-03-03 16:30:00,69.83,2.775,6.099,0
2026-03-03 16:31:00,70.58,2.416,6.029,0
2026-03-03 16:32:00,70.21,2.598,5.906,0
2026-03-03 16:33:00,69.51,2.405,6.274,0
2026-03-03 16:34:00,69.28,2.642,6.12,0
2026-03-03 16:35:00,69.9,2.494,6.053,0
2026-03-03 16:36:00,69.57,2.591,6.106,0
2026-03-03 16:37:00,69.92,2.481,6.195,0
2026-03-03 16:38:00,69.5,2.59,6.214,0
2026-03-03 16:39:00,69.91,2.706,6.11,0
2026-03-03 16:40:00,70.68,2.661,6.169,0
2026-03-03 16:41:00,70.79,2.825,6.195,0
2026-03-03 16:42:00,70.61,2.563,6.166,0
2026-03-03 16:43:00,71.05,2.23,6.144,0
2026-03-03 16:44:00,69.99,2.242,5.969,0
2026-03-03 16:45:00,70.65,2.39,6.037,0
2026-03-03 16:46:00,70.7,2.812,6.229,0
2026-03-03 16:47:00,70.7,2.818,6.141,0
2026-03-03 16:48:00,71.06,2.53,6.149,0
2026-03-03 16:49:00,71.29,2.583,5.962,0
2026-03-03 16:50:00,71.03,2.793,6.157,0
2026-03-03 16:51:00,70.97,2.869,6.218,0
2026-03-03 16:52:00,70.52,2.583,6.103,0
2026-03-03 16:53:00,71.27,2.94,6.254,0
2026-03-03 16:54:00,71.66,2.646,6.162,0
2026-03-03 16:55:00,72.72,2.92,6.249,0
2026-03-03 16:56:00,72.22,2.562,6.235,0
2026-03-03 16:57:00,71.66,2.93,6.2,0
2026-03-03 16:58:00,72.0,2.556,6.256,0
2026-03-03 16:59:00,71.4,2.836,6.178,0
2026-03-03 17:00:00,70.96,2.822,6.331,0
2026-03-03 17:01:00,70.72,2.623,6.23,0
2026-03-03 17:02:00,71.23,2.546,6.23,0
2026-03-03 17:03:00,71.46,2.574,6.201,0
2026-03-03 17:04:00,71.47,2.921,6.339,0
2026-03-03 17:05:00,71.61,3.177,6.205,0
2026-03-03 17:06:00,71.56,3.091,6.269,0
2026-03-03 17:07:00,71.27,2.751,6.335,0
2026-03-03 17:08:00,70.72,2.723,6.158,0
2026-03-03 17:09:00,71.06,2.438,6.2,0
2026-03-03 17:10:00,71.23,2.661,6.138,0
2026-03-03 17:11:00,71.25,2.604,6.275,0
2026-03-03 17:12:00,70.96,2.628,6.12,0
2026-03-03 17:13:00,71.48,3.028,6.458,0
2026-03-03 17:14:00,72.2,2.557,6.141,0
2026-03-03 17:15:00,72.17,2.757,6.52,0
2026-03-03 17:16:00,72.43,2.839,6.411,0
2026-03-03 17:17:00,72.74,2.675,6.293,0
2026-03-03 17:18:00,72.55,3.047,6.338,0
2026-03-03 17:19:00,72.79,2.746,6.369,0
2026-03-03 17:20:00,72.68,2.734,6.282,0
2026-03-03 17:21:00,72.26,2.665,6.35,0
2026-03-03 17:22:00,72.09,3.141,6.352,0
2026-03-03 17:23:00,71.7,2.741,6.281,0
2026-03-03 17:24:00,71.46,3.089,6.262,0
2026-03-03 17:25:00,72.02,2.777,6.337,0
2026-03-03 17:26:00,71.76,2.625,6.338,0
2026-03-03 17:27:00,72.32,3.007,6.333,0
2026-03-03 17:28:00,72.13,2.712,6.365,0
2026-03-03 17:29:00,73.0,3.28,6.396,0
2026-03-03 17:30:00,73.09,3.193,6.234,0
2026-03-03 17:31:00,72.83,2.921,6.263,0
2026-03-03 17:32:00,72.9,2.778,6.429,0
2026-03-03 17:33:00,72.62,3.129,6.202,0
2026-03-03 17:34:00,72.53,3.155,6.287,0
2026-03-03 17:35:00,72.26,2.899,6.167,0
2026-03-03 17:36:00,72.66,3.099,6.277,0
2026-03-03 17:37:00,72.55,3.078,6.244,0
2026-03-03 17:38:00,73.57,2.975,6.465,0
2026-03-03 17:39:00,73.35,3.002,6.328,0
2026-03-03 17:40:00,73.55,2.916,6.287,0
2026-03-03 17:41:00,73.47,2.979,6.365,0
2026-03-03 17:42:00,74.18,3.336,6.403,0
2026-03-03 17:43:00,74.28,3.093,6.399,0
2026-03-03 17:44:00,74.3,2.966,6.453,1
2026-03-03 17:45:00,73.48,2.729,6.331,0
2026-03-03 17:46:00,73.38,3.231,6.439,0
2026-03-03 17:47:00,73.53,2.838,6.469,0
2026-03-03 17:48:00,73.41,3.005,6.364,0
2026-03-03 17:49:00,73.78,3.021,6.349,0
2026-03-03 17:50:00,73.26,2.893,6.438,0
2026-03-03 17:51:00,72.38,2.261,6.124,0
2026-03-03 17:52:00,73.03,2.658,6.389,0
2026-03-03 17:53:00,73.5,2.938,6.379,0
2026-03-03 17:54:00,72.22,2.912,6.383,0
2026-03-03 17:55:00,73.3,2.663,6.396,0
2026-03-03 17:56:00,73.07,2.897,6.275,0
2026-03-03 17:57:00,72.62,2.845,6.465,0
2026-03-03 17:58:00,72.5,2.62,6.239,0
2026-03-03 17:59:00,72.53,3.32,6.325,0
2026-03-03 18:00:00,72.35,3.456,6.353,0
2026-03-03 18:01:00,72.27,2.916,6.363,0
2026-03-03 18:02:00,72.69,2.59,6.617,0
2026-03-03 18:03:00,72.34,2.997,6.247,0
2026-03-03 18:04:00,71.67,2.813,6.303,0
2026-03-03 18:05:00,72.88,2.609,6.152,0
2026-03-03 18:06:00,71.95,2.703,6.382,0
2026-03-03 18:07:00,72.09,2.828,6.349,0
2026-03-03 18:08:00,72.75,2.97,6.353,0
2026-03-03 18:09:00,72.91,2.967,6.537,0
2026-03-03 18:10:00,73.45,2.747,6.415,0
2026-03-03 18:11:00,72.7,2.78,6.375,0
2026-03-03 18:12:00,72.78,2.781,6.396,0
2026-03-03 18:13:00,72.6,2.785,6.352,0
2026-03-03 18:14:00,72.75,2.822,6.491,0
2026-03-03 18:15:00,73.56,3.07,6.38,0
2026-03-03 18:16:00,72.92,3.131,6.528,0
2026-03-03 18:17:00,73.8,3.253,6.397,0
2026-03-03 18:18:00,74.73,3.126,6.385,0
2026-03-03 18:19:00,73.94,2.855,6.536,0
2026-03-03 18:20:00,73.97,2.756,6.306,0
2026-03-03 18:21:00,74.54,3.11,6.408,0
2026-03-03 18:22:00,73.81,3.011,6.371,0
2026-03-03 18:23:00,74.36,3.277,6.452,0
2026-03-03 18:24:00,74.77,3.296,6.355,0
2026-03-03 18:25:00,74.37,2.739,6.286,0
2026-03-03 18:26:00,73.71,3.109,6.307,0
2026-03-03 18:27:00,73.55,2.802,6.291,0
2026-03-03 18:28:00,73.2,3.228,6.305,0
2026-03-03 18:29:00,72.67,2.797,6.322,0
2026-03-03 18:30:00,72.49,2.797,6.409,0
2026-03-03 18:31:00,73.88,2.814,6.581,0
2026-03-03 18:32:00,73.91,3.169,6.479,0
2026-03-03 18:33:00,73.54,3.064,6.405,0
2026-03-03 18:34:00,74.07,2.737,6.359,0
2026-03-03 18:35:00,74.17,2.641,6.492,0
2026-03-03 18:36:00,74.67,3.001,6.515,0
2026-03-03 18:37:00,74.25,2.574,6.519,0
2026-03-03 18:38:00,73.82,3.072,6.372,0
2026-03-03 18:39:00,73.05,3.044,6.489,0
2026-03-03 18:40:00,73.94,3.193,6.546,0
2026-03-03 18:41:00,74.05,3.512,6.544,0
2026-03-03 18:42:00,73.62,2.888,6.474,0
2026-03-03 18:43:00,73.75,3.02,6.435,0
2026-03-03 18:44:00,74.09,2.937,6.473,0
2026-03-03 18:45:00,74.41,3.085,6.475,0
2026-03-03 18:46:00,74.1,2.933,6.455,0
2026-03-03 18:47:00,74.19,2.966,6.683,0
2026-03-03 18:48:00,73.87,3.554,6.612,0
2026-03-03 18:49:00,74.01,2.922,6.549,0
2026-03-03 18:50:00,74.15,2.673,6.53,0
2026-03-03 18:51:00,73.87,2.943,6.589,0
2026-03-03 18:52:00,73.85,3.044,6.59,0
2026-03-03 18:53:00,73.89,2.868,6.646,0
2026-03-03 18:54:00,73.88,3.384,6.493,0
2026-03-03 18:55:00,74.19,3.294,6.601,0
2026-03-03 18:56:00,74.89,3.002,6.519,0
2026-03-03 18:57:00,74.13,3.154,6.312,0
2026-03-03 18:58:00,73.98,3.464,6.383,0
2026-03-03 18:59:00,74.01,3.296,6.562,0
2026-03-03 19:00:00,74.14,3.415,6.567,1
2026-03-03 19:01:00,73.61,2.894,6.428,0
2026-03-03 19:02:00,74.16,2.896,6.436,0
2026-03-03 19:03:00,73.54,2.964,6.382,0
2026-03-03 19:04:00,73.87,2.879,6.34,0
2026-03-03 19:05:00,74.44,3.361,6.46,1
2026-03-03 19:06:00,73.28,3.051,6.512,0
2026-03-03 19:07:00,73.85,2.724,6.229,0
2026-03-03 19:08:00,73.48,3.159,6.452,0
2026-03-03 19:09:00,73.21,3.069,6.5,0
2026-03-03 19:10:00,73.42,2.886,6.39,0
2026-03-03 19:11:00,72.67,2.589,6.333,0
2026-03-03 19:12:00,72.53,2.692,6.423,0
2026-03-03 19:13:00,72.66,2.963,6.339,0
2026-03-03 19:14:00,73.09,2.925,6.303,0
2026-03-03 19:15:00,72.62,2.652,6.378,0
2026-03-03 19:16:00,73.54,3.314,6.299,0
2026-03-03 19:17:00,74.15,3.186,6.608,0
2026-03-03 19:18:00,73.76,2.948,6.47,0
2026-03-03 19:19:00,73.78,3.128,6.536,0
2026-03-03 19:20:00,73.8,2.702,6.303,1
2026-03-03 19:21:00,73.99,2.9,6.487,0
2026-03-03 19:22:00,73.86,3.199,6.362,0
2026-03-03 19:23:00,74.19,3.057,6.466,0
2026-03-03 19:24:00,73.29,3.068,6.417,0
2026-03-03 19:25:00,74.19,2.968,6.433,0
2026-03-03 19:26:00,74.68,2.811,6.574,0
2026-03-03 19:27:00,74.88,2.694,6.412,0
2026-03-03 19:28:00,74.96,3.172,6.477,0
2026-03-03 19:29:00,74.49,3.599,6.566,0
2026-03-03 19:30:00,74.33,2.919,6.417,0
2026-03-03 19:31:00,73.86,3.367,6.399,0
2026-03-03 19:32:00,73.64,3.003,6.463,0
2026-03-03 19:33:00,73.51,3.217,6.397,0
2026-03-03 19:34:00,72.92,2.622,6.546,0
2026-03-03 19:35:00,73.48,3.145,6.475,0
2026-03-03 19:36:00,73.81,3.225,6.377,0
2026-03-03 19:37:00,73.69,2.751,6.574,0
2026-03-03 19:38:00,73.81,3.066,6.397,0
2026-03-03 19:39:00,74.47,3.109,6.531,0
2026-03-03 19:40:00,74.55,3.178,6.488,0
2026-03-03 19:41:00,73.53,3.181,6.477,0
2026-03-03 19:42:00,73.57,2.731,6.389,0
2026-03-03 19:43:00,73.48,2.836,6.278,0
2026-03-03 19:44:00,73.52,2.906,6.303,0
2026-03-03 19:45:00,72.28,2.781,6.452,0
2026-03-03 19:46:00,72.15,3.062,6.379,0
2026-03-03 19:47:00,72.48,3.134,6.461,0
2026-03-03 19:48:00,73.06,2.927,6.325,0
2026-03-03 19:49:00,71.84,2.87,6.324,0
2026-03-03 19:50:00,72.04,2.85,6.359,0
2026-03-03 19:51:00,72.97,3.134,6.283,0
2026-03-03 19:52:00,72.62,2.842,6.351,0
2026-03-03 19:53:00,72.55,2.569,6.468,0
2026-03-03 19:54:00,72.46,3.214,6.247,0
2026-03-03 19:55:00,72.83,2.862,6.482,0
2026-03-03 19:56:00,72.51,3.211,6.43,0
2026-03-03 19:57:00,73.41,3.233,6.251,0
2026-03-03 19:58:00,73.32,2.889,6.299,0
2026-03-03 19:59:00,72.93,2.803,6.422,0
2026-03-03 20:00:00,73.01,2.819,6.212,0
2026-03-03 20:01:00,73.13,2.874,6.403,0
2026-03-03 20:02:00,72.07,2.933,6.352,0
2026-03-03 20:03:00,72.31,2.777,6.295,0
2026-03-03 20:04:00,72.24,2.858,6.322,0
2026-03-03 20:05:00,71.93,2.985,6.189,0
2026-03-03 20:06:00,72.26,3.04,6.246,0
2026-03-03 20:07:00,71.93,2.708,6.347,0
2026-03-03 20:08:00,72.22,2.851,6.194,0
2026-03-03 20:09:00,71.29,2.601,6.198,0
2026-03-03 20:10:00,72.38,2.983,6.375,0
2026-03-03 20:11:00,72.47,3.109,6.185,0
2026-03-03 20:12:00,72.2,2.844,6.199,0
2026-03-03 20:13:00,72.54,2.829,6.238,0
2026-03-03 20:14:00,71.72,2.718,6.438,0
2026-03-03 20:15:00,72.13,2.845,6.261,1
2026-03-03 20:16:00,72.08,3.049,6.348,0
2026-03-03 20:17:00,72.36,2.726,6.284,0
2026-03-03 20:18:00,72.83,2.523,6.385,0
2026-03-03 20:19:00,73.23,2.908,6.258,0
2026-03-03 20:20:00,73.63,3.155,6.242,0
2026-03-03 20:21:00,74.31,2.844,6.451,0
2026-03-03 20:22:00,73.76,2.947,6.451,0
2026-03-03 20:23:00,73.45,2.54,6.197,0
2026-03-03 20:24:00,73.39,2.736,6.267,0
2026-03-03 20:25:00,73.36,2.881,6.256,0
2026-03-03 20:26:00,72.48,2.702,6.346,0
2026-03-03 20:27:00,73.28,3.749,6.285,1
2026-03-03 20:28:00,72.69,2.712,6.112,0
2026-03-03 20:29:00,71.64,2.818,6.233,0
2026-03-03 20:30:00,72.67,2.77,6.298,0
2026-03-03 20:31:00,72.18,2.855,6.222,0
2026-03-03 20:32:00,71.75,2.972,6.231,0
2026-03-03 20:33:00,71.47,2.424,6.065,0
2026-03-03 20:34:00,71.7,2.788,6.018,0
2026-03-03 20:35:00,71.23,2.64,6.252,0
2026-03-03 20:36:00,70.68,2.198,6.269,0
2026-03-03 20:37:00,70.78,2.56,6.08,0
2026-03-03 20:38:00,70.18,3.14,6.187,0
2026-03-03 20:39:00,70.15,2.687,6.204,0
2026-03-03 20:40:00,69.53,2.509,6.066,0
2026-03-03 20:41:00,68.92,2.446,6.184,0
2026-03-03 20:42:00,70.34,2.515,6.208,0
2026-03-03 20:43:00,69.99,2.485,6.083,0
2026-03-03 20:44:00,69.75,2.509,6.173,0
2026-03-03 20:45:00,69.31,2.677,6.101,0
2026-03-03 20:46:00,70.01,2.788,6.193,0
2026-03-03 20:47:00,69.6,2.55,6.069,0
2026-03-03 20:48:00,70.73,2.532,6.198,0
2026-03-03 20:49:00,70.03,2.69,6.107,0
2026-03-03 20:50:00,70.23,3.075,6.344,0
2026-03-03 20:51:00,70.63,2.641,6.177,0
2026-03-03 20:52:00,70.51,2.991,6.255,0
2026-03-03 20:53:00,69.84,2.779,6.176,0
2026-03-03 20:54:00,69.68,2.754,6.244,0
2026-03-03 20:55:00,69.34,2.751,6.118,0
2026-03-03 20:56:00,69.26,2.365,6.149,0
2026-03-03 20:57:00,69.01,2.35,6.352,0
2026-03-03 20:58:00,70.34,3.196,6.197,0
2026-03-03 20:59:00,71.36,2.499,6.216,0
2026-03-03 21:00:00,71.39,3.137,6.222,0
2026-03-03 21:01:00,71.65,2.317,6.294,0
2026-03-03 21:02:00,70.51,2.443,6.198,0
2026-03-03 21:03:00,70.46,2.456,6.27,0
2026-03-03 21:04:00,70.27,2.704,6.084,0
2026-03-03 21:05:00,70.87,2.628,6.332,0
2026-03-03 21:06:00,70.61,2.661,6.205,0
2026-03-03 21:07:00,70.68,2.572,6.265,0
2026-03-03 21:08:00,70.79,3.144,6.207,0
2026-03-03 21:09:00,70.54,2.584,6.308,0
2026-03-03 21:10:00,70.33,2.724,6.308,0
2026-03-03 21:11:00,70.94,2.332,6.298,0
2026-03-03 21:12:00,70.53,2.961,6.192,0
2026-03-03 21:13:00,71.74,3.002,6.267,0
2026-03-03 21:14:00,71.59,2.695,6.292,0
2026-03-03 21:15:00,71.34,2.688,6.29,0
2026-03-03 21:16:00,71.7,2.946,6.222,0
2026-03-03 21:17:00,70.82,2.686,6.343,0
2026-03-03 21:18:00,70.65,2.612,6.314,0
2026-03-03 21:19:00,71.37,2.796,6.457,0
2026-03-03 21:20:00,70.62,2.461,6.272,0
2026-03-03 21:21:00,70.99,3.059,6.18,0
2026-03-03 21:22:00,71.62,3.004,6.309,0
2026-03-03 21:23:00,71.73,2.736,6.418,0
2026-03-03 21:24:00,71.27,2.662,6.358,0
2026-03-03 21:25:00,71.27,2.966,6.22,0
2026-03-03 21:26:00,71.34,2.828,6.517,0
2026-03-03 21:27:00,71.36,2.703,6.361,0
2026-03-03 21:28:00,71.46,2.641,6.343,0
2026-03-03 21:29:00,71.06,2.795,6.504,0
2026-03-03 21:30:00,70.89,2.595,6.176,0
2026-03-03 21:31:00,70.94,2.82,6.25,0
2026-03-03 21:32:00,70.99,2.586,6.264,0
2026-03-03 21:33:00,71.29,2.447,6.358,0
2026-03-03 21:34:00,71.19,2.939,6.231,0
2026-03-03 21:35:00,71.11,2.848,6.25,0
2026-03-03 21:36:00,71.44,2.519,6.269,0
2026-03-03 21:37:00,71.33,3.169,6.232,0
2026-03-03 21:38:00,71.02,2.401,6.176,0
2026-03-03 21:39:00,71.37,3.004,6.313,0
2026-03-03 21:40:00,70.66,2.867,6.298,0
2026-03-03 21:41:00,71.3,2.919,6.235,0
2026-03-03 21:42:00,72.04,2.78,6.434,0
2026-03-03 21:43:00,71.8,2.226,6.449,0
2026-03-03 21:44:00,71.68,2.782,6.32,0
2026-03-03 21:45:00,71.32,2.296,6.152,1
2026-03-03 21:46:00,71.28,2.672,6.209,0
2026-03-03 21:47:00,70.82,2.669,6.171,0
2026-03-03 21:48:00,70.39,2.41,6.173,0
2026-03-03 21:49:00,70.15,2.833,6.301,0
2026-03-03 21:50:00,70.29,2.947,6.165,0
2026-03-03 21:51:00,71.23,2.834,6.17,0
2026-03-03 21:52:00,71.16,2.908,6.26,0
2026-03-03 21:53:00,70.48,2.457,6.134,0
2026-03-03 21:54:00,69.94,3.042,6.044,0
2026-03-03 21:55:00,70.0,2.748,6.185,0
2026-03-03 21:56:00,70.53,2.7,5.996,0
2026-03-03 21:57:00,71.0,2.633,6.126,0
2026-03-03 21:58:00,70.6,2.417,6.244,0
2026-03-03 21:59:00,71.07,2.388,6.183,0
2026-03-03 22:00:00,71.09,2.916,6.221,0
2026-03-03 22:01:00,71.6,2.803,6.183,0
2026-03-03 22:02:00,71.54,2.492,6.15,0
2026-03-03 22:03:00,71.83,2.385,6.148,0
2026-03-03 22:04:00,71.3,2.716,6.106,0
2026-03-03 22:05:00,70.07,2.482,6.204,0
2026-03-03 22:06:00,70.45,2.609,6.011,0
2026-03-03 22:07:00,69.44,2.487,6.076,0
2026-03-03 22:08:00,70.02,2.608,6.117,0
2026-03-03 22:09:00,68.82,2.709,6.086,0
2026-03-03 22:10:00,69.1,2.415,6.263,0
2026-03-03 22:11:00,68.63,2.636,6.23,0
2026-03-03 22:12:00,69.13,2.71,6.129,0
2026-03-03 22:13:00,69.37,2.606,6.157,0
2026-03-03 22:14:00,69.15,2.598,6.076,0
2026-03-03 22:15:00,69.76,2.319,6.084,0
2026-03-03 22:16:00,69.49,2.221,6.091,0
2026-03-03 22:17:00,70.19,2.815,6.3,0
2026-03-03 22:18:00,70.16,2.616,6.121,0
2026-03-03 22:19:00,70.11,2.436,6.21,0
2026-03-03 22:20:00,70.85,3.022,6.292,0
2026-03-03 22:21:00,70.21,2.306,6.221,0
2026-03-03 22:22:00,71.3,2.82,6.277,0
2026-03-03 22:23:00,71.26,2.545,6.336,0
2026-03-03 22:24:00,72.34,2.795,6.198,0
2026-03-03 22:25:00,72.27,2.533,6.269,0
2026-03-03 22:26:00,72.29,2.899,6.39,0
2026-03-03 22:27:00,72.99,2.824,6.3,0
2026-03-03 22:28:00,72.59,2.635,6.168,0
2026-03-03 22:29:00,72.22,2.943,6.18,0
2026-03-03 22:30:00,72.78,2.794,6.214,1
2026-03-03 22:31:00,72.92,2.683,6.261,0
2026-03-03 22:32:00,72.94,3.343,6.229,0
2026-03-03 22:33:00,72.96,2.691,6.411,0
2026-03-03 22:34:00,73.22,2.978,6.431,0
2026-03-03 22:35:00,72.96,2.948,6.452,0
2026-03-03 22:36:00,73.61,2.711,6.41,0
2026-03-03 22:37:00,74.02,3.185,6.451,0
2026-03-03 22:38:00,74.43,2.605,6.392,0
2026-03-03 22:39:00,74.41,2.848,6.456,0
2026-03-03 22:40:00,74.09,2.746,6.323,0
2026-03-03 22:41:00,73.99,2.787,6.203,0
2026-03-03 22:42:00,74.75,3.043,6.371,0
2026-03-03 22:43:00,74.34,2.831,6.439,0
2026-03-03 22:44:00,74.35,2.751,6.199,0
2026-03-03 22:45:00,73.95,2.987,6.335,0
2026-03-03 22:46:00,73.7,2.734,6.423,0
2026-03-03 22:47:00,74.19,2.745,6.478,0
2026-03-03 22:48:00,73.69,3.288,6.507,0
2026-03-03 22:49:00,73.37,2.96,6.302,0
2026-03-03 22:50:00,72.66,2.913,6.38,0
2026-03-03 22:51:00,72.54,2.98,6.14,0
2026-03-03 22:52:00,72.71,2.686,6.312,0
2026-03-03 22:53:00,73.37,3.106,6.311,0
2026-03-03 22:54:00,72.5,2.82,6.357,0
2026-03-03 22:55:00,71.82,2.877,6.261,0
2026-03-03 22:56:00,71.99,2.841,6.145,0
2026-03-03 22:57:00,71.9,2.955,6.309,0
2026-03-03 22:58:00,71.55,2.732,6.18,0
2026-03-03 22:59:00,71.84,2.956,6.244,0
2026-03-03 23:00:00,71.41,2.475,6.196,0
2026-03-03 23:01:00,71.8,2.773,6.301,0
2026-03-03 23:02:00,71.2,2.735,6.332,0
2026-03-03 23:03:00,71.14,2.445,6.25,0
2026-03-03 23:04:00,71.24,3.03,6.196,0
2026-03-03 23:05:00,70.44,2.527,6.152,0
2026-03-03 23:06:00,70.05,2.363,6.205,0
2026-03-03 23:07:00,71.32,2.63,6.119,0
2026-03-03 23:08:00,71.1,2.745,6.108,0
2026-03-03 23:09:00,71.0,2.397,6.172,0
2026-03-03 23:10:00,70.66,2.753,5.963,0
2026-03-03 23:11:00,71.42,2.911,6.227,0
2026-03-03 23:12:00,71.39,2.741,6.222,0
2026-03-03 23:13:00,70.72,2.489,6.109,0
2026-03-03 23:14:00,71.09,2.547,6.152,0
2026-03-03 23:15:00,70.54,3.102,6.114,0
2026-03-03 23:16:00,70.86,2.736,6.268,0
2026-03-03 23:17:00,70.51,2.893,6.336,0
2026-03-03 23:18:00,70.87,2.848,6.178,0
2026-03-03 23:19:00,71.19,2.523,6.135,0
2026-03-03 23:20:00,71.74,2.512,6.261,0
2026-03-03 23:21:00,71.44,2.418,6.317,0
2026-03-03 23:22:00,71.63,2.647,6.282,0
2026-03-03 23:23:00,71.54,2.79,6.251,0
2026-03-03 23:24:00,71.61,2.638,6.304,0
2026-03-03 23:25:00,72.2,2.903,6.283,0
2026-03-03 23:26:00,72.29,2.679,6.285,0
2026-03-03 23:27:00,72.16,2.952,6.241,0
2026-03-03 23:28:00,72.08,2.631,6.203,0
2026-03-03 23:29:00,71.4,2.678,6.174,0
2026-03-03 23:30:00,72.72,2.711,6.209,0
2026-03-03 23:31:00,72.01,2.737,6.239,0
2026-03-03 23:32:00,71.55,2.684,6.248,0
2026-03-03 23:33:00,70.92,2.59,5.919,0
2026-03-03 23:34:00,71.02,2.827,6.038,0
2026-03-03 23:35:00,69.99,2.352,6.171,0
2026-03-03 23:36:00,70.32,2.351,6.176,0
2026-03-03 23:37:00,70.03,2.698,6.088,0
2026-03-03 23:38:00,70.0,2.59,6.038,0
2026-03-03 23:39:00,69.56,2.196,6.091,0
2026-03-03 23:40:00,69.88,2.325,5.868,0
2026-03-03 23:41:00,69.81,2.287,6.025,0
2026-03-03 23:42:00,69.95,2.534,5.98,0
2026-03-03 23:43:00,70.42,2.608,6.051,0
2026-03-03 23:44:00,69.8,2.581,6.007,0
2026-03-03 23:45:00,69.52,2.344,6.164,0
2026-03-03 23:46:00,69.82,2.574,6.077,0
2026-03-03 23:47:00,69.29,2.557,6.086,0
2026-03-03 23:48:00,69.12,2.479,6.039,0
2026-03-03 23:49:00,69.37,2.314,6.021,0
2026-03-03 23:50:00,68.96,2.314,5.961,0
2026-03-03 23:51:00,68.72,2.558,5.921,0
2026-03-03 23:52:00,68.45,2.305,5.932,0
2026-03-03 23:53:00,68.54,2.385,5.957,0
2026-03-03 23:54:00,68.23,2.507,5.893,0
2026-03-03 23:55:00,67.73,2.401,5.948,0
2026-03-03 23:56:00,67.61,2.446,5.882,0
2026-03-03 23:57:00,67.39,2.318,5.924,0
2026-03-03 23:58:00,67.4,2.371,5.965,0
2026-03-03 23:59:00,67.46,2.365,5.926,0
2026-03-04 00:00:00,68.16,2.266,5.888,0
2026-03-04 00:01:00,67.49,2.478,5.925,0
2026-03-04 00:02:00,68.04,2.46,5.91,0
2026-03-04 00:03:00,68.61,2.251,5.942,0
2026-03-04 00:04:00,68.24,2.089,5.835,0
2026-03-04 00:05:00,67.41,2.265,5.837,0
2026-03-04 00:06:00,68.12,2.616,5.946,0
2026-03-04 00:07:00,68.3,2.829,6.018,0
2026-03-04 00:08:00,68.22,2.626,5.968,0
2026-03-04 00:09:00,68.6,2.554,6.01,0
2026-03-04 00:10:00,68.3,2.512,6.162,0
2026-03-04 00:11:00,67.63,2.375,6.126,0
2026-03-04 00:12:00,68.57,2.199,5.961,0
2026-03-04 00:13:00,67.84,2.276,5.941,0
2026-03-04 00:14:00,67.83,2.39,5.967,0
2026-03-04 00:15:00,68.39,2.682,5.902,0
2026-03-04 00:16:00,68.2,2.258,5.978,0
2026-03-04 00:17:00,68.97,2.281,5.807,0
2026-03-04 00:18:00,69.45,2.361,5.859,0
2026-03-04 00:19:00,69.32,2.202,5.934,0
2026-03-04 00:20:00,68.86,2.379,5.881,0
2026-03-04 00:21:00,68.06,2.59,5.955,0
2026-03-04 00:22:00,68.56,2.45,6.011,0
2026-03-04 00:23:00,67.85,2.918,5.995,0
2026-03-04 00:24:00,67.92,2.223,6.042,0
2026-03-04 00:25:00,67.33,2.111,5.823,0
2026-03-04 00:26:00,66.89,2.496,5.897,0
2026-03-04 00:27:00,67.21,2.415,5.86,0
2026-03-04 00:28:00,67.33,2.214,5.921,0
2026-03-04 00:29:00,67.49,2.648,5.915,0
2026-03-04 00:30:00,67.39,2.159,5.875,0
2026-03-04 00:31:00,67.63,2.226,5.952,0
2026-03-04 00:32:00,67.21,2.486,5.857,0
2026-03-04 00:33:00,67.6,2.277,5.774,0
2026-03-04 00:34:00,67.03,2.011,6.021,0
2026-03-04 00:35:00,67.27,2.547,5.929,0
2026-03-04 00:36:00,67.69,2.664,6.001,0
2026-03-04 00:37:00,67.5,2.497,5.869,0
2026-03-04 00:38:00,67.97,2.319,6.054,0
2026-03-04 00:39:00,67.33,2.255,5.996,0
2026-03-04 00:40:00,68.17,2.547,6.134,0
2026-03-04 00:41:00,67.66,2.503,5.907,0
2026-03-04 00:42:00,67.52,2.146,5.91,0
2026-03-04 00:43:00,67.1,2.653,5.886,0
2026-03-04 00:44:00,67.77,2.178,5.961,0
2026-03-04 00:45:00,68.04,2.657,5.948,0
2026-03-04 00:46:00,67.37,2.795,5.921,0
2026-03-04 00:47:00,68.09,2.494,5.855,0
2026-03-04 00:48:00,68.31,2.364,5.994,0
2026-03-04 00:49:00,68.14,2.224,5.793,0
2026-03-04 00:50:00,68.03,2.244,5.867,0
2026-03-04 00:51:00,68.53,2.294,5.922,0
2026-03-04 00:52:00,68.01,2.247,5.983,0
2026-03-04 00:53:00,68.51,2.169,5.948,0
2026-03-04 00:54:00,68.49,2.311,6.014,0
2026-03-04 00:55:00,68.05,2.484,5.838,0
2026-03-04 00:56:00,68.16,1.992,6.066,0
2026-03-04 00:57:00,68.25,3.862,6.028,0
2026-03-04 00:58:00,68.83,2.269,5.899,0
2026-03-04 00:59:00,68.85,2.107,5.922,0
2026-03-04 01:00:00,69.07,2.81,5.912,0
2026-03-04 01:01:00,68.53,2.388,5.791,0
2026-03-04 01:02:00,68.34,2.148,5.968,0
2026-03-04 01:03:00,68.82,2.724,5.889,0
2026-03-04 01:04:00,69.13,2.32,5.932,0
2026-03-04 01:05:00,68.76,2.106,5.858,0
2026-03-04 01:06:00,68.73,2.269,5.988,0
2026-03-04 01:07:00,68.34,2.331,5.859,0
2026-03-04 01:08:00,69.06,2.195,5.912,0
2026-03-04 01:09:00,68.72,2.414,5.966,0
2026-03-04 01:10:00,69.17,2.6,5.888,0
2026-03-04 01:11:00,69.14,2.555,5.893,0
2026-03-04 01:12:00,69.05,2.518,5.957,0
2026-03-04 01:13:00,68.58,2.246,5.795,0
2026-03-04 01:14:00,68.14,2.191,5.881,0
2026-03-04 01:15:00,68.6,2.621,5.848,0
2026-03-04 01:16:00,68.64,2.204,5.981,0
2026-03-04 01:17:00,68.9,2.268,6.013,0
2026-03-04 01:18:00,68.91,2.361,5.849,0
2026-03-04 01:19:00,69.13,2.251,5.888,0
2026-03-04 01:20:00,69.09,2.433,6.042,0
2026-03-04 01:21:00,69.38,2.489,6.069,0
2026-03-04 01:22:00,68.77,2.819,5.85,0
2026-03-04 01:23:00,68.52,2.523,5.881,0
2026-03-04 01:24:00,68.61,2.316,5.86,0
2026-03-04 01:25:00,68.46,2.538,5.865,0
2026-03-04 01:26:00,68.39,2.48,5.945,0
2026-03-04 01:27:00,68.14,2.362,5.715,0
2026-03-04 01:28:00,68.38,2.18,5.914,0
2026-03-04 01:29:00,68.39,2.376,5.875,0
2026-03-04 01:30:00,68.25,2.231,5.992,0
2026-03-04 01:31:00,68.07,2.444,6.041,0
2026-03-04 01:32:00,68.53,2.286,5.919,0
2026-03-04 01:33:00,69.35,2.072,5.912,0
2026-03-04 01:34:00,68.71,2.149,5.893,0
2026-03-04 01:35:00,68.27,2.236,5.939,0
2026-03-04 01:36:00,68.26,2.42,5.967,0
2026-03-04 01:37:00,68.18,2.403,5.898,0
2026-03-04 01:38:00,68.54,2.688,5.953,0
2026-03-04 01:39:00,69.01,2.614,6.058,0
2026-03-04 01:40:00,68.26,2.515,6.051,0
2026-03-04 01:41:00,67.85,2.786,6.005,0
2026-03-04 01:42:00,68.58,2.211,6.136,0
2026-03-04 01:43:00,68.17,2.611,5.976,0
2026-03-04 01:44:00,67.46,2.815,6.016,0
2026-03-04 01:45:00,67.66,2.45,5.957,0
2026-03-04 01:46:00,68.11,2.309,6.054,0
2026-03-04 01:47:00,68.37,2.629,6.062,0
2026-03-04 01:48:00,69.27,2.562,5.98,0
2026-03-04 01:49:00,68.69,2.54,6.111,0
2026-03-04 01:50:00,69.06,2.544,6.257,0
2026-03-04 01:51:00,69.46,3.429,6.132,0
2026-03-04 01:52:00,69.11,2.17,6.086,0
2026-03-04 01:53:00,68.32,2.907,5.999,0
2026-03-04 01:54:00,68.8,2.643,6.09,0
2026-03-04 01:55:00,67.85,2.579,6.098,0
2026-03-04 01:56:00,68.41,2.419,6.149,0
2026-03-04 01:57:00,68.38,2.429,5.992,0
2026-03-04 01:58:00,68.48,2.373,6.015,0
2026-03-04 01:59:00,68.59,2.16,6.018,0
2026-03-04 02:00:00,68.5,2.494,6.002,0
2026-03-04 02:01:00,68.76,2.272,6.087,0
2026-03-04 02:02:00,68.41,2.401,6.188,0
2026-03-04 02:03:00,67.86,2.509,6.115,0
2026-03-04 02:04:00,68.66,2.369,6.044,0
2026-03-04 02:05:00,67.78,2.388,6.135,0
2026-03-04 02:06:00,68.18,2.442,6.091,0
2026-03-04 02:07:00,68.31,2.044,5.993,0
2026-03-04 02:08:00,68.37,2.454,6.028,0
2026-03-04 02:09:00,68.35,2.447,6.059,0
2026-03-04 02:10:00,67.56,2.419,5.986,0
2026-03-04 02:11:00,68.18,2.341,6.127,0
2026-03-04 02:12:00,68.1,2.305,6.135,0
2026-03-04 02:13:00,67.86,2.515,6.219,0
2026-03-04 02:14:00,66.87,2.349,6.111,0
2026-03-04 02:15:00,66.7,2.192,5.972,0
2026-03-04 02:16:00,67.11,2.583,5.986,0
2026-03-04 02:17:00,67.27,2.244,6.011,0
2026-03-04 02:18:00,67.51,2.387,5.949,0
2026-03-04 02:19:00,67.5,2.376,5.893,0
2026-03-04 02:20:00,67.79,2.677,5.997,0
2026-03-04 02:21:00,67.89,2.604,6.004,0
2026-03-04 02:22:00,67.61,2.666,5.962,0
2026-03-04 02:23:00,67.17,2.312,5.931,0
2026-03-04 02:24:00,67.21,2.072,6.005,0
2026-03-04 02:25:00,67.44,2.652,5.849,0
2026-03-04 02:26:00,66.94,2.224,5.947,0
2026-03-04 02:27:00,66.59,2.306,6.002,0
2026-03-04 02:28:00,66.87,2.334,5.968,0
2026-03-04 02:29:00,67.1,2.286,5.946,0
2026-03-04 02:30:00,66.33,2.509,5.83,0
2026-03-04 02:31:00,66.98,2.331,5.899,0
2026-03-04 02:32:00,66.46,2.067,5.915,0
2026-03-04 02:33:00,66.61,2.802,5.964,0
2026-03-04 02:34:00,66.32,2.554,5.929,0
2026-03-04 02:35:00,66.97,2.358,6.025,0
2026-03-04 02:36:00,67.3,2.189,6.058,0
2026-03-04 02:37:00,67.25,2.3,6.063,0
2026-03-04 02:38:00,66.37,2.512,6.023,0
2026-03-04 02:39:00,66.89,2.318,6.114,0
2026-03-04 02:40:00,66.34,2.448,5.883,0
2026-03-04 02:41:00,65.84,2.258,5.994,0
2026-03-04 02:42:00,66.42,2.31,5.912,0
2026-03-04 02:43:00,67.24,2.459,5.959,0
2026-03-04 02:44:00,66.63,2.594,6.029,0
2026-03-04 02:45:00,67.36,2.309,6.036,0
2026-03-04 02:46:00,67.22,2.16,5.836,0
2026-03-04 02:47:00,67.11,2.28,6.007,0
2026-03-04 02:48:00,67.45,2.365,5.98,0
2026-03-04 02:49:00,67.97,2.462,6.032,1
2026-03-04 02:50:00,67.85,2.654,5.981,0
2026-03-04 02:51:00,68.34,2.212,6.06,0
2026-03-04 02:52:00,68.2,2.383,5.934,0
2026-03-04 02:53:00,68.61,2.445,6.168,0
2026-03-04 02:54:00,68.2,2.519,5.961,0
2026-03-04 02:55:00,69.18,2.536,5.905,0
2026-03-04 02:56:00,68.43,2.361,5.976,0
2026-03-04 02:57:00,69.09,2.73,6.002,0
2026-03-04 02:58:00,68.75,2.163,5.986,0
2026-03-04 02:59:00,68.78,2.795,6.07,0
2026-03-04 03:00:00,69.17,2.412,6.073,0
2026-03-04 03:01:00,69.95,2.503,6.086,0
2026-03-04 03:02:00,70.79,2.631,6.281,0
2026-03-04 03:03:00,71.04,2.471,6.127,0
2026-03-04 03:04:00,70.79,2.496,6.191,0
2026-03-04 03:05:00,71.58,2.364,6.062,0
2026-03-04 03:06:00,70.88,2.502,6.046,0
2026-03-04 03:07:00,70.87,2.852,6.065,0
2026-03-04 03:08:00,70.78,2.275,6.166,0
2026-03-04 03:09:00,69.92,2.561,6.092,0
2026-03-04 03:10:00,69.57,3.068,6.058,0
2026-03-04 03:11:00,70.26,2.735,6.059,0
2026-03-04 03:12:00,69.91,2.497,6.019,0
2026-03-04 03:13:00,70.23,2.053,6.03,0
2026-03-04 03:14:00,69.94,2.547,5.965,0
2026-03-04 03:15:00,70.06,2.427,5.848,0
2026-03-04 03:16:00,69.47,2.399,6.105,0
2026-03-04 03:17:00,69.13,2.235,6.009,0
2026-03-04 03:18:00,68.35,2.352,6.0,0
2026-03-04 03:19:00,68.86,2.656,5.981,0
2026-03-04 03:20:00,68.93,2.255,6.142,0
2026-03-04 03:21:00,68.47,2.432,5.909,0
2026-03-04 03:22:00,68.17,2.114,5.935,0
2026-03-04 03:23:00,68.19,2.623,5.89,0
2026-03-04 03:24:00,67.91,2.59,5.904,0
2026-03-04 03:25:00,66.76,2.319,6.088,0
2026-03-04 03:26:00,67.93,2.261,5.996,0
2026-03-04 03:27:00,68.68,2.102,5.952,0
2026-03-04 03:28:00,68.8,2.362,5.983,0
2026-03-04 03:29:00,68.32,2.59,5.949,0
2026-03-04 03:30:00,69.13,2.439,6.117,0
2026-03-04 03:31:00,69.28,2.19,5.937,0
2026-03-04 03:32:00,69.39,2.318,5.922,0
2026-03-04 03:33:00,69.69,2.457,5.905,0
2026-03-04 03:34:00,69.31,2.529,5.956,0
2026-03-04 03:35:00,69.51,2.561,6.017,0
2026-03-04 03:36:00,69.71,2.566,5.863,0
2026-03-04 03:37:00,69.08,2.714,5.869,0
2026-03-04 03:38:00,68.42,2.2,5.932,0
2026-03-04 03:39:00,68.96,2.311,5.912,0
2026-03-04 03:40:00,68.8,2.513,6.014,0
2026-03-04 03:41:00,69.02,2.261,5.931,0
2026-03-04 03:42:00,69.01,2.257,5.818,0
2026-03-04 03:43:00,68.16,2.25,5.878,0
2026-03-04 03:44:00,68.57,2.202,5.837,0
2026-03-04 03:45:00,68.29,2.056,5.962,0
2026-03-04 03:46:00,68.43,2.22,5.858,0
2026-03-04 03:47:00,68.12,2.398,5.96,0
2026-03-04 03:48:00,68.11,2.381,5.814,0
2026-03-04 03:49:00,68.13,2.336,5.978,0
2026-03-04 03:50:00,67.83,1.926,5.779,0
2026-03-04 03:51:00,67.23,2.269,5.952,0
2026-03-04 03:52:00,67.97,2.413,5.904,0
2026-03-04 03:53:00,67.56,2.457,5.962,0
2026-03-04 03:54:00,67.04,2.333,6.03,0
2026-03-04 03:55:00,66.88,2.147,6.062,0
2026-03-04 03:56:00,67.19,2.174,5.954,0
2026-03-04 03:57:00,67.61,2.285,5.878,0
2026-03-04 03:58:00,67.88,2.376,5.917,0
2026-03-04 03:59:00,67.65,1.999,5.963,0
2026-03-04 04:00:00,68.35,2.147,5.968,0
2026-03-04 04:01:00,68.55,2.363,5.929,0
2026-03-04 04:02:00,68.38,2.307,6.116,0
2026-03-04 04:03:00,68.29,2.595,5.925,0
2026-03-04 04:04:00,68.13,2.12,6.064,0
2026-03-04 04:05:00,68.62,2.273,6.04,0
2026-03-04 04:06:00,69.13,2.051,6.036,0
2026-03-04 04:07:00,67.86,2.571,5.882,0
2026-03-04 04:08:00,68.06,2.285,6.058,0
2026-03-04 04:09:00,68.37,2.345,6.008,0
2026-03-04 04:10:00,67.83,2.417,6.013,0
2026-03-04 04:11:00,68.16,2.425,5.938,0
2026-03-04 04:12:00,67.86,2.483,5.997,1
2026-03-04 04:13:00,67.95,2.241,6.105,0
2026-03-04 04:14:00,68.63,2.417,5.993,0
2026-03-04 04:15:00,68.42,2.602,5.998,0
2026-03-04 04:16:00,67.93,2.297,6.058,0
2026-03-04 04:17:00,67.21,2.25,6.052,0
2026-03-04 04:18:00,67.26,2.434,5.963,0
2026-03-04 04:19:00,65.68,2.115,6.128,0
2026-03-04 04:20:00,65.54,2.499,6.003,0
2026-03-04 04:21:00,65.67,2.313,6.123,0
2026-03-04 04:22:00,66.05,2.086,6.089,0
2026-03-04 04:23:00,66.45,2.447,6.055,0
2026-03-04 04:24:00,66.82,2.552,5.974,0
2026-03-04 04:25:00,67.14,2.647,6.008,0
2026-03-04 04:26:00,67.18,2.557,6.172,0
2026-03-04 04:27:00,67.96,2.295,6.152,0
2026-03-04 04:28:00,67.95,2.338,6.097,0
2026-03-04 04:29:00,67.4,2.417,6.1,0
2026-03-04 04:30:00,67.19,2.298,5.883,0
2026-03-04 04:31:00,67.7,2.453,6.054,0
2026-03-04 04:32:00,68.53,2.281,6.065,0
2026-03-04 04:33:00,67.65,2.178,6.065,0
2026-03-04 04:34:00,68.65,2.165,5.818,0
2026-03-04 04:35:00,68.08,2.314,6.038,0
2026-03-04 04:36:00,68.73,2.64,6.146,0
2026-03-04 04:37:00,68.16,2.43,6.03,0
2026-03-04 04:38:00,67.99,2.512,6.237,0
2026-03-04 04:39:00,68.56,2.715,6.08,0
2026-03-04 04:40:00,67.53,2.467,6.089,0
2026-03-04 04:41:00,68.16,2.756,6.099,0
2026-03-04 04:42:00,67.32,2.53,6.086,0
2026-03-04 04:43:00,67.6,2.629,5.913,0
2026-03-04 04:44:00,67.27,2.42,6.017,0
2026-03-04 04:45:00,67.71,2.371,6.003,0
2026-03-04 04:46:00,68.26,2.246,6.059,0
2026-03-04 04:47:00,68.44,2.649,6.203,0
2026-03-04 04:48:00,68.34,2.556,6.015,0
2026-03-04 04:49:00,67.57,2.377,6.127,0
2026-03-04 04:50:00,67.92,2.257,5.989,0
2026-03-04 04:51:00,68.5,2.447,6.124,0
2026-03-04 04:52:00,67.55,2.568,6.022,0
2026-03-04 04:53:00,67.83,2.506,5.984,0
2026-03-04 04:54:00,67.86,2.562,6.034,0
2026-03-04 04:55:00,67.68,2.286,6.042,0
2026-03-04 04:56:00,67.65,2.436,6.11,0
2026-03-04 04:57:00,67.71,2.684,6.082,0
2026-03-04 04:58:00,68.16,2.354,5.919,0
2026-03-04 04:59:00,68.31,2.486,6.142,0
2026-03-04 05:00:00,67.98,2.222,6.082,0
2026-03-04 05:01:00,67.91,2.461,6.064,0
2026-03-04 05:02:00,67.57,2.198,5.935,0
2026-03-04 05:03:00,68.11,2.438,5.965,0
2026-03-04 05:04:00,67.99,2.028,5.891,0
2026-03-04 05:05:00,68.25,2.316,6.04,0
2026-03-04 05:06:00,68.06,2.341,5.989,0
2026-03-04 05:07:00,68.14,2.572,6.081,0
2026-03-04 05:08:00,68.5,2.453,5.946,0
2026-03-04 05:09:00,68.49,2.318,5.934,0
2026-03-04 05:10:00,68.76,2.302,6.037,0
2026-03-04 05:11:00,68.29,2.846,5.938,0
2026-03-04 05:12:00,68.0,2.516,6.137,0
2026-03-04 05:13:00,68.21,2.513,6.016,0
2026-03-04 05:14:00,68.59,2.133,5.992,0
2026-03-04 05:15:00,68.47,2.213,6.083,0
2026-03-04 05:16:00,67.37,2.239,6.066,0
2026-03-04 05:17:00,68.64,2.256,6.14,0
2026-03-04 05:18:00,68.6,2.203,6.016,0
2026-03-04 05:19:00,67.54,2.398,6.043,0
2026-03-04 05:20:00,68.3,2.384,6.143,0
2026-03-04 05:21:00,67.68,2.512,6.051,0
2026-03-04 05:22:00,67.7,2.321,6.217,0
2026-03-04 05:23:00,67.61,2.725,5.988,0
2026-03-04 05:24:00,67.76,2.216,6.111,0
2026-03-04 05:25:00,68.07,2.463,6.063,0
2026-03-04 05:26:00,67.83,2.553,6.055,0
2026-03-04 05:27:00,67.51,2.812,6.071,0
2026-03-04 05:28:00,67.43,2.31,6.114,0
2026-03-04 05:29:00,66.76,2.46,6.031,0
2026-03-04 05:30:00,67.66,2.219,6.048,0
2026-03-04 05:31:00,68.33,2.201,6.004,0
2026-03-04 05:32:00,68.62,2.285,6.149,0
2026-03-04 05:33:00,67.75,2.224,6.109,0
2026-03-04 05:34:00,68.25,2.626,6.025,0
2026-03-04 05:35:00,67.38,2.398,6.111,0
2026-03-04 05:36:00,68.13,2.564,5.951,0
2026-03-04 05:37:00,67.95,2.765,6.072,0
2026-03-04 05:38:00,67.65,2.349,5.913,0
2026-03-04 05:39:00,68.25,2.565,6.049,0
2026-03-04 05:40:00,68.09,2.447,6.151,0
2026-03-04 05:41:00,68.62,2.87,6.049,0
2026-03-04 05:42:00,67.93,2.44,6.098,0
2026-03-04 05:43:00,67.98,2.259,6.087,0
2026-03-04 05:44:00,69.17,2.246,6.069,0
2026-03-04 05:45:00,68.36,2.108,6.056,0
2026-03-04 05:46:00,68.56,2.366,6.251,0
2026-03-04 05:47:00,69.41,2.591,5.99,0
2026-03-04 05:48:00,69.17,2.873,6.1,0
2026-03-04 05:49:00,69.63,2.501,6.179,0
2026-03-04 05:50:00,69.22,2.252,6.047,0
2026-03-04 05:51:00,69.22,2.145,6.103,0
2026-03-04 05:52:00,69.25,2.739,6.029,0
2026-03-04 05:53:00,69.3,2.445,6.192,0
2026-03-04 05:54:00,69.07,2.339,6.126,0
2026-03-04 05:55:00,69.29,2.699,6.149,0
2026-03-04 05:56:00,69.11,2.547,6.142,0
2026-03-04 05:57:00,69.37,2.603,6.212,0
2026-03-04 05:58:00,69.35,2.383,5.996,0
2026-03-04 05:59:00,69.17,2.502,6.178,0
2026-03-04 06:00:00,69.2,2.43,6.229,0
2026-03-04 06:01:00,69.05,2.71,6.124,0
2026-03-04 06:02:00,69.08,2.313,6.146,0
2026-03-04 06:03:00,69.3,2.845,6.046,0
2026-03-04 06:04:00,69.22,2.913,6.056,0
2026-03-04 06:05:00,69.77,2.767,6.169,0
2026-03-04 06:06:00,69.67,2.419,6.15,0
2026-03-04 06:07:00,70.19,2.471,6.109,0
2026-03-04 06:08:00,69.13,2.86,6.157,0
2026-03-04 06:09:00,69.41,2.656,6.163,0
2026-03-04 06:10:00,69.18,2.505,6.162,0
2026-03-04 06:11:00,68.57,2.171,6.063,0
2026-03-04 06:12:00,69.48,2.702,5.981,0
2026-03-04 06:13:00,69.89,2.95,6.043,0
2026-03-04 06:14:00,69.83,2.514,6.057,0
2026-03-04 06:15:00,70.4,2.505,6.078,0
2026-03-04 06:16:00,70.4,2.492,5.993,0
2026-03-04 06:17:00,70.21,2.498,6.034,0
2026-03-04 06:18:00,70.65,2.43,6.075,0
2026-03-04 06:19:00,69.31,2.34,6.031,0
2026-03-04 06:20:00,69.9,2.8,6.086,0
2026-03-04 06:21:00,70.31,2.546,6.123,0
2026-03-04 06:22:00,69.54,2.635,6.087,0
2026-03-04 06:23:00,69.02,2.364,6.051,0
2026-03-04 06:24:00,68.79,2.48,6.186,0
2026-03-04 06:25:00,68.72,2.795,6.106,0
2026-03-04 06:26:00,69.32,2.42,6.237,0
2026-03-04 06:27:00,69.0,2.494,6.197,0
2026-03-04 06:28:00,69.42,2.503,6.02,0
2026-03-04 06:29:00,68.21,2.595,6.161,0
2026-03-04 06:30:00,69.37,2.466,6.17,0
2026-03-04 06:31:00,69.73,2.398,6.292,0
2026-03-04 06:32:00,69.26,2.706,6.253,0
2026-03-04 06:33:00,70.15,2.847,6.277,0
2026-03-04 06:34:00,68.65,2.676,6.19,0
2026-03-04 06:35:00,70.05,2.65,6.114,0
2026-03-04 06:36:00,69.49,2.589,6.364,0
2026-03-04 06:37:00,69.51,2.828,6.21,0
2026-03-04 06:38:00,70.54,2.692,6.332,0
2026-03-04 06:39:00,69.63,2.649,6.45,0
2026-03-04 06:40:00,69.93,2.277,6.221,0
2026-03-04 06:41:00,70.15,3.067,6.209,0
2026-03-04 06:42:00,70.22,2.537,6.064,0
2026-03-04 06:43:00,70.58,2.536,6.235,0
2026-03-04 06:44:00,71.61,2.519,6.292,0
2026-03-04 06:45:00,71.3,2.799,6.374,0
2026-03-04 06:46:00,71.17,2.635,6.271,0
2026-03-04 06:47:00,71.54,2.604,6.345,0
2026-03-04 06:48:00,71.75,2.955,6.325,0
2026-03-04 06:49:00,71.3,2.509,6.234,0
2026-03-04 06:50:00,71.4,2.827,6.188,0
2026-03-04 06:51:00,71.11,2.646,6.298,0
2026-03-04 06:52:00,70.98,2.7,6.158,0
2026-03-04 06:53:00,70.74,2.448,5.996,0
2026-03-04 06:54:00,70.1,2.483,6.105,0
2026-03-04 06:55:00,69.72,2.747,6.007,0
2026-03-04 06:56:00,69.81,2.51,6.269,0
2026-03-04 06:57:00,70.21,2.633,6.172,0
2026-03-04 06:58:00,70.53,2.583,6.261,0
2026-03-04 06:59:00,69.28,2.707,6.199,0
2026-03-04 07:00:00,69.74,2.52,6.17,0
2026-03-04 07:01:00,68.96,2.655,6.126,0
2026-03-04 07:02:00,69.62,2.498,6.221,0
2026-03-04 07:03:00,68.66,2.549,6.041,0
2026-03-04 07:04:00,68.89,2.704,5.918,0
2026-03-04 07:05:00,68.24,2.433,6.119,0
2026-03-04 07:06:00,68.64,2.719,6.287,0
2026-03-04 07:07:00,68.2,2.043,6.208,0
2026-03-04 07:08:00,69.19,2.263,6.11,0
2026-03-04 07:09:00,69.3,2.514,6.133,0
2026-03-04 07:10:00,69.47,2.451,6.206,0
2026-03-04 07:11:00,70.11,2.708,6.041,0
2026-03-04 07:12:00,69.54,2.511,6.183,0
2026-03-04 07:13:00,69.33,2.668,6.022,0
2026-03-04 07:14:00,69.77,2.48,6.18,0
2026-03-04 07:15:00,68.62,2.431,6.223,0
2026-03-04 07:16:00,69.31,2.268,6.135,0
2026-03-04 07:17:00,69.12,2.29,6.323,0
2026-03-04 07:18:00,69.64,2.821,6.141,0
2026-03-04 07:19:00,69.33,2.423,6.201,0
2026-03-04 07:20:00,69.24,2.522,6.046,0
2026-03-04 07:21:00,68.62,2.478,6.197,0
2026-03-04 07:22:00,68.17,2.812,6.267,0
2026-03-04 07:23:00,68.47,2.525,6.171,0
2026-03-04 07:24:00,68.6,2.786,6.283,0
2026-03-04 07:25:00,69.1,2.735,6.18,0
2026-03-04 07:26:00,69.16,2.795,6.204,0
2026-03-04 07:27:00,70.24,2.681,6.309,0
2026-03-04 07:28:00,69.22,2.502,6.264,0
2026-03-04 07:29:00,69.71,2.548,6.145,0
2026-03-04 07:30:00,70.19,2.852,6.262,0
2026-03-04 07:31:00,69.98,2.265,6.146,0
2026-03-04 07:32:00,70.49,2.563,6.205,0
2026-03-04 07:33:00,70.96,2.701,6.228,0
2026-03-04 07:34:00,71.37,2.421,6.139,0
2026-03-04 07:35:00,71.0,2.679,6.114,0
2026-03-04 07:36:00,70.32,2.712,6.29,0
2026-03-04 07:37:00,70.76,2.925,6.284,0
2026-03-04 07:38:00,71.13,2.604,6.123,0
2026-03-04 07:39:00,71.53,2.409,6.226,0
2026-03-04 07:40:00,71.21,2.65,6.263,0
2026-03-04 07:41:00,70.83,2.622,6.329,0
2026-03-04 07:42:00,70.13,2.941,6.286,0
2026-03-04 07:43:00,71.11,2.904,6.192,0
2026-03-04 07:44:00,70.65,2.894,6.199,0
2026-03-04 07:45:00,70.07,2.703,6.154,0
2026-03-04 07:46:00,71.18,2.681,6.05,0
2026-03-04 07:47:00,70.82,2.41,6.229,0
2026-03-04 07:48:00,70.31,2.117,6.35,0
2026-03-04 07:49:00,71.23,2.96,6.182,0
2026-03-04 07:50:00,70.54,3.136,6.247,0
2026-03-04 07:51:00,69.82,2.628,6.245,1
2026-03-04 07:52:00,70.42,2.462,6.299,0
2026-03-04 07:53:00,70.35,2.491,6.298,0
2026-03-04 07:54:00,70.48,3.062,6.098,0
2026-03-04 07:55:00,70.75,2.904,6.158,0
2026-03-04 07:56:00,70.51,2.937,6.085,0
2026-03-04 07:57:00,70.67,2.743,6.164,0
2026-03-04 07:58:00,70.97,2.18,6.157,0
2026-03-04 07:59:00,71.5,2.99,6.39,0
2026-03-04 08:00:00,71.41,2.617,6.262,0
2026-03-04 08:01:00,71.28,2.676,6.152,0
2026-03-04 08:02:00,70.51,2.511,6.209,0
2026-03-04 08:03:00,70.94,2.639,6.061,0
2026-03-04 08:04:00,70.98,2.657,6.25,0
2026-03-04 08:05:00,70.88,2.81,6.125,0
2026-03-04 08:06:00,70.73,2.525,6.051,0
2026-03-04 08:07:00,70.45,2.501,6.092,0
2026-03-04 08:08:00,70.07,2.306,6.01,0
2026-03-04 08:09:00,70.08,2.433,5.992,0
2026-03-04 08:10:00,70.24,2.57,6.144,0
2026-03-04 08:11:00,70.83,2.602,6.039,0
2026-03-04 08:12:00,69.67,2.638,6.059,0
2026-03-04 08:13:00,68.66,2.305,6.073,0
2026-03-04 08:14:00,68.34,2.523,6.164,0
2026-03-04 08:15:00,68.57,2.084,6.029,0
2026-03-04 08:16:00,68.37,2.525,6.007,0
2026-03-04 08:17:00,68.49,2.341,5.942,0
2026-03-04 08:18:00,68.87,2.337,6.159,0
2026-03-04 08:19:00,68.36,2.332,6.037,0
2026-03-04 08:20:00,68.52,2.455,6.122,0
2026-03-04 08:21:00,68.56,2.582,6.077,0
2026-03-04 08:22:00,69.13,2.256,6.033,0
2026-03-04 08:23:00,69.14,2.537,6.099,0
2026-03-04 08:24:00,69.17,2.516,6.185,0
2026-03-04 08:25:00,69.09,2.546,6.149,0
2026-03-04 08:26:00,69.94,2.522,6.094,0
2026-03-04 08:27:00,69.2,2.485,6.174,0
2026-03-04 08:28:00,69.2,2.699,6.192,0
2026-03-04 08:29:00,68.24,2.308,5.935,0
2026-03-04 08:30:00,67.97,2.577,6.1,0
2026-03-04 08:31:00,67.96,2.406,5.975,0
2026-03-04 08:32:00,67.71,2.282,5.975,0
2026-03-04 08:33:00,67.76,2.151,6.151,0
2026-03-04 08:34:00,67.99,2.877,5.952,0
2026-03-04 08:35:00,68.14,2.417,6.034,0
2026-03-04 08:36:00,68.43,2.415,5.862,0
2026-03-04 08:37:00,69.15,2.681,6.097,0
2026-03-04 08:38:00,69.29,2.429,6.049,0
2026-03-04 08:39:00,68.81,2.459,6.01,0
2026-03-04 08:40:00,68.32,2.32,6.064,0
2026-03-04 08:41:00,67.94,2.649,6.0,0
2026-03-04 08:42:00,67.84,2.921,6.168,0
2026-03-04 08:43:00,67.94,2.527,5.936,0
2026-03-04 08:44:00,68.28,2.605,6.026,0
2026-03-04 08:45:00,68.88,2.165,6.018,0
2026-03-04 08:46:00,68.25,2.416,5.979,0
2026-03-04 08:47:00,68.41,2.451,5.898,0
2026-03-04 08:48:00,68.3,2.493,5.985,0
2026-03-04 08:49:00,68.68,2.495,6.056,0
2026-03-04 08:50:00,68.63,2.85,6.092,0
2026-03-04 08:51:00,69.66,2.375,6.071,0
2026-03-04 08:52:00,67.63,2.636,6.055,0
2026-03-04 08:53:00,68.22,2.651,5.904,0
2026-03-04 08:54:00,68.49,2.392,6.126,0
2026-03-04 08:55:00,68.5,2.586,6.003,0
2026-03-04 08:56:00,69.21,2.391,5.998,0
2026-03-04 08:57:00,69.28,2.572,6.082,0
2026-03-04 08:58:00,69.34,2.826,6.211,0
2026-03-04 08:59:00,69.25,2.739,6.106,0
2026-03-04 09:00:00,68.59,2.695,6.14,0
2026-03-04 09:01:00,68.36,2.641,6.162,0
2026-03-04 09:02:00,68.57,2.58,6.263,0
2026-03-04 09:03:00,68.56,2.498,6.105,0
2026-03-04 09:04:00,68.41,2.522,6.063,0
2026-03-04 09:05:00,68.69,2.68,6.187,0
2026-03-04 09:06:00,68.85,2.435,6.192,0
2026-03-04 09:07:00,68.76,2.616,5.979,0
2026-03-04 09:08:00,69.33,2.177,6.086,0
2026-03-04 09:09:00,69.13,2.537,6.211,0
2026-03-04 09:10:00,68.93,2.783,6.121,0
2026-03-04 09:11:00,68.76,2.624,6.09,0
2026-03-04 09:12:00,68.79,2.177,6.093,0
2026-03-04 09:13:00,68.53,2.292,6.093,0
2026-03-04 09:14:00,68.64,2.552,6.19,0
2026-03-04 09:15:00,68.9,2.121,5.942,0
2026-03-04 09:16:00,68.56,2.32,6.039,0
2026-03-04 09:17:00,68.82,2.417,5.843,0
2026-03-04 09:18:00,69.16,2.211,5.945,0
2026-03-04 09:19:00,68.85,2.267,5.844,0
2026-03-04 09:20:00,69.11,2.519,6.172,0
2026-03-04 09:21:00,69.81,2.3,5.955,0
2026-03-04 09:22:00,69.13,2.564,6.031,0
2026-03-04 09:23:00,69.61,2.539,5.857,0
2026-03-04 09:24:00,69.76,2.501,5.994,0
2026-03-04 09:25:00,69.27,2.503,5.942,0
2026-03-04 09:26:00,68.58,2.547,5.872,0
2026-03-04 09:27:00,68.4,2.35,5.884,0
2026-03-04 09:28:00,69.41,2.335,6.0,0
2026-03-04 09:29:00,68.78,2.895,6.045,0
2026-03-04 09:30:00,68.22,2.494,5.967,0
2026-03-04 09:31:00,68.65,2.788,5.924,0
2026-03-04 09:32:00,68.06,2.494,5.819,0
2026-03-04 09:33:00,69.11,2.284,5.95,0
2026-03-04 09:34:00,69.2,2.557,6.075,0
2026-03-04 09:35:00,68.31,2.217,5.981,0
2026-03-04 09:36:00,68.32,2.216,5.964,0
2026-03-04 09:37:00,68.29,2.673,6.061,0
2026-03-04 09:38:00,68.64,2.406,5.957,0
2026-03-04 09:39:00,68.93,2.268,5.98,0
2026-03-04 09:40:00,69.04,2.532,6.082,0
2026-03-04 09:41:00,68.82,2.491,6.214,0
2026-03-04 09:42:00,69.32,2.22,6.059,0
2026-03-04 09:43:00,69.52,2.608,6.081,0
2026-03-04 09:44:00,68.9,2.714,6.053,0
2026-03-04 09:45:00,69.55,2.46,6.068,0
2026-03-04 09:46:00,69.77,2.44,5.996,0
2026-03-04 09:47:00,69.26,2.334,6.07,0
2026-03-04 09:48:00,69.3,2.176,6.12,0
2026-03-04 09:49:00,70.0,2.604,6.176,0
2026-03-04 09:50:00,69.35,2.607,6.045,0
2026-03-04 09:51:00,69.78,2.507,6.084,0
2026-03-04 09:52:00,70.08,2.732,6.047,0
2026-03-04 09:53:00,70.02,2.421,6.086,0
2026-03-04 09:54:00,69.81,2.595,6.131,0
2026-03-04 09:55:00,70.47,2.477,6.068,0
2026-03-04 09:56:00,71.39,2.588,6.042,0
2026-03-04 09:57:00,70.73,2.568,6.224,0
2026-03-04 09:58:00,70.66,2.481,6.135,0
2026-03-04 09:59:00,70.89,2.426,6.247,0
2026-03-04 10:00:00,70.64,2.56,6.15,0
2026-03-04 10:01:00,70.15,2.845,6.222,0
2026-03-04 10:02:00,70.12,2.865,6.103,0
2026-03-04 10:03:00,70.51,2.845,6.144,0
2026-03-04 10:04:00,69.92,2.761,6.028,0
2026-03-04 10:05:00,70.61,2.31,6.194,0
2026-03-04 10:06:00,70.19,2.754,6.25,0
2026-03-04 10:07:00,69.6,2.517,6.262,0
2026-03-04 10:08:00,69.91,2.49,6.021,0
2026-03-04 10:09:00,70.15,2.703,6.239,0
2026-03-04 10:10:00,69.84,2.814,6.175,0
2026-03-04 10:11:00,69.67,2.319,6.083,0
2026-03-04 10:12:00,69.66,3.163,6.153,0
2026-03-04 10:13:00,69.7,2.586,6.135,0
2026-03-04 10:14:00,69.16,2.613,6.234,0
2026-03-04 10:15:00,69.75,2.68,6.374,0
2026-03-04 10:16:00,69.21,2.515,6.214,0
2026-03-04 10:17:00,70.35,2.588,6.219,0
2026-03-04 10:18:00,70.26,2.373,6.077,0
2026-03-04 10:19:00,70.08,2.776,6.101,0
2026-03-04 10:20:00,70.5,2.652,6.081,0
2026-03-04 10:21:00,69.27,2.297,6.117,0
2026-03-04 10:22:00,69.53,2.351,6.194,0
2026-03-04 10:23:00,69.77,2.92,6.187,0
2026-03-04 10:24:00,69.91,2.688,6.194,0
2026-03-04 10:25:00,70.38,2.643,6.339,0
2026-03-04 10:26:00,70.04,2.501,6.242,0
2026-03-04 10:27:00,69.66,2.412,6.145,0
2026-03-04 10:28:00,69.3,2.586,6.151,0
2026-03-04 10:29:00,70.1,2.485,6.07,0
2026-03-04 10:30:00,69.53,2.272,6.167,0
2026-03-04 10:31:00,69.36,2.579,6.223,0
2026-03-04 10:32:00,69.35,2.588,6.129,0
2026-03-04 10:33:00,69.25,2.151,6.165,0
2026-03-04 10:34:00,68.51,2.617,6.223,0
2026-03-04 10:35:00,68.16,2.524,6.095,0
2026-03-04 10:36:00,68.63,2.506,6.08,0
2026-03-04 10:37:00,68.18,2.163,6.051,1
2026-03-04 10:38:00,68.8,2.535,6.03,0
2026-03-04 10:39:00,68.78,2.528,5.967,0
2026-03-04 10:40:00,68.61,2.581,6.039,0
2026-03-04 10:41:00,68.43,2.843,5.928,0
2026-03-04 10:42:00,68.68,2.712,6.08,0
2026-03-04 10:43:00,69.21,2.411,6.182,0
2026-03-04 10:44:00,68.52,2.274,5.965,0
2026-03-04 10:45:00,69.01,2.431,6.1,0
2026-03-04 10:46:00,68.98,2.329,6.023,0
2026-03-04 10:47:00,69.46,2.53,6.064,0
2026-03-04 10:48:00,68.94,2.631,5.994,1
2026-03-04 10:49:00,69.37,2.391,6.126,0
2026-03-04 10:50:00,69.45,2.397,5.994,0
2026-03-04 10:51:00,69.6,2.511,6.068,0
2026-03-04 10:52:00,68.8,2.378,5.99,0
2026-03-04 10:53:00,69.69,2.483,6.145,0
2026-03-04 10:54:00,69.29,2.479,6.14,0
2026-03-04 10:55:00,69.45,2.738,5.979,0
2026-03-04 10:56:00,69.57,2.426,6.187,0
2026-03-04 10:57:00,69.75,2.687,6.137,0
2026-03-04 10:58:00,70.26,3.009,6.293,0
2026-03-04 10:59:00,70.31,2.53,6.063,0
2026-03-04 11:00:00,70.63,2.494,6.237,0
2026-03-04 11:01:00,69.89,2.855,6.199,0
2026-03-04 11:02:00,69.85,2.248,6.049,0
2026-03-04 11:03:00,69.45,2.455,6.088,0
2026-03-04 11:04:00,69.69,2.434,6.055,0
2026-03-04 11:05:00,69.85,2.505,6.197,0
2026-03-04 11:06:00,69.07,2.118,6.093,0
2026-03-04 11:07:00,68.74,2.828,6.049,0
2026-03-04 11:08:00,69.32,2.613,6.081,0
2026-03-04 11:09:00,68.62,2.479,6.125,0
2026-03-04 11:10:00,67.65,2.449,6.094,0
2026-03-04 11:11:00,67.68,2.319,6.012,0
2026-03-04 11:12:00,68.07,2.49,6.177,0
2026-03-04 11:13:00,67.4,2.556,6.157,0
2026-03-04 11:14:00,67.63,2.649,6.191,0
2026-03-04 11:15:00,67.5,2.486,6.066,0
2026-03-04 11:16:00,67.5,2.61,6.347,0
2026-03-04 11:17:00,68.01,2.575,6.201,0
2026-03-04 11:18:00,68.02,2.683,6.378,0
2026-03-04 11:19:00,67.98,2.554,6.124,0
2026-03-04 11:20:00,68.91,2.505,6.208,0
2026-03-04 11:21:00,69.03,2.546,6.061,0
2026-03-04 11:22:00,69.68,2.867,6.247,0
2026-03-04 11:23:00,69.11,2.843,6.416,0
2026-03-04 11:24:00,68.48,2.507,6.276,0
2026-03-04 11:25:00,67.87,2.401,6.276,0
2026-03-04 11:26:00,68.04,2.491,6.189,0
2026-03-04 11:27:00,67.32,2.424,6.327,0
2026-03-04 11:28:00,68.76,2.561,6.2,0
2026-03-04 11:29:00,68.86,2.31,6.382,0
2026-03-04 11:30:00,68.55,2.548,6.189,0
2026-03-04 11:31:00,69.21,2.537,6.311,0
2026-03-04 11:32:00,69.11,2.52,6.139,0
2026-03-04 11:33:00,69.07,2.397,6.215,0
2026-03-04 11:34:00,69.6,2.426,6.124,0
2026-03-04 11:35:00,70.31,2.384,6.237,0
2026-03-04 11:36:00,71.07,2.37,6.041,0
2026-03-04 11:37:00,70.4,2.603,6.371,0
2026-03-04 11:38:00,71.07,2.622,6.247,0
2026-03-04 11:39:00,71.1,2.816,6.287,0
2026-03-04 11:40:00,70.38,3.036,6.171,1
2026-03-04 11:41:00,70.45,2.53,6.127,0
2026-03-04 11:42:00,70.76,2.717,6.287,0
2026-03-04 11:43:00,69.81,2.567,6.289,0
2026-03-04 11:44:00,69.95,2.758,6.084,0
2026-03-04 11:45:00,70.87,2.679,6.163,0
2026-03-04 11:46:00,70.96,2.978,6.267,0
2026-03-04 11:47:00,70.68,2.535,6.11,0
2026-03-04 11:48:00,70.7,2.726,6.154,0
2026-03-04 11:49:00,71.57,2.691,6.279,0
2026-03-04 11:50:00,71.39,2.465,6.206,0
2026-03-04 11:51:00,71.55,2.766,6.331,0
2026-03-04 11:52:00,72.04,3.296,6.149,0
2026-03-04 11:53:00,72.15,3.044,6.091,0
2026-03-04 11:54:00,72.47,2.801,6.202,0
2026-03-04 11:55:00,71.78,2.547,6.272,0
2026-03-04 11:56:00,72.08,2.719,6.175,0
2026-03-04 11:57:00,71.43,2.383,6.266,0
2026-03-04 11:58:00,70.94,2.407,6.178,0
2026-03-04 11:59:00,70.65,2.385,6.106,0
2026-03-04 12:00:00,70.55,2.62,6.021,0
2026-03-04 12:01:00,71.61,2.787,6.16,0
2026-03-04 12:02:00,70.72,2.588,6.146,0
2026-03-04 12:03:00,70.19,2.709,6.172,0
2026-03-04 12:04:00,70.38,2.849,5.986,0
2026-03-04 12:05:00,70.45,2.73,6.098,0
2026-03-04 12:06:00,70.74,2.71,6.193,0
2026-03-04 12:07:00,70.64,2.46,6.115,0
2026-03-04 12:08:00,70.2,2.468,6.109,0
2026-03-04 12:09:00,70.09,2.582,6.199,0
2026-03-04 12:10:00,69.57,2.494,6.151,0
2026-03-04 12:11:00,69.67,2.65,6.191,0
2026-03-04 12:12:00,69.37,2.273,6.109,0
2026-03-04 12:13:00,69.53,2.12,6.202,0
2026-03-04 12:14:00,70.09,2.578,6.177,0
2026-03-04 12:15:00,70.3,2.304,6.034,0
2026-03-04 12:16:00,70.03,3.264,6.198,0
2026-03-04 12:17:00,69.19,2.473,6.065,0
2026-03-04 12:18:00,68.91,2.486,6.27,0
2026-03-04 12:19:00,68.91,2.316,6.057,0
2026-03-04 12:20:00,69.19,2.342,6.129,0
2026-03-04 12:21:00,69.39,2.646,6.153,0
2026-03-04 12:22:00,69.34,2.373,6.301,0
2026-03-04 12:23:00,69.08,2.609,6.099,0
2026-03-04 12:24:00,69.5,2.544,6.046,0
2026-03-04 12:25:00,69.43,2.505,6.083,0
2026-03-04 12:26:00,69.62,2.429,6.205,0
2026-03-04 12:27:00,69.51,2.741,6.03,0
2026-03-04 12:28:00,70.66,2.439,6.174,0
2026-03-04 12:29:00,70.04,2.48,6.004,0
2026-03-04 12:30:00,69.91,2.717,6.233,0
2026-03-04 12:31:00,70.39,2.341,6.122,0
2026-03-04 12:32:00,70.83,2.503,6.05,0
2026-03-04 12:33:00,71.15,2.995,6.14,0
2026-03-04 12:34:00,71.01,2.717,6.207,0
2026-03-04 12:35:00,71.23,3.052,6.149,0
2026-03-04 12:36:00,70.7,3.069,6.243,0
2026-03-04 12:37:00,70.72,2.541,6.138,0
2026-03-04 12:38:00,70.61,2.239,6.17,0
2026-03-04 12:39:00,69.96,2.768,6.29,0
2026-03-04 12:40:00,70.58,2.59,6.267,0
2026-03-04 12:41:00,70.57,3.138,6.102,0
2026-03-04 12:42:00,69.82,2.639,6.073,0
2026-03-04 12:43:00,70.32,2.346,6.192,0
2026-03-04 12:44:00,69.61,2.933,6.201,0
2026-03-04 12:45:00,70.66,2.413,6.216,0
2026-03-04 12:46:00,70.61,2.547,6.265,0
2026-03-04 12:47:00,70.42,2.468,6.18,0
2026-03-04 12:48:00,70.56,2.65,6.31,0
2026-03-04 12:49:00,69.7,2.689,6.237,0
2026-03-04 12:50:00,69.97,2.57,6.224,0
2026-03-04 12:51:00,69.67,2.308,6.17,0
2026-03-04 12:52:00,69.51,2.435,6.033,0
2026-03-04 12:53:00,69.86,2.277,6.084,0
2026-03-04 12:54:00,69.77,2.414,6.11,0
2026-03-04 12:55:00,69.08,2.457,5.93,0
2026-03-04 12:56:00,69.43,2.47,6.03,0
2026-03-04 12:57:00,69.43,2.436,6.133,0
2026-03-04 12:58:00,68.59,2.555,6.102,0
2026-03-04 12:59:00,68.75,2.698,6.1,0
2026-03-04 13:00:00,69.32,2.62,6.114,0
2026-03-04 13:01:00,69.28,2.55,6.187,0
2026-03-04 13:02:00,68.96,2.321,5.994,0
2026-03-04 13:03:00,69.13,2.342,5.921,0
2026-03-04 13:04:00,70.16,2.603,6.135,0
2026-03-04 13:05:00,69.37,2.763,6.11,0
2026-03-04 13:06:00,68.98,2.526,6.08,0
2026-03-04 13:07:00,68.32,2.37,6.007,0
2026-03-04 13:08:00,69.01,2.583,6.057,0
2026-03-04 13:09:00,69.25,2.076,6.244,0
2026-03-04 13:10:00,69.65,2.133,6.043,0
2026-03-04 13:11:00,69.55,2.43,6.084,0
2026-03-04 13:12:00,68.06,2.527,5.846,0
2026-03-04 13:13:00,68.53,2.482,6.002,0
2026-03-04 13:14:00,68.17,2.328,5.979,0
2026-03-04 13:15:00,68.69,2.524,5.917,0
2026-03-04 13:16:00,68.64,2.259,5.911,0
2026-03-04 13:17:00,67.56,2.562,6.043,0
2026-03-04 13:18:00,67.23,2.416,5.937,0
2026-03-04 13:19:00,67.28,2.607,6.095,0
2026-03-04 13:20:00,67.89,2.52,6.147,0
2026-03-04 13:21:00,67.14,2.177,5.995,0
2026-03-04 13:22:00,67.55,2.468,6.071,0
2026-03-04 13:23:00,67.95,2.478,6.031,0
2026-03-04 13:24:00,68.15,2.912,5.94,0
2026-03-04 13:25:00,67.99,2.233,6.048,0
2026-03-04 13:26:00,67.26,2.686,6.159,0
2026-03-04 13:27:00,66.68,2.409,6.181,0
2026-03-04 13:28:00,67.38,2.24,6.088,0
2026-03-04 13:29:00,67.54,2.547,6.118,0
2026-03-04 13:30:00,67.64,2.624,6.085,0
2026-03-04 13:31:00,66.8,2.759,6.065,0
2026-03-04 13:32:00,67.26,2.349,6.085,0
2026-03-04 13:33:00,67.64,2.775,6.019,0
2026-03-04 13:34:00,67.48,2.314,6.095,0
2026-03-04 13:35:00,67.99,2.621,6.236,0
2026-03-04 13:36:00,67.46,2.428,6.166,0
2026-03-04 13:37:00,67.54,2.425,6.241,0
2026-03-04 13:38:00,68.51,2.613,5.895,0
2026-03-04 13:39:00,68.21,2.534,6.054,0
2026-03-04 13:40:00,69.24,2.929,6.164,0
2026-03-04 13:41:00,69.18,2.48,6.123,0
2026-03-04 13:42:00,69.38,2.498,6.07,0
2026-03-04 13:43:00,68.98,2.276,6.088,0
2026-03-04 13:44:00,69.35,2.415,6.024,0
2026-03-04 13:45:00,69.15,2.476,6.315,0
2026-03-04 13:46:00,68.57,2.727,6.037,0
2026-03-04 13:47:00,69.54,2.569,6.056,0
2026-03-04 13:48:00,69.47,2.449,6.009,0
2026-03-04 13:49:00,69.3,2.673,6.261,0
2026-03-04 13:50:00,69.23,2.514,6.208,0
2026-03-04 13:51:00,68.56,2.218,6.064,0
2026-03-04 13:52:00,69.34,2.603,6.1,0
2026-03-04 13:53:00,68.85,2.382,6.202,0
2026-03-04 13:54:00,69.82,2.629,6.076,0
2026-03-04 13:55:00,69.64,2.321,6.13,0
2026-03-04 13:56:00,69.99,2.492,6.004,0
2026-03-04 13:57:00,69.62,2.477,6.076,0
2026-03-04 13:58:00,69.18,2.282,6.008,0
2026-03-04 13:59:00,69.8,2.802,5.928,0
2026-03-04 14:00:00,69.26,2.669,6.068,0
2026-03-04 14:01:00,69.59,2.22,5.995,0
2026-03-04 14:02:00,69.4,2.499,6.032,0
2026-03-04 14:03:00,69.73,2.477,6.201,0
2026-03-04 14:04:00,69.7,2.368,6.295,0
2026-03-04 14:05:00,70.04,2.692,6.112,0
2026-03-04 14:06:00,69.39,2.467,6.247,0
2026-03-04 14:07:00,70.5,2.289,6.09,0
2026-03-04 14:08:00,70.49,2.571,6.238,0
2026-03-04 14:09:00,70.42,2.936,6.298,0
2026-03-04 14:10:00,70.85,3.016,6.144,0
2026-03-04 14:11:00,71.48,2.589,6.042,0
2026-03-04 14:12:00,71.23,2.529,6.147,0
2026-03-04 14:13:00,71.33,2.507,6.106,0
2026-03-04 14:14:00,71.2,2.337,6.197,0
2026-03-04 14:15:00,70.36,2.726,6.089,0
2026-03-04 14:16:00,70.43,2.566,6.112,0
2026-03-04 14:17:00,70.56,2.481,6.012,0
2026-03-04 14:18:00,70.26,2.858,6.12,0
2026-03-04 14:19:00,69.74,2.603,6.091,1
2026-03-04 14:20:00,69.38,2.538,6.41,0
2026-03-04 14:21:00,69.61,2.82,6.031,0
2026-03-04 14:22:00,69.82,2.815,6.066,0
2026-03-04 14:23:00,69.69,2.576,6.165,0
2026-03-04 14:24:00,69.7,2.403,6.107,0
2026-03-04 14:25:00,70.48,2.569,6.205,0
2026-03-04 14:26:00,70.01,2.419,6.178,0
2026-03-04 14:27:00,69.82,2.169,6.207,0
2026-03-04 14:28:00,69.9,2.389,6.192,0
2026-03-04 14:29:00,70.34,2.611,6.018,0
2026-03-04 14:30:00,69.08,2.267,6.021,0
2026-03-04 14:31:00,70.08,2.604,6.101,0
2026-03-04 14:32:00,70.44,2.366,6.163,0
2026-03-04 14:33:00,70.49,2.428,6.173,0
2026-03-04 14:34:00,70.32,2.746,6.157,0
2026-03-04 14:35:00,70.75,2.763,6.305,0
2026-03-04 14:36:00,70.49,2.664,6.247,0
2026-03-04 14:37:00,70.84,2.601,6.134,0
2026-03-04 14:38:00,71.17,2.52,6.178,0
2026-03-04 14:39:00,70.92,2.409,6.077,0
2026-03-04 14:40:00,71.04,2.515,6.123,0
2026-03-04 14:41:00,70.86,2.489,6.152,0
2026-03-04 14:42:00,69.89,2.605,6.17,0
2026-03-04 14:43:00,69.83,2.557,6.098,0
2026-03-04 14:44:00,69.48,2.797,6.001,0
2026-03-04 14:45:00,69.86,2.648,6.22,0
2026-03-04 14:46:00,70.17,2.465,6.154,0
2026-03-04 14:47:00,69.25,2.69,5.892,0
2026-03-04 14:48:00,69.53,2.653,5.972,0
2026-03-04 14:49:00,69.86,2.422,6.057,0
2026-03-04 14:50:00,69.56,2.54,6.072,0
2026-03-04 14:51:00,69.51,2.441,6.018,0
2026-03-04 14:52:00,68.89,2.547,6.065,0
2026-03-04 14:53:00,69.55,2.326,5.993,0
2026-03-04 14:54:00,69.06,2.496,6.018,0
2026-03-04 14:55:00,69.31,2.382,6.023,0
2026-03-04 14:56:00,69.18,2.786,6.024,0
2026-03-04 14:57:00,69.33,2.512,5.941,0
2026-03-04 14:58:00,68.83,2.475,6.095,0
2026-03-04 14:59:00,68.03,2.879,6.127,0
2026-03-04 15:00:00,67.98,2.759,6.008,0
2026-03-04 15:01:00,68.34,2.45,6.143,0
2026-03-04 15:02:00,68.25,2.399,6.106,0
2026-03-04 15:03:00,68.59,2.562,6.03,0
2026-03-04 15:04:00,67.77,2.59,6.004,0
2026-03-04 15:05:00,67.0,2.405,5.857,0
2026-03-04 15:06:00,67.38,2.24,5.999,0
2026-03-04 15:07:00,67.11,2.484,6.002,0
2026-03-04 15:08:00,67.74,2.375,6.054,0
2026-03-04 15:09:00,67.73,2.53,6.02,0
2026-03-04 15:10:00,67.05,2.714,6.038,0
2026-03-04 15:11:00,68.09,2.394,6.002,0
2026-03-04 15:12:00,67.79,2.209,6.1,0
2026-03-04 15:13:00,68.38,2.43,6.056,0
2026-03-04 15:14:00,68.25,2.61,6.027,0
2026-03-04 15:15:00,69.12,2.066,6.045,0
2026-03-04 15:16:00,68.45,2.387,6.015,0
2026-03-04 15:17:00,68.94,2.422,6.056,0
2026-03-04 15:18:00,68.11,2.429,5.95,0
2026-03-04 15:19:00,69.02,2.223,6.103,0
2026-03-04 15:20:00,68.93,2.357,6.088,0
2026-03-04 15:21:00,69.14,2.733,5.974,0
2026-03-04 15:22:00,69.07,2.405,6.11,0
2026-03-04 15:23:00,69.25,2.412,6.168,0
2026-03-04 15:24:00,69.26,2.469,6.066,0
2026-03-04 15:25:00,68.95,2.591,6.075,0
2026-03-04 15:26:00,69.22,2.597,6.053,0
2026-03-04 15:27:00,69.12,2.61,6.047,0
2026-03-04 15:28:00,69.16,2.43,5.968,0
2026-03-04 15:29:00,68.15,2.39,5.923,0
2026-03-04 15:30:00,68.32,2.219,6.058,0
2026-03-04 15:31:00,67.87,2.777,5.975,0
2026-03-04 15:32:00,67.57,2.303,5.999,0
2026-03-04 15:33:00,69.24,2.659,6.19,0
2026-03-04 15:34:00,68.62,2.7,6.107,0
2026-03-04 15:35:00,69.33,2.489,5.93,0
2026-03-04 15:36:00,69.24,2.65,6.02,0
2026-03-04 15:37:00,69.62,2.884,5.914,0
2026-03-04 15:38:00,69.28,2.381,6.067,0
2026-03-04 15:39:00,69.67,2.718,5.879,0
2026-03-04 15:40:00,69.66,2.394,6.162,0
2026-03-04 15:41:00,69.59,2.154,5.889,0
2026-03-04 15:42:00,70.03,2.57,5.911,0
2026-03-04 15:43:00,70.09,2.519,5.946,0
2026-03-04 15:44:00,70.05,2.585,5.877,0
2026-03-04 15:45:00,70.32,2.698,6.046,0
2026-03-04 15:46:00,70.41,2.406,6.194,0
2026-03-04 15:47:00,70.21,2.409,6.014,0
2026-03-04 15:48:00,69.9,2.504,5.949,0
2026-03-04 15:49:00,69.77,2.475,6.011,0
2026-03-04 15:50:00,69.23,2.411,5.979,0
2026-03-04 15:51:00,69.47,2.537,5.944,0
2026-03-04 15:52:00,68.93,2.449,6.08,0
2026-03-04 15:53:00,68.66,2.428,6.013,0
2026-03-04 15:54:00,68.55,2.663,6.25,0
2026-03-04 15:55:00,68.12,2.393,6.206,0
2026-03-04 15:56:00,68.65,2.612,6.051,0
2026-03-04 15:57:00,68.8,2.698,5.973,0
2026-03-04 15:58:00,68.53,2.59,6.09,0
2026-03-04 15:59:00,68.23,2.336,6.092,0
2026-03-04 16:00:00,67.94,2.449,6.002,0
2026-03-04 16:01:00,68.32,2.405,5.955,0
2026-03-04 16:02:00,68.84,2.626,6.051,0
2026-03-04 16:03:00,69.12,2.277,6.151,0
2026-03-04 16:04:00,69.49,2.401,6.112,0
2026-03-04 16:05:00,69.43,2.706,6.045,0
2026-03-04 16:06:00,68.91,2.396,5.998,0
2026-03-04 16:07:00,69.19,2.094,6.004,0
2026-03-04 16:08:00,68.83,2.875,6.233,0
2026-03-04 16:09:00,68.77,2.217,6.123,0
2026-03-04 16:10:00,69.9,2.346,6.172,0
2026-03-04 16:11:00,68.85,2.207,6.027,0
2026-03-04 16:12:00,69.58,2.495,5.985,0
2026-03-04 16:13:00,69.41,2.269,5.951,0
2026-03-04 16:14:00,69.14,3.056,5.992,0
2026-03-04 16:15:00,69.24,2.165,6.002,0
2026-03-04 16:16:00,68.65,2.621,6.033,0
2026-03-04 16:17:00,68.53,2.441,6.075,0
2026-03-04 16:18:00,68.85,2.574,6.162,0
2026-03-04 16:19:00,68.73,2.604,6.03,0
2026-03-04 16:20:00,68.65,2.302,6.033,0
2026-03-04 16:21:00,68.51,2.432,6.049,0
2026-03-04 16:22:00,68.23,2.637,6.1,0
2026-03-04 16:23:00,68.59,2.549,6.096,0
2026-03-04 16:24:00,68.38,2.614,5.948,0
2026-03-04 16:25:00,69.61,2.261,6.012,0
2026-03-04 16:26:00,68.98,2.386,6.017,0
2026-03-04 16:27:00,69.8,2.677,6.241,0
2026-03-04 16:28:00,69.2,2.716,6.229,0
2026-03-04 16:29:00,68.87,2.516,6.128,0
2026-03-04 16:30:00,68.91,2.734,6.042,0
2026-03-04 16:31:00,68.31,2.711,6.147,0
2026-03-04 16:32:00,68.08,2.485,6.0,0
2026-03-04 16:33:00,68.1,2.613,5.904,0
2026-03-04 16:34:00,68.73,2.417,6.059,0
2026-03-04 16:35:00,68.48,2.5,6.062,0
2026-03-04 16:36:00,68.13,2.588,6.004,0
2026-03-04 16:37:00,68.06,2.455,5.801,0
2026-03-04 16:38:00,68.16,2.428,5.973,0
2026-03-04 16:39:00,68.05,2.445,6.05,0
2026-03-04 16:40:00,67.26,2.291,5.952,0
2026-03-04 16:41:00,67.29,2.306,6.13,0
2026-03-04 16:42:00,67.49,2.314,6.078,0
2026-03-04 16:43:00,68.69,2.97,5.909,0
2026-03-04 16:44:00,68.26,2.359,6.077,0
2026-03-04 16:45:00,68.25,2.591,6.075,0
2026-03-04 16:46:00,68.28,2.481,6.072,0
2026-03-04 16:47:00,68.26,2.372,5.982,0
2026-03-04 16:48:00,67.2,2.462,5.968,0
2026-03-04 16:49:00,67.66,2.514,5.887,0
2026-03-04 16:50:00,67.41,2.61,6.098,0
2026-03-04 16:51:00,67.55,2.501,6.04,0
2026-03-04 16:52:00,67.87,2.477,6.105,0
2026-03-04 16:53:00,68.43,2.068,5.919,0
2026-03-04 16:54:00,68.2,2.289,6.18,0
2026-03-04 16:55:00,67.84,2.474,6.054,0
2026-03-04 16:56:00,68.28,2.312,5.961,0
2026-03-04 16:57:00,67.68,2.296,6.135,0
2026-03-04 16:58:00,68.56,2.418,5.955,0
2026-03-04 16:59:00,68.13,2.368,5.937,0
2026-03-04 17:00:00,68.23,2.242,6.133,0
2026-03-04 17:01:00,68.54,1.987,6.043,0
2026-03-04 17:02:00,68.25,2.371,6.052,0
2026-03-04 17:03:00,68.23,2.322,5.958,0
2026-03-04 17:04:00,67.5,2.576,5.979,0
2026-03-04 17:05:00,67.57,2.533,5.877,0
2026-03-04 17:06:00,67.35,2.442,5.807,0
2026-03-04 17:07:00,67.38,2.706,6.008,0
2026-03-04 17:08:00,67.75,2.307,6.042,0
2026-03-04 17:09:00,67.4,2.465,6.108,0
2026-03-04 17:10:00,67.99,2.602,6.108,0
2026-03-04 17:11:00,67.59,2.21,5.909,0
2026-03-04 17:12:00,68.01,2.59,5.892,0
2026-03-04 17:13:00,67.08,2.283,5.742,0
2026-03-04 17:14:00,67.8,2.513,5.757,0
2026-03-04 17:15:00,67.66,2.359,5.983,0
2026-03-04 17:16:00,68.04,2.628,6.153,0
2026-03-04 17:17:00,68.18,2.146,6.155,0
2026-03-04 17:18:00,68.52,2.525,6.047,0
2026-03-04 17:19:00,67.94,2.47,6.093,0
2026-03-04 17:20:00,67.85,2.465,6.108,0
2026-03-04 17:21:00,68.08,2.679,6.095,0
2026-03-04 17:22:00,68.52,2.403,6.045,0
2026-03-04 17:23:00,67.31,2.522,5.951,0
2026-03-04 17:24:00,67.15,2.249,5.941,0
2026-03-04 17:25:00,67.82,2.532,6.047,0
2026-03-04 17:26:00,68.48,2.421,5.981,0
2026-03-04 17:27:00,67.27,2.629,6.12,0
2026-03-04 17:28:00,67.37,2.456,5.994,0
2026-03-04 17:29:00,67.79,2.482,5.879,0
2026-03-04 17:30:00,68.27,2.678,6.063,0
2026-03-04 17:31:00,67.54,2.189,5.908,0
2026-03-04 17:32:00,68.6,2.482,6.008,0
2026-03-04 17:33:00,69.05,2.478,6.064,0
2026-03-04 17:34:00,68.62,2.41,6.077,0
2026-03-04 17:35:00,68.37,2.431,6.059,0
2026-03-04 17:36:00,69.0,2.494,6.15,0
2026-03-04 17:37:00,69.37,2.27,6.15,0
2026-03-04 17:38:00,69.3,2.545,6.152,0
2026-03-04 17:39:00,69.14,2.805,6.082,0
2026-03-04 17:40:00,68.96,2.372,6.082,0
2026-03-04 17:41:00,69.46,2.694,6.121,0
2026-03-04 17:42:00,69.08,2.568,5.99,0
2026-03-04 17:43:00,68.91,2.657,6.181,0
2026-03-04 17:44:00,68.59,2.256,6.116,0
2026-03-04 17:45:00,69.23,2.443,6.107,0
2026-03-04 17:46:00,69.24,2.495,6.095,0
2026-03-04 17:47:00,68.98,2.571,6.044,0
2026-03-04 17:48:00,68.75,2.257,5.952,0
2026-03-04 17:49:00,69.31,2.657,6.128,0
2026-03-04 17:50:00,69.63,2.731,6.169,0
2026-03-04 17:51:00,69.96,2.41,6.126,0
2026-03-04 17:52:00,68.75,2.46,6.011,0
2026-03-04 17:53:00,69.25,2.666,6.168,0
2026-03-04 17:54:00,69.03,2.27,6.031,0
2026-03-04 17:55:00,69.42,2.664,6.045,0
2026-03-04 17:56:00,69.11,2.447,6.039,0
2026-03-04 17:57:00,68.64,2.414,6.127,0
2026-03-04 17:58:00,69.53,2.254,6.073,0
2026-03-04 17:59:00,69.57,2.358,6.031,0
2026-03-04 18:00:00,69.81,2.439,5.867,0
2026-03-04 18:01:00,69.49,2.365,5.863,0
2026-03-04 18:02:00,70.22,2.599,6.12,0
2026-03-04 18:03:00,69.37,2.441,6.112,0
2026-03-04 18:04:00,69.39,2.393,5.916,0
2026-03-04 18:05:00,68.89,2.276,5.819,0
2026-03-04 18:06:00,68.86,2.682,5.947,0
2026-03-04 18:07:00,68.65,2.428,5.908,0
2026-03-04 18:08:00,68.55,2.253,5.984,0
2026-03-04 18:09:00,68.36,2.291,5.876,0
2026-03-04 18:10:00,68.72,2.424,5.951,0
2026-03-04 18:11:00,69.21,2.545,5.999,0
2026-03-04 18:12:00,69.8,2.467,6.106,0
2026-03-04 18:13:00,69.45,2.715,6.081,0
2026-03-04 18:14:00,69.4,2.429,5.994,0
2026-03-04 18:15:00,69.66,2.662,5.979,0
2026-03-04 18:16:00,69.75,2.392,6.079,0
2026-03-04 18:17:00,70.1,2.59,5.978,0
2026-03-04 18:18:00,69.96,2.203,6.037,0
2026-03-04 18:19:00,69.47,2.538,5.996,0
2026-03-04 18:20:00,69.16,2.573,6.165,0
2026-03-04 18:21:00,68.81,2.538,6.033,0
2026-03-04 18:22:00,69.96,2.4,6.058,0
2026-03-04 18:23:00,70.19,2.439,6.185,0
2026-03-04 18:24:00,70.06,2.775,6.121,0
2026-03-04 18:25:00,69.46,2.538,6.03,0
2026-03-04 18:26:00,69.51,2.563,5.946,0
2026-03-04 18:27:00,69.83,2.504,6.077,0
2026-03-04 18:28:00,70.03,2.678,5.929,0
2026-03-04 18:29:00,69.36,2.456,6.02,0
2026-03-04 18:30:00,69.38,2.363,5.992,0
2026-03-04 18:31:00,69.31,2.343,6.075,0
2026-03-04 18:32:00,69.67,2.583,6.078,0
2026-03-04 18:33:00,69.67,2.347,6.009,0
2026-03-04 18:34:00,69.84,2.331,6.099,0
2026-03-04 18:35:00,70.24,2.478,6.037,0
2026-03-04 18:36:00,69.97,2.44,6.015,0
2026-03-04 18:37:00,69.55,2.449,6.096,0
2026-03-04 18:38:00,69.44,2.938,6.131,0
2026-03-04 18:39:00,68.4,2.282,5.996,0
2026-03-04 18:40:00,68.47,2.587,6.067,0
2026-03-04 18:41:00,68.41,2.288,6.038,0
2026-03-04 18:42:00,68.29,2.374,6.07,0
2026-03-04 18:43:00,68.14,2.534,6.003,0
2026-03-04 18:44:00,68.28,2.243,5.897,0
2026-03-04 18:45:00,68.52,2.866,6.082,0
2026-03-04 18:46:00,69.68,2.586,5.991,0
2026-03-04 18:47:00,69.35,2.173,6.296,0
2026-03-04 18:48:00,69.05,2.205,6.032,0
2026-03-04 18:49:00,69.23,2.625,6.165,0
2026-03-04 18:50:00,69.15,2.506,6.132,0
2026-03-04 18:51:00,68.39,2.528,6.247,0
2026-03-04 18:52:00,68.59,2.597,6.182,0
2026-03-04 18:53:00,68.66,2.436,6.196,0
2026-03-04 18:54:00,68.9,2.386,6.118,0
2026-03-04 18:55:00,69.06,2.338,6.049,0
2026-03-04 18:56:00,68.79,2.625,6.059,0
2026-03-04 18:57:00,68.37,2.318,6.083,0
2026-03-04 18:58:00,69.43,2.456,6.091,0
2026-03-04 18:59:00,69.61,2.848,6.181,0
2026-03-04 19:00:00,69.39,2.29,6.111,0
2026-03-04 19:01:00,69.51,2.331,6.142,0
2026-03-04 19:02:00,68.97,2.881,6.166,0
2026-03-04 19:03:00,68.78,2.728,6.097,0
2026-03-04 19:04:00,68.84,2.366,5.985,0
2026-03-04 19:05:00,68.8,2.381,5.999,0
2026-03-04 19:06:00,68.41,2.42,6.045,0
2026-03-04 19:07:00,68.87,2.425,6.071,0
2026-03-04 19:08:00,68.27,2.078,5.939,0
2026-03-04 19:09:00,68.53,2.369,5.943,0
2026-03-04 19:10:00,68.25,2.446,5.91,0
2026-03-04 19:11:00,68.21,2.371,6.097,0
2026-03-04 19:12:00,67.93,2.376,6.045,0
2026-03-04 19:13:00,68.39,2.599,6.069,0
2026-03-04 19:14:00,68.43,2.33,6.047,0
2026-03-04 19:15:00,68.85,2.505,6.07,0
2026-03-04 19:16:00,69.35,2.637,5.953,0
2026-03-04 19:17:00,70.12,2.641,6.286,0
2026-03-04 19:18:00,69.42,2.598,6.157,0
2026-03-04 19:19:00,69.29,2.609,6.251,0
2026-03-04 19:20:00,69.18,2.423,5.976,0
2026-03-04 19:21:00,69.25,2.525,6.077,0
2026-03-04 19:22:00,68.94,2.886,6.037,0
2026-03-04 19:23:00,69.73,2.726,6.098,0
2026-03-04 19:24:00,69.72,2.621,6.154,0
2026-03-04 19:25:00,69.47,2.63,6.155,0
2026-03-04 19:26:00,70.23,2.398,6.053,0
2026-03-04 19:27:00,70.16,2.702,6.06,0
2026-03-04 19:28:00,69.97,2.561,6.112,0
2026-03-04 19:29:00,69.94,2.296,6.08,0
2026-03-04 19:30:00,69.48,2.298,6.058,0
2026-03-04 19:31:00,69.37,2.741,6.03,0
2026-03-04 19:32:00,69.25,2.53,5.938,0
2026-03-04 19:33:00,69.14,2.546,5.891,0
2026-03-04 19:34:00,69.3,2.331,6.093,0
2026-03-04 19:35:00,69.25,2.798,6.153,0
2026-03-04 19:36:00,68.98,2.744,6.146,0
2026-03-04 19:37:00,69.16,2.536,5.974,0
2026-03-04 19:38:00,69.59,2.744,6.137,0
2026-03-04 19:39:00,70.25,2.599,6.125,0
2026-03-04 19:40:00,70.02,2.34,6.183,0
2026-03-04 19:41:00,70.01,2.172,6.066,0
2026-03-04 19:42:00,70.01,2.419,6.248,0
2026-03-04 19:43:00,69.48,2.334,6.048,0
2026-03-04 19:44:00,69.58,2.395,6.146,0
2026-03-04 19:45:00,70.27,2.761,6.121,0
2026-03-04 19:46:00,70.11,2.784,6.007,0
2026-03-04 19:47:00,69.55,2.444,6.119,0
2026-03-04 19:48:00,69.19,2.289,6.091,0
2026-03-04 19:49:00,69.65,2.93,6.195,0
2026-03-04 19:50:00,70.16,2.839,6.213,0
2026-03-04 19:51:00,70.4,2.788,6.28,0
2026-03-04 19:52:00,70.15,2.614,6.091,0
2026-03-04 19:53:00,69.86,2.876,6.098,0
2026-03-04 19:54:00,69.32,2.585,6.158,0
2026-03-04 19:55:00,69.29,2.491,6.121,0
2026-03-04 19:56:00,69.35,2.633,6.112,0
2026-03-04 19:57:00,69.44,2.381,6.112,0
2026-03-04 19:58:00,69.34,2.654,5.984,0
2026-03-04 19:59:00,69.79,2.619,6.205,0
2026-03-04 20:00:00,70.52,2.57,6.101,0
2026-03-04 20:01:00,70.43,2.579,6.043,0
2026-03-04 20:02:00,70.2,2.473,6.246,0
2026-03-04 20:03:00,70.29,2.373,6.232,0
2026-03-04 20:04:00,70.8,2.475,6.047,0
2026-03-04 20:05:00,69.52,2.59,6.144,0
2026-03-04 20:06:00,69.63,2.574,6.045,0
2026-03-04 20:07:00,69.42,2.799,6.102,0
2026-03-04 20:08:00,70.03,2.456,5.879,0
2026-03-04 20:09:00,69.31,2.75,6.066,0
2026-03-04 20:10:00,69.73,2.427,6.096,0
2026-03-04 20:11:00,69.74,2.413,6.187,0
2026-03-04 20:12:00,69.48,2.572,6.136,0
2026-03-04 20:13:00,69.27,2.643,6.031,0
2026-03-04 20:14:00,69.3,2.622,6.258,0
2026-03-04 20:15:00,69.54,2.694,5.965,0
2026-03-04 20:16:00,69.61,2.904,6.19,0
2026-03-04 20:17:00,69.08,2.428,6.122,0
2026-03-04 20:18:00,68.78,2.504,6.155,0
2026-03-04 20:19:00,68.29,2.801,6.106,0
2026-03-04 20:20:00,68.77,2.927,6.121,0
2026-03-04 20:21:00,68.85,2.689,6.238,0
2026-03-04 20:22:00,70.06,2.699,6.071,0
2026-03-04 20:23:00,70.04,2.501,6.078,0
2026-03-04 20:24:00,70.37,2.682,6.247,0
2026-03-04 20:25:00,69.54,2.283,6.082,0
2026-03-04 20:26:00,70.06,2.755,6.163,0
2026-03-04 20:27:00,70.97,2.467,6.29,0
2026-03-04 20:28:00,70.73,2.964,6.114,0
2026-03-04 20:29:00,70.5,2.619,6.075,0
2026-03-04 20:30:00,70.57,2.91,6.192,0
2026-03-04 20:31:00,70.62,2.629,6.124,0
2026-03-04 20:32:00,70.08,2.458,6.093,0
2026-03-04 20:33:00,70.4,2.657,5.956,0
2026-03-04 20:34:00,71.59,2.972,6.043,0
2026-03-04 20:35:00,70.58,2.851,6.078,0
2026-03-04 20:36:00,70.69,2.478,6.068,0
2026-03-04 20:37:00,71.17,2.64,6.128,0
2026-03-04 20:38:00,71.33,2.675,6.084,0
2026-03-04 20:39:00,70.65,2.354,6.059,0
2026-03-04 20:40:00,71.36,3.076,6.13,0
2026-03-04 20:41:00,70.89,2.387,6.261,0
2026-03-04 20:42:00,70.91,2.425,6.092,0
2026-03-04 20:43:00,70.01,2.235,6.147,0
2026-03-04 20:44:00,70.4,2.518,5.978,0
2026-03-04 20:45:00,70.26,2.457,6.025,0
2026-03-04 20:46:00,70.44,2.19,6.049,0
2026-03-04 20:47:00,70.48,2.331,6.129,0
2026-03-04 20:48:00,70.14,2.395,6.204,0
2026-03-04 20:49:00,68.76,2.634,6.125,0
2026-03-04 20:50:00,68.95,2.233,6.024,0
2026-03-04 20:51:00,68.89,2.286,6.052,0
2026-03-04 20:52:00,68.39,2.583,6.031,0
2026-03-04 20:53:00,67.86,2.697,6.045,0
2026-03-04 20:54:00,68.1,2.163,6.16,0
2026-03-04 20:55:00,67.37,2.422,6.076,0
2026-03-04 20:56:00,67.63,2.331,5.956,0
2026-03-04 20:57:00,68.52,2.611,5.997,0
2026-03-04 20:58:00,67.91,2.619,6.009,0
2026-03-04 20:59:00,67.75,2.433,5.92,0
2026-03-04 21:00:00,67.87,2.382,6.066,0
2026-03-04 21:01:00,67.86,2.464,6.185,0
2026-03-04 21:02:00,68.89,2.601,6.201,0
2026-03-04 21:03:00,68.01,2.34,6.13,0
2026-03-04 21:04:00,68.43,2.591,6.138,0
2026-03-04 21:05:00,68.33,2.682,6.185,0
2026-03-04 21:06:00,68.32,2.744,6.151,0
2026-03-04 21:07:00,69.3,2.252,6.194,0
2026-03-04 21:08:00,68.99,2.471,6.074,0
2026-03-04 21:09:00,69.39,2.422,5.99,0
2026-03-04 21:10:00,68.92,2.588,5.921,0
2026-03-04 21:11:00,69.07,2.687,5.963,0
2026-03-04 21:12:00,68.84,2.883,6.15,0
2026-03-04 21:13:00,68.96,2.314,6.138,0
2026-03-04 21:14:00,69.97,2.684,6.129,0
2026-03-04 21:15:00,69.83,2.387,6.044,0
2026-03-04 21:16:00,71.49,2.633,6.057,0
2026-03-04 21:17:00,70.36,2.659,6.079,0
2026-03-04 21:18:00,70.71,2.798,6.223,0
2026-03-04 21:19:00,70.43,2.68,6.039,0
2026-03-04 21:20:00,71.16,2.545,6.207,0
2026-03-04 21:21:00,71.9,2.579,6.111,0
2026-03-04 21:22:00,71.38,2.577,6.039,0
2026-03-04 21:23:00,71.27,2.619,6.129,0
2026-03-04 21:24:00,71.6,2.934,6.206,0
2026-03-04 21:25:00,71.83,2.806,6.188,0
2026-03-04 21:26:00,70.82,2.362,6.087,0
2026-03-04 21:27:00,71.62,2.466,6.044,0
2026-03-04 21:28:00,71.5,2.376,6.114,0
2026-03-04 21:29:00,71.1,2.566,6.14,1
2026-03-04 21:30:00,70.66,2.369,6.094,0
2026-03-04 21:31:00,71.51,2.962,6.092,0
2026-03-04 21:32:00,71.14,2.675,5.968,0
2026-03-04 21:33:00,70.53,2.478,6.017,0
2026-03-04 21:34:00,70.49,2.568,6.098,0
2026-03-04 21:35:00,70.19,2.28,6.065,0
2026-03-04 21:36:00,70.32,2.623,6.15,0
2026-03-04 21:37:00,70.86,2.706,6.162,0
2026-03-04 21:38:00,71.24,2.808,6.091,0
2026-03-04 21:39:00,71.11,2.644,6.109,0
2026-03-04 21:40:00,70.06,2.842,5.955,0
2026-03-04 21:41:00,70.03,2.551,6.289,0
2026-03-04 21:42:00,70.74,2.614,6.153,0
2026-03-04 21:43:00,69.94,2.623,5.977,0
2026-03-04 21:44:00,69.45,3.071,6.052,0
2026-03-04 21:45:00,70.48,2.323,6.081,0
2026-03-04 21:46:00,70.24,2.524,6.039,0
2026-03-04 21:47:00,70.17,2.418,5.964,0
2026-03-04 21:48:00,70.8,2.505,5.983,0
2026-03-04 21:49:00,70.63,2.459,6.039,0
2026-03-04 21:50:00,70.95,2.539,6.066,0
2026-03-04 21:51:00,71.5,2.298,6.154,0
2026-03-04 21:52:00,70.33,2.569,6.102,0
2026-03-04 21:53:00,71.06,2.425,5.901,0
2026-03-04 21:54:00,70.7,2.988,5.955,0
2026-03-04 21:55:00,71.01,2.483,6.225,0
2026-03-04 21:56:00,70.79,2.127,6.196,0
2026-03-04 21:57:00,70.36,2.253,6.127,0
2026-03-04 21:58:00,70.75,2.616,6.091,0
2026-03-04 21:59:00,69.76,2.621,6.008,0
2026-03-04 22:00:00,69.97,2.713,6.026,0
2026-03-04 22:01:00,69.74,2.645,5.928,0
2026-03-04 22:02:00,69.51,2.45,6.016,0
2026-03-04 22:03:00,69.75,2.231,6.004,0
2026-03-04 22:04:00,68.85,2.572,5.993,0
2026-03-04 22:05:00,68.87,2.26,5.967,0
2026-03-04 22:06:00,69.13,2.288,6.062,0
2026-03-04 22:07:00,69.04,2.312,5.872,0
2026-03-04 22:08:00,69.58,2.498,6.026,0
2026-03-04 22:09:00,69.73,2.654,5.863,0
2026-03-04 22:10:00,69.76,2.457,5.915,0
2026-03-04 22:11:00,69.17,2.376,5.975,0
2026-03-04 22:12:00,69.62,2.452,6.096,0
2026-03-04 22:13:00,69.8,2.371,6.124,0
2026-03-04 22:14:00,69.21,2.182,5.949,0
2026-03-04 22:15:00,68.62,2.464,5.918,0
2026-03-04 22:16:00,68.76,2.306,5.93,0
2026-03-04 22:17:00,68.83,2.662,6.011,0
2026-03-04 22:18:00,68.72,2.474,5.814,0
2026-03-04 22:19:00,69.14,2.728,5.995,0
2026-03-04 22:20:00,68.33,2.586,5.873,0
2026-03-04 22:21:00,68.29,2.623,6.026,0
2026-03-04 22:22:00,68.03,2.574,5.981,0
2026-03-04 22:23:00,67.45,2.4,5.876,0
2026-03-04 22:24:00,68.36,2.456,6.013,0
2026-03-04 22:25:00,68.63,2.258,6.076,0
2026-03-04 22:26:00,68.57,2.473,6.01,0
2026-03-04 22:27:00,69.05,2.746,5.982,0
2026-03-04 22:28:00,68.75,2.321,5.984,0
2026-03-04 22:29:00,68.45,2.548,6.075,0
2026-03-04 22:30:00,68.89,2.597,6.147,0
2026-03-04 22:31:00,68.97,2.337,6.136,0
2026-03-04 22:32:00,69.01,2.746,6.189,0
2026-03-04 22:33:00,68.76,2.177,5.872,0
2026-03-04 22:34:00,68.65,2.388,6.134,0
2026-03-04 22:35:00,68.89,2.312,5.965,0
2026-03-04 22:36:00,68.65,2.54,6.046,0
2026-03-04 22:37:00,69.38,2.67,6.01,1
2026-03-04 22:38:00,69.47,2.37,6.173,0
2026-03-04 22:39:00,69.28,2.672,6.01,0
2026-03-04 22:40:00,69.88,2.539,6.189,0
2026-03-04 22:41:00,68.78,2.441,6.134,0
2026-03-04 22:42:00,68.76,2.587,6.159,0
2026-03-04 22:43:00,69.48,2.443,6.17,0
2026-03-04 22:44:00,69.48,2.476,6.094,0
2026-03-04 22:45:00,68.69,2.676,6.139,0
2026-03-04 22:46:00,69.49,2.605,6.152,0
2026-03-04 22:47:00,68.96,2.562,5.959,0
2026-03-04 22:48:00,69.49,2.457,6.112,0
2026-03-04 22:49:00,69.75,2.988,6.07,0
2026-03-04 22:50:00,69.31,2.507,5.985,0
2026-03-04 22:51:00,68.68,2.018,6.004,0
2026-03-04 22:52:00,69.82,2.453,6.128,0
2026-03-04 22:53:00,69.57,2.791,6.146,0
2026-03-04 22:54:00,70.11,2.555,6.039,0
2026-03-04 22:55:00,68.93,2.562,6.066,0
2026-03-04 22:56:00,68.7,2.559,5.938,0
2026-03-04 22:57:00,68.33,2.671,5.971,0
2026-03-04 22:58:00,68.05,2.267,5.992,0
2026-03-04 22:59:00,67.66,2.634,5.968,0
2026-03-04 23:00:00,67.59,2.372,6.085,0
2026-03-04 23:01:00,67.88,2.375,6.087,0
2026-03-04 23:02:00,67.49,2.433,6.131,0
2026-03-04 23:03:00,67.79,2.439,5.981,0
2026-03-04 23:04:00,67.71,2.357,6.027,0
2026-03-04 23:05:00,68.3,2.187,5.979,0
2026-03-04 23:06:00,68.44,2.357,6.125,0
2026-03-04 23:07:00,68.62,2.68,6.134,0
2026-03-04 23:08:00,68.12,2.474,6.03,0
2026-03-04 23:09:00,67.72,2.393,6.094,0
2026-03-04 23:10:00,68.37,2.487,6.121,0
2026-03-04 23:11:00,68.18,2.378,6.177,0
2026-03-04 23:12:00,68.57,2.697,5.981,0
2026-03-04 23:13:00,68.28,2.718,6.114,0
2026-03-04 23:14:00,68.49,2.489,6.107,0
2026-03-04 23:15:00,69.93,2.921,6.066,0
2026-03-04 23:16:00,69.47,2.679,6.115,0
2026-03-04 23:17:00,70.12,2.225,6.095,0
2026-03-04 23:18:00,69.67,2.341,5.992,0
2026-03-04 23:19:00,69.8,2.33,6.003,0
2026-03-04 23:20:00,69.68,2.403,5.923,0
2026-03-04 23:21:00,68.96,2.691,5.995,0
2026-03-04 23:22:00,69.52,2.384,6.009,0
2026-03-04 23:23:00,69.18,2.225,6.075,0
2026-03-04 23:24:00,69.56,2.442,6.127,0
2026-03-04 23:25:00,69.47,2.574,5.981,0
2026-03-04 23:26:00,69.23,2.561,6.026,0
2026-03-04 23:27:00,69.44,2.74,5.983,0
2026-03-04 23:28:00,69.74,2.297,5.944,0
2026-03-04 23:29:00,69.36,2.634,6.005,0
2026-03-04 23:30:00,69.9,2.461,6.096,0
2026-03-04 23:31:00,70.03,2.397,5.979,0
2026-03-04 23:32:00,69.96,2.219,5.877,0
2026-03-04 23:33:00,69.64,2.449,6.053,0
2026-03-04 23:34:00,70.77,2.735,6.107,0
2026-03-04 23:35:00,69.96,2.414,5.859,0
2026-03-04 23:36:00,69.4,2.132,6.103,0
2026-03-04 23:37:00,69.73,2.261,5.916,0
2026-03-04 23:38:00,69.39,2.67,5.883,0
2026-03-04 23:39:00,68.74,2.24,5.852,0
2026-03-04 23:40:00,68.32,2.347,5.822,0
2026-03-04 23:41:00,68.42,2.312,5.925,0
2026-03-04 23:42:00,67.86,2.105,5.881,0
2026-03-04 23:43:00,67.88,2.509,6.017,0
2026-03-04 23:44:00,67.79,2.27,5.885,0
2026-03-04 23:45:00,66.85,2.131,5.8,0
2026-03-04 23:46:00,67.11,2.476,5.964,0
2026-03-04 23:47:00,67.0,2.617,5.913,0
2026-03-04 23:48:00,66.92,2.29,5.869,0
2026-03-04 23:49:00,67.49,2.178,5.898,0
2026-03-04 23:50:00,67.41,2.488,5.763,0
2026-03-04 23:51:00,66.6,2.556,5.791,0
2026-03-04 23:52:00,67.44,2.3,5.869,0
2026-03-04 23:53:00,67.29,2.441,5.957,0
2026-03-04 23:54:00,66.9,2.481,5.928,0
2026-03-04 23:55:00,66.87,2.085,5.773,0
2026-03-04 23:56:00,67.4,2.288,5.946,0
2026-03-04 23:57:00,66.72,2.24,5.775,0
2026-03-04 23:58:00,68.13,2.429,5.966,0
2026-03-04 23:59:00,67.02,2.592,5.864,1
2026-03-05 00:00:00,67.28,2.34,5.936,0
2026-03-05 00:01:00,67.58,2.483,5.904,0
2026-03-05 00:02:00,66.72,2.265,5.984,0
2026-03-05 00:03:00,66.47,2.271,5.915,0
2026-03-05 00:04:00,66.48,2.513,5.993,0
2026-03-05 00:05:00,66.97,2.263,5.884,0
2026-03-05 00:06:00,66.96,2.209,5.961,0
2026-03-05 00:07:00,66.78,2.311,6.008,0
2026-03-05 00:08:00,66.91,2.265,6.013,0
2026-03-05 00:09:00,66.99,2.332,5.871,0
2026-03-05 00:10:00,66.55,2.25,5.891,0
2026-03-05 00:11:00,66.4,2.294,5.892,0
2026-03-05 00:12:00,66.63,2.333,5.907,0
2026-03-05 00:13:00,66.76,2.421,5.987,0
2026-03-05 00:14:00,66.68,2.437,6.005,0
2026-03-05 00:15:00,66.44,2.341,5.916,0
2026-03-05 00:16:00,67.06,2.272,6.005,0
2026-03-05 00:17:00,66.97,2.062,6.021,0
2026-03-05 00:18:00,66.76,2.26,5.894,0
2026-03-05 00:19:00,66.89,2.306,5.923,0
2026-03-05 00:20:00,67.2,2.22,5.918,0
2026-03-05 00:21:00,66.88,2.132,5.942,0
2026-03-05 00:22:00,66.97,2.597,5.82,0
2026-03-05 00:23:00,67.63,2.494,5.845,0
2026-03-05 00:24:00,67.44,2.204,5.951,0
2026-03-05 00:25:00,68.2,2.431,6.087,0
2026-03-05 00:26:00,67.69,2.475,5.987,0
2026-03-05 00:27:00,68.31,2.137,5.936,0
2026-03-05 00:28:00,66.8,2.206,5.977,0
2026-03-05 00:29:00,68.27,2.177,5.883,0
2026-03-05 00:30:00,68.18,2.328,6.007,0
2026-03-05 00:31:00,67.65,2.7,5.794,0
2026-03-05 00:32:00,67.77,2.387,5.892,0
2026-03-05 00:33:00,67.09,2.273,5.987,0
2026-03-05 00:34:00,67.06,2.203,5.89,0
2026-03-05 00:35:00,66.95,2.259,5.744,0
2026-03-05 00:36:00,66.4,2.083,5.723,0
2026-03-05 00:37:00,66.19,2.242,5.856,0
2026-03-05 00:38:00,66.06,2.129,6.005,0
2026-03-05 00:39:00,65.07,1.863,5.981,0
2026-03-05 00:40:00,65.34,2.451,5.89,0
2026-03-05 00:41:00,65.92,2.206,5.819,0
2026-03-05 00:42:00,65.36,2.379,5.777,0
2026-03-05 00:43:00,66.54,2.421,5.987,0
2026-03-05 00:44:00,66.85,2.457,5.762,0
2026-03-05 00:45:00,66.75,1.977,5.842,0
2026-03-05 00:46:00,67.22,2.69,5.917,0
2026-03-05 00:47:00,67.68,2.412,5.888,0
2026-03-05 00:48:00,67.47,2.322,5.99,0
2026-03-05 00:49:00,67.51,2.16,5.821,0
2026-03-05 00:50:00,67.05,2.248,5.912,0
2026-03-05 00:51:00,66.54,2.157,5.699,0
2026-03-05 00:52:00,67.37,2.493,5.88,0
2026-03-05 00:53:00,66.62,2.259,5.944,0
2026-03-05 00:54:00,66.04,2.345,6.072,0
2026-03-05 00:55:00,65.81,1.895,5.882,0
2026-03-05 00:56:00,66.49,2.186,5.87,0
2026-03-05 00:57:00,66.73,2.534,5.883,0
2026-03-05 00:58:00,67.23,2.326,5.803,0
2026-03-05 00:59:00,67.16,2.137,5.871,0
2026-03-05 01:00:00,67.39,2.273,5.944,0
2026-03-05 01:01:00,67.44,2.374,5.867,1
2026-03-05 01:02:00,67.71,2.172,5.82,0
2026-03-05 01:03:00,67.64,2.675,5.917,0
2026-03-05 01:04:00,67.64,2.239,5.788,0
2026-03-05 01:05:00,67.26,2.075,5.875,0
2026-03-05 01:06:00,67.49,2.626,5.935,0
2026-03-05 01:07:00,68.22,2.441,5.765,0
2026-03-05 01:08:00,67.16,2.108,5.893,0
2026-03-05 01:09:00,67.69,2.309,5.999,0
2026-03-05 01:10:00,67.33,2.636,5.798,0
2026-03-05 01:11:00,67.51,2.447,5.916,0
2026-03-05 01:12:00,67.14,2.45,5.779,0
2026-03-05 01:13:00,66.85,2.642,6.099,0
2026-03-05 01:14:00,66.77,2.28,5.866,0
2026-03-05 01:15:00,66.84,2.275,5.928,0
2026-03-05 01:16:00,66.99,2.226,5.985,0
2026-03-05 01:17:00,67.06,2.286,6.026,0
2026-03-05 01:18:00,67.24,1.95,5.841,0
2026-03-05 01:19:00,67.65,2.275,5.948,0
2026-03-05 01:20:00,67.6,2.241,5.876,0
2026-03-05 01:21:00,67.63,1.882,5.83,0
2026-03-05 01:22:00,67.56,2.438,5.831,0
2026-03-05 01:23:00,67.12,2.265,5.969,0
2026-03-05 01:24:00,67.62,2.691,5.857,0
2026-03-05 01:25:00,66.92,2.239,5.787,0
2026-03-05 01:26:00,67.05,2.334,5.862,0
2026-03-05 01:27:00,67.36,2.137,5.964,0
2026-03-05 01:28:00,66.61,2.246,5.894,0
2026-03-05 01:29:00,67.03,2.299,5.842,0
2026-03-05 01:30:00,67.02,2.301,5.975,0
2026-03-05 01:31:00,67.6,2.647,5.97,0
2026-03-05 01:32:00,67.51,2.189,5.994,0
2026-03-05 01:33:00,66.85,2.355,5.888,0
2026-03-05 01:34:00,66.7,2.096,5.913,0
2026-03-05 01:35:00,66.74,2.241,5.968,0
2026-03-05 01:36:00,66.46,2.207,5.723,0
2026-03-05 01:37:00,66.02,2.051,5.885,0
2026-03-05 01:38:00,66.83,2.347,5.882,0
2026-03-05 01:39:00,66.55,2.273,5.841,0
2026-03-05 01:40:00,66.92,2.208,5.948,0
2026-03-05 01:41:00,67.44,2.327,5.928,0
2026-03-05 01:42:00,66.92,1.998,5.786,0
2026-03-05 01:43:00,67.38,2.461,5.803,0
2026-03-05 01:44:00,67.78,2.434,5.807,0
2026-03-05 01:45:00,68.07,2.36,6.022,0
2026-03-05 01:46:00,68.34,2.221,5.942,0
2026-03-05 01:47:00,67.77,2.248,5.925,0
2026-03-05 01:48:00,67.53,2.501,5.827,0
2026-03-05 01:49:00,67.98,2.493,5.994,0
2026-03-05 01:50:00,67.49,2.197,6.115,0
2026-03-05 01:51:00,67.42,2.278,5.898,0
2026-03-05 01:52:00,67.95,2.711,5.967,0
2026-03-05 01:53:00,67.47,2.186,5.946,0
2026-03-05 01:54:00,67.31,2.181,5.765,0
2026-03-05 01:55:00,67.52,1.933,5.788,0
2026-03-05 01:56:00,66.92,2.255,5.909,0
2026-03-05 01:57:00,67.38,2.274,5.762,0
2026-03-05 01:58:00,66.88,2.217,5.818,0
2026-03-05 01:59:00,66.98,2.104,5.848,0
2026-03-05 02:00:00,67.95,2.144,6.007,0
2026-03-05 02:01:00,68.01,2.19,5.94,0
2026-03-05 02:02:00,68.12,2.27,5.938,0
2026-03-05 02:03:00,67.44,2.167,5.934,0
2026-03-05 02:04:00,67.94,2.31,5.986,0
2026-03-05 02:05:00,67.48,2.068,5.988,0
2026-03-05 02:06:00,67.46,2.154,5.969,0
2026-03-05 02:07:00,67.27,2.272,5.947,0
2026-03-05 02:08:00,67.72,2.466,5.801,0
2026-03-05 02:09:00,67.48,2.484,5.92,0
2026-03-05 02:10:00,67.47,1.96,5.815,0
2026-03-05 02:11:00,67.65,2.155,5.943,0
2026-03-05 02:12:00,67.34,2.321,5.788,0
2026-03-05 02:13:00,67.11,2.423,5.926,0
2026-03-05 02:14:00,67.4,2.279,5.901,0
2026-03-05 02:15:00,67.24,2.325,5.838,0
2026-03-05 02:16:00,66.64,2.102,5.861,0
2026-03-05 02:17:00,66.86,2.225,5.895,0
2026-03-05 02:18:00,67.55,2.519,5.819,0
2026-03-05 02:19:00,68.08,2.374,5.919,0
2026-03-05 02:20:00,68.07,2.322,6.136,0
2026-03-05 02:21:00,67.01,2.492,5.952,0
2026-03-05 02:22:00,67.64,2.543,5.947,0
2026-03-05 02:23:00,67.49,2.268,5.99,0
2026-03-05 02:24:00,66.95,2.081,5.795,0
2026-03-05 02:25:00,67.8,2.32,5.842,0
2026-03-05 02:26:00,67.39,2.297,5.813,0
2026-03-05 02:27:00,67.45,2.204,5.996,0
2026-03-05 02:28:00,67.62,2.207,5.776,0
2026-03-05 02:29:00,67.43,2.2,5.753,0
2026-03-05 02:30:00,67.5,2.275,5.749,0
2026-03-05 02:31:00,67.24,2.142,5.84,0
2026-03-05 02:32:00,66.54,2.097,5.862,0
2026-03-05 02:33:00,67.56,2.414,5.798,0
2026-03-05 02:34:00,67.79,2.235,5.88,0
2026-03-05 02:35:00,67.97,2.306,5.923,0
2026-03-05 02:36:00,68.09,2.071,5.771,0
2026-03-05 02:37:00,67.33,2.045,5.887,0
2026-03-05 02:38:00,67.33,2.189,5.855,0
2026-03-05 02:39:00,67.17,1.888,5.842,0
2026-03-05 02:40:00,66.78,2.258,5.76,0
2026-03-05 02:41:00,66.77,2.04,5.861,0
2026-03-05 02:42:00,67.08,2.444,5.753,0
2026-03-05 02:43:00,66.96,2.065,5.805,0
2026-03-05 02:44:00,67.07,2.242,5.786,0
2026-03-05 02:45:00,66.22,2.245,5.786,0
2026-03-05 02:46:00,66.69,2.007,5.889,0
2026-03-05 02:47:00,65.9,2.263,5.862,0
2026-03-05 02:48:00,66.21,1.974,5.899,0
2026-03-05 02:49:00,64.98,2.061,5.89,0
2026-03-05 02:50:00,65.74,2.123,5.749,0
2026-03-05 02:51:00,65.59,2.185,5.936,0
2026-03-05 02:52:00,65.28,2.297,5.724,0
2026-03-05 02:53:00,65.08,2.306,6.046,0
2026-03-05 02:54:00,64.78,2.468,5.774,0
2026-03-05 02:55:00,65.04,2.222,5.917,0
2026-03-05 02:56:00,64.69,2.025,5.704,0
2026-03-05 02:57:00,65.52,2.337,5.942,0
2026-03-05 02:58:00,65.24,2.164,5.737,0
2026-03-05 02:59:00,65.29,2.262,5.973,0
2026-03-05 03:00:00,65.53,2.308,5.852,0
2026-03-05 03:01:00,66.02,2.534,5.921,0
2026-03-05 03:02:00,65.99,2.148,5.907,0
2026-03-05 03:03:00,66.2,2.317,5.823,0
2026-03-05 03:04:00,65.7,2.316,5.94,0
2026-03-05 03:05:00,65.59,1.912,5.76,0
2026-03-05 03:06:00,65.19,2.116,5.893,0
2026-03-05 03:07:00,65.61,2.259,5.671,0
2026-03-05 03:08:00,64.83,2.188,5.847,0
2026-03-05 03:09:00,65.16,1.935,5.9,0
2026-03-05 03:10:00,64.86,2.066,5.78,0
2026-03-05 03:11:00,63.79,1.932,5.766,0
2026-03-05 03:12:00,64.23,1.97,5.872,0
2026-03-05 03:13:00,64.29,2.043,5.816,0
2026-03-05 03:14:00,64.71,2.05,5.755,0
2026-03-05 03:15:00,64.78,1.883,5.849,0
2026-03-05 03:16:00,64.26,1.916,5.711,0
2026-03-05 03:17:00,63.69,2.059,5.761,0
2026-03-05 03:18:00,64.02,2.133,5.686,0
2026-03-05 03:19:00,63.22,1.896,5.676,0
2026-03-05 03:20:00,63.76,1.834,5.771,0
2026-03-05 03:21:00,63.85,1.961,5.88,0
2026-03-05 03:22:00,63.93,2.02,5.824,0
2026-03-05 03:23:00,64.28,1.784,5.729,0
2026-03-05 03:24:00,63.78,2.016,5.659,0
2026-03-05 03:25:00,63.99,2.02,5.638,0
2026-03-05 03:26:00,62.94,2.046,5.821,0
2026-03-05 03:27:00,62.71,1.996,5.711,0
2026-03-05 03:28:00,62.48,2.081,5.79,0
2026-03-05 03:29:00,62.74,2.084,5.817,0
2026-03-05 03:30:00,62.48,2.135,5.686,0
2026-03-05 03:31:00,62.24,1.948,5.635,0
2026-03-05 03:32:00,62.31,1.943,5.687,0
2026-03-05 03:33:00,61.78,2.004,5.707,0
2026-03-05 03:34:00,61.87,1.849,5.771,0
2026-03-05 03:35:00,62.67,1.852,5.847,0
2026-03-05 03:36:00,63.2,1.855,5.755,0
2026-03-05 03:37:00,63.28,2.046,5.692,0
2026-03-05 03:38:00,63.62,2.063,5.779,0
2026-03-05 03:39:00,63.89,1.745,5.937,0
2026-03-05 03:40:00,63.59,2.145,5.782,0
2026-03-05 03:41:00,63.93,2.002,5.921,0
2026-03-05 03:42:00,63.56,2.185,5.723,0
2026-03-05 03:43:00,63.72,2.313,5.738,0
2026-03-05 03:44:00,64.19,2.046,5.826,0
2026-03-05 03:45:00,64.0,2.195,5.732,0
2026-03-05 03:46:00,64.25,2.299,5.809,0
2026-03-05 03:47:00,64.08,1.863,5.842,0
2026-03-05 03:48:00,64.47,1.877,5.797,0
2026-03-05 03:49:00,64.69,2.316,5.767,0
2026-03-05 03:50:00,65.22,2.444,5.766,0
2026-03-05 03:51:00,64.79,2.069,5.877,0
2026-03-05 03:52:00,64.23,1.883,5.728,0
2026-03-05 03:53:00,63.94,2.125,5.65,0
2026-03-05 03:54:00,63.92,2.196,5.854,0
2026-03-05 03:55:00,63.7,2.096,5.831,0
2026-03-05 03:56:00,64.0,1.986,5.753,0
2026-03-05 03:57:00,64.22,2.144,5.717,0
2026-03-05 03:58:00,65.16,1.908,5.746,0
2026-03-05 03:59:00,64.82,2.13,5.895,0
2026-03-05 04:00:00,64.6,2.088,5.743,0
2026-03-05 04:01:00,65.02,2.361,5.728,0
2026-03-05 04:02:00,64.89,2.091,5.872,0
2026-03-05 04:03:00,64.98,2.229,5.838,0
2026-03-05 04:04:00,65.26,2.205,5.737,0
2026-03-05 04:05:00,65.44,1.882,5.762,0
2026-03-05 04:06:00,65.27,2.08,5.93,0
2026-03-05 04:07:00,65.3,2.297,5.714,0
2026-03-05 04:08:00,66.05,2.119,5.835,0
2026-03-05 04:09:00,66.58,2.118,6.031,0
2026-03-05 04:10:00,66.23,2.273,5.733,0
2026-03-05 04:11:00,66.71,2.098,5.817,0
2026-03-05 04:12:00,66.17,2.157,5.896,0
2026-03-05 04:13:00,66.56,2.293,5.753,0
2026-03-05 04:14:00,66.42,2.036,5.937,0
2026-03-05 04:15:00,66.17,2.063,5.826,0
2026-03-05 04:16:00,66.71,2.515,5.816,0
2026-03-05 04:17:00,67.08,2.193,5.868,0
2026-03-05 04:18:00,67.17,2.29,5.621,0
2026-03-05 04:19:00,66.85,2.111,5.848,0
2026-03-05 04:20:00,66.83,2.21,5.88,0
2026-03-05 04:21:00,66.17,2.082,5.729,0
2026-03-05 04:22:00,66.62,2.056,5.629,0
2026-03-05 04:23:00,65.99,1.97,5.944,0
2026-03-05 04:24:00,65.94,1.992,5.769,0
2026-03-05 04:25:00,65.01,2.481,5.945,0
2026-03-05 04:26:00,65.44,2.259,5.705,0
2026-03-05 04:27:00,65.22,1.939,5.655,0
2026-03-05 04:28:00,65.25,2.015,5.849,0
2026-03-05 04:29:00,65.05,2.026,5.788,0
2026-03-05 04:30:00,64.62,2.244,5.796,0
2026-03-05 04:31:00,64.64,2.015,5.91,0
2026-03-05 04:32:00,64.51,2.276,5.81,0
2026-03-05 04:33:00,64.6,2.084,5.893,0
2026-03-05 04:34:00,64.53,1.847,5.699,0
2026-03-05 04:35:00,64.25,2.153,5.704,0
2026-03-05 04:36:00,64.42,1.619,5.763,0
2026-03-05 04:37:00,65.06,2.043,5.917,0
2026-03-05 04:38:00,64.3,1.914,5.832,0
2026-03-05 04:39:00,64.93,2.16,5.924,0
2026-03-05 04:40:00,64.45,2.233,5.865,0
2026-03-05 04:41:00,64.61,2.219,5.841,0
2026-03-05 04:42:00,64.09,2.057,5.933,0
2026-03-05 04:43:00,63.87,2.253,5.724,0
2026-03-05 04:44:00,64.19,2.12,5.853,0
2026-03-05 04:45:00,64.24,2.284,5.759,0
2026-03-05 04:46:00,63.54,2.284,5.835,0
2026-03-05 04:47:00,63.64,2.356,5.83,0
2026-03-05 04:48:00,63.74,2.422,5.703,0
2026-03-05 04:49:00,63.89,2.195,5.918,0
2026-03-05 04:50:00,64.86,1.994,5.754,0
2026-03-05 04:51:00,65.51,2.216,6.051,0
2026-03-05 04:52:00,64.76,2.142,5.959,0
2026-03-05 04:53:00,65.06,2.275,5.953,0
2026-03-05 04:54:00,65.52,2.042,5.905,0
2026-03-05 04:55:00,66.32,2.117,5.902,0
2026-03-05 04:56:00,66.28,2.277,5.733,0
2026-03-05 04:57:00,66.8,2.252,5.907,0
2026-03-05 04:58:00,66.75,2.183,5.823,0
2026-03-05 04:59:00,66.78,2.139,5.729,0
2026-03-05 05:00:00,66.86,2.484,5.996,0
2026-03-05 05:01:00,66.42,2.032,5.941,0
2026-03-05 05:02:00,65.73,2.343,5.881,0
2026-03-05 05:03:00,66.32,2.242,5.69,0
2026-03-05 05:04:00,66.17,2.296,5.923,0
2026-03-05 05:05:00,66.53,2.339,5.815,0
2026-03-05 05:06:00,66.95,2.36,5.935,0
2026-03-05 05:07:00,66.31,1.94,5.81,0
2026-03-05 05:08:00,66.18,2.005,5.879,0
2026-03-05 05:09:00,66.3,2.658,5.915,0
2026-03-05 05:10:00,66.33,2.776,5.972,0
2026-03-05 05:11:00,66.58,2.223,5.942,0
2026-03-05 05:12:00,66.72,2.225,5.919,0
2026-03-05 05:13:00,67.13,2.018,5.864,0
2026-03-05 05:14:00,65.77,2.263,5.786,0
2026-03-05 05:15:00,66.85,2.249,5.895,0
2026-03-05 05:16:00,66.01,2.088,5.749,0
2026-03-05 05:17:00,65.5,2.038,5.802,0
2026-03-05 05:18:00,66.36,2.105,5.823,0
2026-03-05 05:19:00,66.55,2.283,5.895,0
2026-03-05 05:20:00,66.29,2.484,5.83,0
2026-03-05 05:21:00,66.35,2.116,5.942,0
2026-03-05 05:22:00,65.86,2.055,5.961,0
2026-03-05 05:23:00,66.88,2.502,5.948,0
2026-03-05 05:24:00,66.42,2.193,5.802,0
2026-03-05 05:25:00,67.67,2.466,5.921,0
2026-03-05 05:26:00,67.54,2.474,5.937,0
2026-03-05 05:27:00,67.63,2.373,6.01,0
2026-03-05 05:28:00,66.93,2.369,5.923,0
2026-03-05 05:29:00,66.73,2.358,6.075,0
2026-03-05 05:30:00,66.98,2.292,5.985,0
2026-03-05 05:31:00,66.8,2.385,5.985,0
2026-03-05 05:32:00,66.72,2.276,5.993,0
2026-03-05 05:33:00,66.03,2.222,5.991,0
2026-03-05 05:34:00,66.5,2.439,6.045,0
2026-03-05 05:35:00,66.51,2.54,5.991,0
2026-03-05 05:36:00,66.69,2.482,6.093,0
2026-03-05 05:37:00,67.09,2.093,6.037,0
2026-03-05 05:38:00,68.06,2.135,5.999,0
2026-03-05 05:39:00,68.19,2.139,6.064,0
2026-03-05 05:40:00,67.72,2.477,5.97,0
2026-03-05 05:41:00,68.31,2.207,5.952,0
2026-03-05 05:42:00,68.5,2.268,6.095,0
2026-03-05 05:43:00,68.37,2.319,5.913,0
2026-03-05 05:44:00,68.33,2.354,6.083,0
2026-03-05 05:45:00,68.93,2.252,5.981,0
2026-03-05 05:46:00,68.66,2.544,6.141,0
2026-03-05 05:47:00,69.03,2.532,6.146,0
2026-03-05 05:48:00,68.66,2.309,5.814,0
2026-03-05 05:49:00,68.25,2.366,6.107,0
2026-03-05 05:50:00,67.92,2.282,6.137,0
2026-03-05 05:51:00,67.83,2.963,6.19,0
2026-03-05 05:52:00,67.82,2.736,6.049,0
2026-03-05 05:53:00,67.66,2.684,5.913,0
2026-03-05 05:54:00,67.62,2.286,6.085,0
2026-03-05 05:55:00,67.27,2.495,6.014,0
2026-03-05 05:56:00,68.4,2.351,5.932,0
2026-03-05 05:57:00,68.23,2.355,6.215,0
2026-03-05 05:58:00,67.92,2.242,6.164,0
2026-03-05 05:59:00,67.67,2.565,6.067,0
2026-03-05 06:00:00,67.71,2.308,6.36,0
2026-03-05 06:01:00,67.86,2.569,6.047,0
2026-03-05 06:02:00,68.02,2.6,5.999,0
2026-03-05 06:03:00,67.67,2.478,6.103,0
2026-03-05 06:04:00,67.71,2.316,6.09,0
2026-03-05 06:05:00,68.31,2.335,6.088,0
2026-03-05 06:06:00,69.05,2.509,6.038,0
2026-03-05 06:07:00,68.69,2.54,5.952,0
2026-03-05 06:08:00,68.67,2.499,6.093,0
2026-03-05 06:09:00,69.19,2.321,5.857,0
2026-03-05 06:10:00,68.7,2.273,6.012,0
2026-03-05 06:11:00,68.66,2.368,6.091,0
2026-03-05 06:12:00,68.45,2.811,6.056,0
2026-03-05 06:13:00,68.61,2.673,6.001,0
2026-03-05 06:14:00,68.71,2.466,5.984,0
2026-03-05 06:15:00,68.65,2.511,5.959,0
2026-03-05 06:16:00,69.43,2.589,6.056,0
2026-03-05 06:17:00,69.72,2.657,6.039,0
2026-03-05 06:18:00,69.59,2.603,5.965,0
2026-03-05 06:19:00,70.22,2.382,6.068,0
2026-03-05 06:20:00,68.96,2.908,6.129,0
2026-03-05 06:21:00,68.79,2.309,5.966,0
2026-03-05 06:22:00,69.17,2.797,5.893,0
2026-03-05 06:23:00,68.21,2.207,6.014,0
2026-03-05 06:24:00,68.1,2.471,5.915,0
2026-03-05 06:25:00,67.35,2.478,5.909,0
2026-03-05 06:26:00,66.97,2.341,5.847,0
2026-03-05 06:27:00,66.61,2.214,5.944,0
2026-03-05 06:28:00,66.85,1.892,5.818,0
2026-03-05 06:29:00,67.0,2.141,5.901,0
2026-03-05 06:30:00,67.08,2.572,5.981,0
2026-03-05 06:31:00,66.87,2.615,5.818,0
2026-03-05 06:32:00,67.02,2.122,5.857,0
2026-03-05 06:33:00,66.88,2.083,5.808,0
2026-03-05 06:34:00,67.32,2.52,5.945,0
2026-03-05 06:35:00,67.28,2.526,5.938,0
2026-03-05 06:36:00,67.14,2.488,5.671,0
2026-03-05 06:37:00,67.31,2.277,5.942,0
2026-03-05 06:38:00,67.64,2.465,5.887,0
2026-03-05 06:39:00,67.15,2.311,5.821,0
2026-03-05 06:40:00,67.53,2.155,5.968,0
2026-03-05 06:41:00,66.55,2.65,5.756,0
2026-03-05 06:42:00,66.86,2.566,5.962,0
2026-03-05 06:43:00,67.92,2.233,5.775,0
2026-03-05 06:44:00,67.15,2.337,5.824,0
2026-03-05 06:45:00,67.21,2.782,5.984,0
2026-03-05 06:46:00,66.71,2.372,5.943,0
2026-03-05 06:47:00,66.34,2.59,6.041,0
2026-03-05 06:48:00,66.2,2.284,5.907,0
2026-03-05 06:49:00,66.8,1.993,5.959,0
2026-03-05 06:50:00,66.13,2.225,5.788,0
2026-03-05 06:51:00,66.08,2.589,5.81,0
2026-03-05 06:52:00,66.24,2.316,5.901,0
2026-03-05 06:53:00,66.2,2.364,5.937,0
2026-03-05 06:54:00,65.72,2.265,5.868,0
2026-03-05 06:55:00,65.66,2.007,5.813,0
2026-03-05 06:56:00,65.71,2.249,5.863,0
2026-03-05 06:57:00,65.11,2.279,6.002,0
2026-03-05 06:58:00,65.67,2.639,5.958,0
2026-03-05 06:59:00,65.61,2.217,5.777,0
2026-03-05 07:00:00,66.35,2.193,5.911,0
2026-03-05 07:01:00,66.03,2.015,6.002,0
2026-03-05 07:02:00,66.67,2.212,5.833,0
2026-03-05 07:03:00,66.89,2.399,5.964,0
2026-03-05 07:04:00,66.35,2.455,5.946,0
2026-03-05 07:05:00,65.95,2.253,6.003,0
2026-03-05 07:06:00,66.39,2.129,5.849,0
2026-03-05 07:07:00,66.11,2.376,5.856,0
2026-03-05 07:08:00,65.87,2.186,5.855,0
2026-03-05 07:09:00,64.77,1.92,5.911,0
2026-03-05 07:10:00,64.66,2.17,5.892,0
2026-03-05 07:11:00,64.1,1.845,5.826,0
2026-03-05 07:12:00,65.12,2.459,5.767,0
2026-03-05 07:13:00,65.33,2.363,5.839,0
2026-03-05 07:14:00,65.88,2.624,5.907,0
2026-03-05 07:15:00,65.77,2.134,5.942,0
2026-03-05 07:16:00,65.9,2.349,5.788,0
2026-03-05 07:17:00,65.22,2.489,5.926,0
2026-03-05 07:18:00,66.02,2.556,5.85,0
2026-03-05 07:19:00,67.13,2.036,5.994,0
2026-03-05 07:20:00,66.74,2.46,5.996,0
2026-03-05 07:21:00,67.04,2.149,5.91,0
2026-03-05 07:22:00,66.72,2.394,6.019,0
2026-03-05 07:23:00,66.15,2.129,5.947,0
2026-03-05 07:24:00,67.19,2.352,5.892,0
2026-03-05 07:25:00,66.91,2.269,5.798,0
2026-03-05 07:26:00,66.64,2.299,5.96,0
2026-03-05 07:27:00,67.37,2.049,5.932,0
2026-03-05 07:28:00,67.4,2.188,5.961,0
2026-03-05 07:29:00,66.74,2.465,6.002,0
2026-03-05 07:30:00,66.68,2.235,6.03,0
2026-03-05 07:31:00,67.21,2.237,5.865,0
2026-03-05 07:32:00,68.38,2.481,5.98,0
2026-03-05 07:33:00,68.05,2.28,6.15,0
2026-03-05 07:34:00,68.15,2.451,5.813,0
2026-03-05 07:35:00,67.83,2.149,5.933,0
2026-03-05 07:36:00,67.45,2.576,5.841,0
2026-03-05 07:37:00,67.88,2.336,5.844,0
2026-03-05 07:38:00,67.53,2.177,6.047,0
2026-03-05 07:39:00,66.83,2.489,5.789,0
2026-03-05 07:40:00,67.43,2.272,5.86,0
2026-03-05 07:41:00,67.46,2.331,5.925,0
2026-03-05 07:42:00,67.99,2.461,5.976,0
2026-03-05 07:43:00,67.63,2.191,5.961,0
2026-03-05 07:44:00,68.01,2.521,5.944,0
2026-03-05 07:45:00,66.89,2.409,6.039,0
2026-03-05 07:46:00,67.46,2.168,6.04,0
2026-03-05 07:47:00,67.98,2.262,6.01,0
2026-03-05 07:48:00,68.59,2.595,6.106,0
2026-03-05 07:49:00,69.06,2.699,6.088,0
2026-03-05 07:50:00,68.66,2.703,6.034,0
2026-03-05 07:51:00,69.3,2.918,6.084,0
2026-03-05 07:52:00,69.1,2.39,6.097,0
2026-03-05 07:53:00,67.72,2.369,6.185,0
2026-03-05 07:54:00,67.79,2.47,6.115,0
2026-03-05 07:55:00,67.58,2.584,6.107,0
2026-03-05 07:56:00,67.4,2.333,6.033,0
2026-03-05 07:57:00,66.97,2.392,6.071,0
2026-03-05 07:58:00,66.98,2.478,5.983,0
2026-03-05 07:59:00,67.17,2.299,6.128,0
2026-03-05 08:00:00,66.56,2.349,5.901,0
2026-03-05 08:01:00,66.05,2.311,6.029,0
2026-03-05 08:02:00,66.25,2.354,6.249,0
2026-03-05 08:03:00,66.11,2.447,6.019,0
2026-03-05 08:04:00,66.71,2.215,5.923,0
2026-03-05 08:05:00,66.07,2.105,6.017,0
2026-03-05 08:06:00,65.47,2.11,5.936,0
2026-03-05 08:07:00,66.32,2.256,5.929,0
2026-03-05 08:08:00,66.29,2.294,5.929,0
2026-03-05 08:09:00,66.21,2.301,5.839,0
2026-03-05 08:10:00,65.86,2.218,5.665,0
2026-03-05 08:11:00,65.98,2.067,5.984,0
2026-03-05 08:12:00,66.36,1.91,5.891,0
2026-03-05 08:13:00,66.54,2.129,5.685,0
2026-03-05 08:14:00,66.97,2.242,5.877,0
2026-03-05 08:15:00,66.5,2.324,5.851,0
2026-03-05 08:16:00,67.61,2.402,5.847,0
2026-03-05 08:17:00,66.89,2.489,5.778,0
2026-03-05 08:18:00,66.69,2.03,5.787,0
2026-03-05 08:19:00,66.73,2.224,5.679,0
2026-03-05 08:20:00,66.37,2.07,5.704,0
2026-03-05 08:21:00,66.31,1.856,5.776,0
2026-03-05 08:22:00,65.89,1.699,5.753,0
2026-03-05 08:23:00,66.73,2.081,5.923,0
2026-03-05 08:24:00,65.96,2.353,5.792,1
2026-03-05 08:25:00,65.72,1.975,5.858,0
2026-03-05 08:26:00,65.36,2.114,5.759,0
2026-03-05 08:27:00,65.37,2.215,6.008,0
2026-03-05 08:28:00,65.82,2.209,5.843,0
2026-03-05 08:29:00,65.41,2.05,5.817,0
2026-03-05 08:30:00,65.11,2.113,5.717,0
2026-03-05 08:31:00,65.51,2.12,5.867,0
2026-03-05 08:32:00,64.92,2.094,5.806,0
2026-03-05 08:33:00,65.42,1.95,5.886,0
2026-03-05 08:34:00,65.07,2.11,5.725,0
2026-03-05 08:35:00,65.35,1.818,6.006,0
2026-03-05 08:36:00,65.47,2.09,5.799,0
2026-03-05 08:37:00,65.47,2.113,5.873,0
2026-03-05 08:38:00,65.35,2.358,5.772,0
2026-03-05 08:39:00,64.92,2.148,5.678,0
2026-03-05 08:40:00,65.35,2.256,5.834,0
2026-03-05 08:41:00,66.07,2.412,5.893,0
2026-03-05 08:42:00,66.39,1.9,5.822,0
2026-03-05 08:43:00,66.48,2.45,5.992,0
2026-03-05 08:44:00,66.18,2.18,5.802,0
2026-03-05 08:45:00,66.75,2.323,5.987,0
2026-03-05 08:46:00,66.55,2.312,5.788,0
2026-03-05 08:47:00,66.83,1.957,5.924,0
2026-03-05 08:48:00,67.09,2.393,5.831,0
2026-03-05 08:49:00,65.96,2.074,5.859,0
2026-03-05 08:50:00,65.78,1.972,5.668,0
2026-03-05 08:51:00,65.69,2.23,5.817,0
2026-03-05 08:52:00,66.27,1.823,5.906,0
2026-03-05 08:53:00,65.78,1.92,5.854,0
2026-03-05 08:54:00,65.53,2.126,5.832,0
2026-03-05 08:55:00,65.7,2.168,5.861,0
2026-03-05 08:56:00,66.47,2.127,5.725,0
2026-03-05 08:57:00,65.23,2.003,5.849,0
2026-03-05 08:58:00,65.0,2.1,5.722,0
2026-03-05 08:59:00,65.12,2.355,5.907,0
2026-03-05 09:00:00,64.86,2.041,5.955,0
2026-03-05 09:01:00,64.25,2.232,5.97,0
2026-03-05 09:02:00,64.36,2.073,5.722,0
2026-03-05 09:03:00,65.11,1.807,5.925,0
2026-03-05 09:04:00,65.29,2.072,5.764,0
2026-03-05 09:05:00,65.35,2.17,5.949,0
2026-03-05 09:06:00,65.38,2.11,5.91,0
2026-03-05 09:07:00,65.82,2.134,5.804,0
2026-03-05 09:08:00,65.71,2.088,5.745,0
2026-03-05 09:09:00,66.83,2.715,5.879,0
2026-03-05 09:10:00,66.82,2.13,5.868,0
2026-03-05 09:11:00,66.98,1.954,5.811,0
2026-03-05 09:12:00,66.98,2.14,5.747,0
2026-03-05 09:13:00,66.71,1.991,5.814,0
2026-03-05 09:14:00,66.67,2.101,5.837,0
2026-03-05 09:15:00,66.79,2.274,5.816,0
2026-03-05 09:16:00,67.01,2.573,5.694,0
2026-03-05 09:17:00,66.26,2.022,5.761,0
2026-03-05 09:18:00,66.52,2.215,5.724,0
2026-03-05 09:19:00,66.81,2.302,5.849,0
2026-03-05 09:20:00,65.72,2.315,5.851,0
2026-03-05 09:21:00,65.81,2.129,5.746,0
2026-03-05 09:22:00,66.74,1.899,5.747,0
2026-03-05 09:23:00,65.69,1.999,5.791,0
2026-03-05 09:24:00,66.83,2.626,5.906,0
2026-03-05 09:25:00,67.05,2.276,5.934,0
2026-03-05 09:26:00,66.65,2.175,5.707,0
2026-03-05 09:27:00,66.49,2.233,5.822,0
2026-03-05 09:28:00,66.03,2.044,5.739,0
2026-03-05 09:29:00,66.24,2.367,5.733,0
2026-03-05 09:30:00,65.82,1.971,5.692,0
2026-03-05 09:31:00,65.76,2.116,5.691,0
2026-03-05 09:32:00,65.9,2.094,5.71,0
2026-03-05 09:33:00,65.37,2.208,5.707,0
2026-03-05 09:34:00,65.45,1.883,5.782,0
2026-03-05 09:35:00,65.78,2.037,5.739,0
2026-03-05 09:36:00,66.08,2.267,5.702,0
2026-03-05 09:37:00,65.22,2.48,5.639,0
2026-03-05 09:38:00,64.93,1.868,5.635,0
2026-03-05 09:39:00,65.83,1.906,5.692,0
2026-03-05 09:40:00,66.18,2.174,5.757,0
2026-03-05 09:41:00,65.35,2.083,5.658,0
2026-03-05 09:42:00,66.51,1.903,5.811,0
2026-03-05 09:43:00,66.17,2.272,5.779,0
2026-03-05 09:44:00,65.78,2.076,5.762,0
2026-03-05 09:45:00,65.66,2.123,5.678,0
2026-03-05 09:46:00,65.61,2.166,5.892,0
2026-03-05 09:47:00,65.8,2.244,5.66,0
2026-03-05 09:48:00,65.46,2.081,5.737,0
2026-03-05 09:49:00,65.48,2.051,5.579,0
2026-03-05 09:50:00,65.57,1.933,5.675,0
2026-03-05 09:51:00,65.2,1.883,5.923,0
2026-03-05 09:52:00,65.31,1.757,5.732,0
2026-03-05 09:53:00,65.2,2.302,5.736,0
2026-03-05 09:54:00,65.22,2.119,5.786,0
2026-03-05 09:55:00,64.71,2.309,5.763,0
2026-03-05 09:56:00,64.82,2.04,5.765,0
2026-03-05 09:57:00,64.4,1.985,5.676,0
2026-03-05 09:58:00,63.82,2.116,5.794,0
2026-03-05 09:59:00,63.0,2.03,5.702,0
2026-03-05 10:00:00,63.47,1.96,5.672,0
2026-03-05 10:01:00,63.9,2.114,5.975,0
2026-03-05 10:02:00,65.0,2.119,5.698,0
2026-03-05 10:03:00,64.18,2.281,5.868,0
2026-03-05 10:04:00,64.52,1.878,5.965,0
2026-03-05 10:05:00,65.33,1.829,5.897,0
2026-03-05 10:06:00,65.45,2.113,5.815,0
2026-03-05 10:07:00,65.44,2.464,5.829,0
2026-03-05 10:08:00,65.39,1.823,5.819,0
2026-03-05 10:09:00,64.76,1.963,5.747,0
2026-03-05 10:10:00,64.84,2.046,5.769,0
2026-03-05 10:11:00,65.12,2.107,5.894,0
2026-03-05 10:12:00,66.21,2.272,5.843,0
2026-03-05 10:13:00,67.05,2.098,5.842,0
2026-03-05 10:14:00,66.81,2.064,5.793,0
2026-03-05 10:15:00,66.48,2.218,5.835,0
2026-03-05 10:16:00,66.46,2.312,5.719,0
2026-03-05 10:17:00,66.05,2.247,5.749,0
2026-03-05 10:18:00,66.53,2.069,5.814,0
2026-03-05 10:19:00,66.68,2.13,5.722,0
2026-03-05 10:20:00,66.72,2.049,5.722,0
2026-03-05 10:21:00,66.49,2.277,5.714,0
2026-03-05 10:22:00,66.38,2.172,5.906,0
2026-03-05 10:23:00,65.55,1.994,5.639,0
2026-03-05 10:24:00,65.69,2.244,5.803,0
2026-03-05 10:25:00,65.41,2.291,5.863,0
2026-03-05 10:26:00,65.13,2.155,5.821,0
2026-03-05 10:27:00,65.71,2.177,5.654,0
2026-03-05 10:28:00,65.68,2.426,5.965,0
2026-03-05 10:29:00,65.47,1.857,5.848,0
2026-03-05 10:30:00,65.94,2.282,5.883,0
2026-03-05 10:31:00,65.77,2.095,5.816,0
2026-03-05 10:32:00,65.74,1.99,5.793,0
2026-03-05 10:33:00,66.16,2.359,6.013,0
2026-03-05 10:34:00,66.17,2.175,5.857,0
2026-03-05 10:35:00,65.84,2.318,5.829,0
2026-03-05 10:36:00,65.56,2.008,5.777,0
2026-03-05 10:37:00,65.57,2.355,5.881,0
2026-03-05 10:38:00,66.29,2.392,5.841,0
2026-03-05 10:39:00,65.38,1.703,5.762,0
2026-03-05 10:40:00,64.97,2.204,5.87,0
2026-03-05 10:41:00,64.88,2.084,5.899,0
2026-03-05 10:42:00,65.24,2.226,5.737,0
2026-03-05 10:43:00,65.22,2.089,6.055,0
2026-03-05 10:44:00,64.6,2.348,5.861,0
2026-03-05 10:45:00,64.97,2.306,5.72,0
2026-03-05 10:46:00,65.23,2.05,5.731,0
2026-03-05 10:47:00,64.77,2.189,5.869,0
2026-03-05 10:48:00,64.75,1.903,5.8,0
2026-03-05 10:49:00,64.65,2.185,5.714,0
2026-03-05 10:50:00,64.67,3.565,5.709,0
2026-03-05 10:51:00,64.5,2.198,5.754,0
2026-03-05 10:52:00,64.93,2.218,5.744,0
2026-03-05 10:53:00,64.14,1.997,5.76,0
2026-03-05 10:54:00,64.32,1.876,5.877,0
2026-03-05 10:55:00,64.77,1.915,5.839,0
2026-03-05 10:56:00,64.68,2.053,5.846,0
2026-03-05 10:57:00,64.59,1.97,5.914,0
2026-03-05 10:58:00,65.01,2.236,5.773,0
2026-03-05 10:59:00,66.0,2.346,5.737,0
2026-03-05 11:00:00,65.77,2.34,5.76,0
2026-03-05 11:01:00,65.34,2.082,5.864,0
2026-03-05 11:02:00,66.32,2.189,5.801,0
2026-03-05 11:03:00,66.19,2.08,5.953,0
2026-03-05 11:04:00,66.48,2.264,5.856,0
2026-03-05 11:05:00,67.45,2.52,6.027,0
2026-03-05 11:06:00,66.99,2.098,5.854,0
2026-03-05 11:07:00,66.98,2.409,5.881,0
2026-03-05 11:08:00,66.47,2.329,5.978,0
2026-03-05 11:09:00,66.45,2.423,6.054,0
2026-03-05 11:10:00,65.98,2.313,5.835,0
2026-03-05 11:11:00,66.27,2.22,5.939,0
2026-03-05 11:12:00,66.65,2.065,5.71,0
2026-03-05 11:13:00,65.73,2.117,5.836,0
2026-03-05 11:14:00,65.15,2.187,5.791,0
2026-03-05 11:15:00,65.87,2.093,5.886,0
2026-03-05 11:16:00,65.96,2.049,5.763,0
2026-03-05 11:17:00,65.6,2.209,5.887,0
2026-03-05 11:18:00,65.1,2.117,5.813,0
2026-03-05 11:19:00,64.98,2.129,5.835,0
2026-03-05 11:20:00,65.93,2.324,5.688,0
2026-03-05 11:21:00,65.77,2.175,5.785,0
2026-03-05 11:22:00,65.71,2.191,5.721,0
2026-03-05 11:23:00,66.35,2.326,5.817,0
2026-03-05 11:24:00,65.43,1.779,5.775,0
2026-03-05 11:25:00,64.96,2.062,5.784,0
2026-03-05 11:26:00,65.02,2.075,5.657,0
2026-03-05 11:27:00,64.39,1.969,5.755,0
2026-03-05 11:28:00,64.18,2.191,5.638,0
2026-03-05 11:29:00,64.7,2.189,5.647,0
2026-03-05 11:30:00,64.38,1.819,5.778,0
2026-03-05 11:31:00,64.56,2.265,5.561,0
2026-03-05 11:32:00,65.22,1.925,5.664,0
2026-03-05 11:33:00,65.64,2.036,5.598,0
2026-03-05 11:34:00,64.97,1.839,5.691,0
2026-03-05 11:35:00,64.97,2.134,5.706,0
2026-03-05 11:36:00,64.69,2.06,5.65,0
2026-03-05 11:37:00,65.02,2.397,5.862,0
2026-03-05 11:38:00,64.99,1.73,5.779,0
2026-03-05 11:39:00,64.48,2.095,5.911,0
2026-03-05 11:40:00,64.57,2.2,5.835,0
2026-03-05 11:41:00,64.53,2.258,5.952,0
2026-03-05 11:42:00,64.65,2.139,5.864,1
2026-03-05 11:43:00,64.55,2.32,5.753,0
2026-03-05 11:44:00,65.1,2.093,5.669,0
2026-03-05 11:45:00,65.67,2.213,5.784,1
2026-03-05 11:46:00,65.5,1.998,5.833,0
2026-03-05 11:47:00,65.01,2.332,5.709,0
2026-03-05 11:48:00,65.44,2.121,5.929,0
2026-03-05 11:49:00,65.39,2.145,5.832,0
2026-03-05 11:50:00,64.99,2.079,5.731,0
2026-03-05 11:51:00,65.48,2.16,5.824,0
2026-03-05 11:52:00,65.15,2.24,5.802,0
2026-03-05 11:53:00,66.17,2.148,5.835,0
2026-03-05 11:54:00,66.43,2.312,5.926,0
2026-03-05 11:55:00,66.66,2.143,5.861,0
2026-03-05 11:56:00,66.02,2.044,5.957,0
2026-03-05 11:57:00,66.4,2.032,5.896,0
2026-03-05 11:58:00,66.21,2.32,5.845,0
2026-03-05 11:59:00,65.38,2.051,5.73,0
2026-03-05 12:00:00,64.98,2.017,5.727,0
2026-03-05 12:01:00,65.56,1.973,5.664,0
2026-03-05 12:02:00,64.99,2.238,5.764,0
2026-03-05 12:03:00,64.84,2.011,5.763,0
2026-03-05 12:04:00,64.75,1.941,5.831,0
2026-03-05 12:05:00,64.67,2.443,5.737,0
2026-03-05 12:06:00,65.45,2.339,5.854,0
2026-03-05 12:07:00,65.8,1.988,5.756,0
2026-03-05 12:08:00,65.42,2.198,5.795,0
2026-03-05 12:09:00,65.63,2.187,5.84,0
2026-03-05 12:10:00,65.49,1.835,5.817,0
2026-03-05 12:11:00,64.96,1.814,5.689,0
2026-03-05 12:12:00,65.54,2.22,5.72,0
2026-03-05 12:13:00,65.57,2.129,5.638,0
2026-03-05 12:14:00,65.03,2.486,5.871,0
2026-03-05 12:15:00,64.88,2.151,5.798,0
2026-03-05 12:16:00,64.43,1.868,5.838,0
2026-03-05 12:17:00,64.93,2.024,5.949,0
2026-03-05 12:18:00,65.16,2.234,5.844,0
2026-03-05 12:19:00,65.11,2.317,5.986,0
2026-03-05 12:20:00,65.54,2.221,5.938,0
2026-03-05 12:21:00,65.69,2.364,5.768,0
2026-03-05 12:22:00,65.97,1.908,5.966,0
2026-03-05 12:23:00,65.78,2.252,5.739,0
2026-03-05 12:24:00,65.42,1.965,5.789,0
2026-03-05 12:25:00,65.91,2.178,5.956,0
2026-03-05 12:26:00,66.47,2.033,6.008,0
2026-03-05 12:27:00,66.29,2.057,5.881,0
2026-03-05 12:28:00,66.39,2.234,5.98,0
2026-03-05 12:29:00,67.46,2.261,5.688,0
2026-03-05 12:30:00,66.59,2.193,5.864,0
2026-03-05 12:31:00,66.66,2.134,5.728,0
2026-03-05 12:32:00,67.45,2.221,5.845,0
2026-03-05 12:33:00,68.28,2.181,5.855,0
2026-03-05 12:34:00,67.56,2.41,5.897,0
2026-03-05 12:35:00,66.84,2.002,5.756,0
2026-03-05 12:36:00,66.46,2.276,5.732,0
2026-03-05 12:37:00,65.94,2.29,5.779,0
2026-03-05 12:38:00,65.9,2.074,5.731,0
2026-03-05 12:39:00,66.33,2.062,5.926,0
2026-03-05 12:40:00,67.52,2.582,5.787,0
2026-03-05 12:41:00,65.92,2.275,5.955,0
2026-03-05 12:42:00,66.78,2.082,5.813,0
2026-03-05 12:43:00,66.92,2.397,5.975,0
2026-03-05 12:44:00,66.82,2.086,5.826,0
2026-03-05 12:45:00,65.96,2.18,5.721,0
2026-03-05 12:46:00,65.71,2.177,5.79,0
2026-03-05 12:47:00,65.56,2.002,5.924,0
2026-03-05 12:48:00,66.15,2.32,5.746,0
2026-03-05 12:49:00,65.91,2.406,5.888,0
2026-03-05 12:50:00,64.7,2.486,5.759,0
2026-03-05 12:51:00,65.06,2.252,5.886,0
2026-03-05 12:52:00,64.98,2.074,5.825,0
2026-03-05 12:53:00,64.96,2.045,5.93,0
2026-03-05 12:54:00,65.53,2.11,5.931,0
2026-03-05 12:55:00,66.58,2.287,5.815,0
2026-03-05 12:56:00,66.15,2.089,5.954,0
2026-03-05 12:57:00,65.3,2.16,5.912,0
2026-03-05 12:58:00,65.91,2.04,5.919,0
2026-03-05 12:59:00,66.28,2.259,5.838,0
2026-03-05 13:00:00,65.68,2.16,5.921,0
2026-03-05 13:01:00,65.63,2.302,5.723,0
2026-03-05 13:02:00,65.19,2.239,5.874,0
2026-03-05 13:03:00,65.64,2.064,5.722,0
2026-03-05 13:04:00,65.21,2.221,5.873,0
2026-03-05 13:05:00,64.89,2.189,5.939,0
2026-03-05 13:06:00,65.61,2.006,5.86,0
2026-03-05 13:07:00,65.67,2.49,5.885,0
2026-03-05 13:08:00,65.87,2.132,5.713,0
2026-03-05 13:09:00,65.64,2.096,5.995,0
2026-03-05 13:10:00,66.35,2.166,5.75,0
2026-03-05 13:11:00,66.16,2.133,5.919,0
2026-03-05 13:12:00,65.96,1.954,5.868,0
2026-03-05 13:13:00,66.05,2.206,5.838,0
2026-03-05 13:14:00,66.32,2.393,5.826,0
2026-03-05 13:15:00,65.97,2.086,5.833,0
2026-03-05 13:16:00,66.5,2.446,5.67,0
2026-03-05 13:17:00,65.49,2.341,5.761,0
2026-03-05 13:18:00,64.97,2.128,5.99,0
2026-03-05 13:19:00,65.96,2.194,5.878,0
2026-03-05 13:20:00,65.95,2.268,5.94,0
2026-03-05 13:21:00,66.02,2.223,5.947,0
2026-03-05 13:22:00,66.6,2.088,5.889,0
2026-03-05 13:23:00,66.55,2.421,5.798,0
2026-03-05 13:24:00,67.13,2.053,5.886,0
2026-03-05 13:25:00,66.27,2.181,5.753,0
2026-03-05 13:26:00,66.15,2.249,5.788,0
2026-03-05 13:27:00,66.44,1.955,5.864,0
2026-03-05 13:28:00,66.81,2.312,5.876,0
2026-03-05 13:29:00,66.82,2.484,5.984,0
2026-03-05 13:30:00,66.6,2.247,5.839,0
2026-03-05 13:31:00,66.39,2.506,5.869,0
2026-03-05 13:32:00,66.9,2.14,5.8,0
2026-03-05 13:33:00,66.9,2.374,5.971,0
2026-03-05 13:34:00,67.05,2.371,5.948,0
2026-03-05 13:35:00,67.2,2.213,5.878,0
2026-03-05 13:36:00,66.72,2.47,5.884,0
2026-03-05 13:37:00,66.93,2.148,5.868,0
2026-03-05 13:38:00,66.14,4.271,6.087,0
2026-03-05 13:39:00,66.88,2.285,6.194,0
2026-03-05 13:40:00,67.06,2.768,5.971,0
2026-03-05 13:41:00,67.46,2.406,6.089,0
2026-03-05 13:42:00,66.76,2.868,5.895,0
2026-03-05 13:43:00,66.85,2.487,6.066,0
2026-03-05 13:44:00,66.95,2.191,5.987,0
2026-03-05 13:45:00,66.87,2.143,6.054,0
2026-03-05 13:46:00,68.31,2.452,6.108,0
2026-03-05 13:47:00,68.07,2.419,5.991,0
2026-03-05 13:48:00,67.95,2.332,5.972,0
2026-03-05 13:49:00,68.1,2.265,6.012,0
2026-03-05 13:50:00,68.89,2.453,6.084,0
2026-03-05 13:51:00,68.35,2.42,6.142,0
2026-03-05 13:52:00,69.02,2.402,5.969,0
2026-03-05 13:53:00,67.94,2.52,5.88,0
2026-03-05 13:54:00,67.96,2.308,6.062,0
2026-03-05 13:55:00,67.69,2.443,6.153,0
2026-03-05 13:56:00,68.13,2.209,6.234,0
2026-03-05 13:57:00,67.12,2.242,5.876,0
2026-03-05 13:58:00,67.08,2.096,5.986,0
2026-03-05 13:59:00,66.87,2.436,5.917,0
2026-03-05 14:00:00,67.48,2.413,6.115,0
2026-03-05 14:01:00,67.4,2.269,6.018,0
2026-03-05 14:02:00,67.22,2.21,5.992,0
2026-03-05 14:03:00,66.96,2.499,5.942,0
2026-03-05 14:04:00,67.59,2.535,5.814,0
2026-03-05 14:05:00,67.19,2.322,5.909,0
2026-03-05 14:06:00,67.36,2.594,6.037,0
2026-03-05 14:07:00,67.62,2.848,5.897,1
2026-03-05 14:08:00,66.77,2.213,6.046,0
2026-03-05 14:09:00,67.45,2.476,6.076,0
2026-03-05 14:10:00,66.84,2.243,5.983,0
2026-03-05 14:11:00,66.07,1.941,5.972,0
2026-03-05 14:12:00,66.88,2.332,5.928,0
2026-03-05 14:13:00,67.23,2.554,5.856,0
2026-03-05 14:14:00,67.2,2.721,5.936,0
2026-03-05 14:15:00,67.36,2.141,5.814,0
2026-03-05 14:16:00,67.9,2.229,5.971,0
2026-03-05 14:17:00,68.62,2.258,5.995,0
2026-03-05 14:18:00,67.34,2.127,6.008,0
2026-03-05 14:19:00,68.08,2.474,5.895,0
2026-03-05 14:20:00,68.21,2.362,5.923,0
2026-03-05 14:21:00,68.01,2.718,5.945,0
2026-03-05 14:22:00,67.87,2.447,5.886,0
2026-03-05 14:23:00,67.66,2.466,5.997,0
2026-03-05 14:24:00,67.49,2.324,5.996,0
2026-03-05 14:25:00,67.24,2.591,5.783,0
2026-03-05 14:26:00,67.77,2.45,6.024,0
2026-03-05 14:27:00,66.78,2.276,5.841,0
2026-03-05 14:28:00,66.55,2.459,5.875,0
2026-03-05 14:29:00,66.87,2.119,5.838,0
2026-03-05 14:30:00,66.21,2.117,5.87,0
2026-03-05 14:31:00,66.6,2.496,5.854,0
2026-03-05 14:32:00,65.41,2.201,5.802,0
2026-03-05 14:33:00,65.9,2.336,5.869,0
2026-03-05 14:34:00,65.63,1.968,5.683,0
2026-03-05 14:35:00,65.29,2.237,5.948,0
2026-03-05 14:36:00,66.07,2.452,5.917,0
2026-03-05 14:37:00,65.42,2.098,5.944,0
2026-03-05 14:38:00,66.16,2.154,5.837,0
2026-03-05 14:39:00,66.23,2.24,5.862,0
2026-03-05 14:40:00,66.45,2.065,5.834,0
2026-03-05 14:41:00,66.7,2.092,5.954,0
2026-03-05 14:42:00,66.4,2.438,5.883,0
2026-03-05 14:43:00,66.48,2.193,6.053,0
2026-03-05 14:44:00,67.08,2.372,5.869,0
2026-03-05 14:45:00,66.49,2.262,5.897,0
2026-03-05 14:46:00,65.85,2.112,5.928,0
2026-03-05 14:47:00,66.08,2.201,5.902,0
2026-03-05 14:48:00,66.27,2.27,5.985,0
2026-03-05 14:49:00,66.62,2.343,5.917,0
2026-03-05 14:50:00,66.38,2.311,5.835,0
2026-03-05 14:51:00,66.28,2.082,5.856,0
2026-03-05 14:52:00,66.32,2.128,5.763,0
2026-03-05 14:53:00,66.11,2.122,5.854,0
2026-03-05 14:54:00,66.04,2.503,5.973,0
2026-03-05 14:55:00,66.69,2.362,5.897,0
2026-03-05 14:56:00,65.48,2.285,5.836,0
2026-03-05 14:57:00,65.62,2.074,5.864,0
2026-03-05 14:58:00,65.67,2.267,5.931,0
2026-03-05 14:59:00,65.96,2.072,5.988,0
2026-03-05 15:00:00,65.54,1.957,5.874,0
2026-03-05 15:01:00,65.65,2.188,5.985,0
2026-03-05 15:02:00,65.98,2.403,6.002,0
2026-03-05 15:03:00,65.89,2.305,5.973,0
2026-03-05 15:04:00,66.02,2.273,5.859,0
2026-03-05 15:05:00,66.7,2.282,5.926,0
2026-03-05 15:06:00,66.33,2.089,5.949,0
2026-03-05 15:07:00,66.53,2.057,5.83,0
2026-03-05 15:08:00,66.99,2.232,5.889,0
2026-03-05 15:09:00,67.19,2.473,6.099,0
2026-03-05 15:10:00,66.76,2.288,6.096,0
2026-03-05 15:11:00,68.14,2.815,6.008,0
2026-03-05 15:12:00,66.9,2.341,5.898,0
2026-03-05 15:13:00,66.97,2.323,5.997,0
2026-03-05 15:14:00,66.35,2.145,5.814,0
2026-03-05 15:15:00,66.5,2.223,5.855,0
2026-03-05 15:16:00,66.69,2.119,5.718,0
2026-03-05 15:17:00,66.77,2.366,5.697,0
2026-03-05 15:18:00,67.94,2.187,5.914,0
2026-03-05 15:19:00,68.47,2.375,5.921,0
2026-03-05 15:20:00,68.51,2.033,5.761,0
2026-03-05 15:21:00,67.32,2.242,5.874,0
2026-03-05 15:22:00,67.6,2.157,5.82,0
2026-03-05 15:23:00,68.08,2.397,5.963,0
2026-03-05 15:24:00,68.02,2.188,6.002,0
2026-03-05 15:25:00,67.47,2.158,5.952,0
2026-03-05 15:26:00,67.72,2.274,6.035,0
2026-03-05 15:27:00,68.61,2.627,5.825,0
2026-03-05 15:28:00,67.86,2.412,5.905,0
2026-03-05 15:29:00,68.49,2.352,5.925,0
2026-03-05 15:30:00,68.17,2.25,5.832,0
2026-03-05 15:31:00,67.33,1.968,5.857,0
2026-03-05 15:32:00,67.2,2.433,5.966,0
2026-03-05 15:33:00,67.2,2.304,5.845,0
2026-03-05 15:34:00,67.45,2.296,5.919,0
2026-03-05 15:35:00,67.62,2.655,5.922,0
2026-03-05 15:36:00,67.66,2.205,5.929,0
2026-03-05 15:37:00,68.37,2.242,6.071,0
2026-03-05 15:38:00,68.26,2.531,5.927,0
2026-03-05 15:39:00,68.14,2.802,5.968,0
2026-03-05 15:40:00,68.42,2.201,5.798,0
2026-03-05 15:41:00,67.81,2.147,6.052,0
2026-03-05 15:42:00,67.2,2.32,5.955,0
2026-03-05 15:43:00,67.23,2.392,5.935,0
2026-03-05 15:44:00,67.1,2.331,5.896,0
2026-03-05 15:45:00,66.63,2.615,6.002,0
2026-03-05 15:46:00,66.21,2.043,6.141,0
2026-03-05 15:47:00,66.77,2.19,5.924,0
2026-03-05 15:48:00,66.92,2.47,6.1,0
2026-03-05 15:49:00,66.35,2.313,5.872,0
2026-03-05 15:50:00,66.93,2.609,6.001,0
2026-03-05 15:51:00,66.66,2.478,6.137,0
2026-03-05 15:52:00,66.28,2.521,5.917,0
2026-03-05 15:53:00,66.21,2.344,5.827,0
2026-03-05 15:54:00,65.93,2.488,5.906,0
2026-03-05 15:55:00,65.66,2.301,5.796,0
2026-03-05 15:56:00,66.23,2.262,5.991,0
2026-03-05 15:57:00,66.2,2.298,6.0,0
2026-03-05 15:58:00,66.93,2.477,6.022,0
2026-03-05 15:59:00,66.86,2.135,5.95,0
2026-03-05 16:00:00,66.21,2.507,5.96,0
2026-03-05 16:01:00,66.5,2.098,5.812,1
2026-03-05 16:02:00,66.48,2.3,5.845,0
2026-03-05 16:03:00,66.53,2.235,6.074,0
2026-03-05 16:04:00,66.56,2.671,6.063,0
2026-03-05 16:05:00,66.81,2.118,6.018,0
2026-03-05 16:06:00,67.01,2.494,5.871,0
2026-03-05 16:07:00,66.71,2.288,5.973,0
2026-03-05 16:08:00,66.55,1.992,5.946,0
2026-03-05 16:09:00,67.05,2.215,5.92,0
2026-03-05 16:10:00,66.08,2.381,5.963,0
2026-03-05 16:11:00,65.22,2.289,5.922,0
2026-03-05 16:12:00,65.62,2.147,5.917,0
2026-03-05 16:13:00,65.82,1.991,5.923,0
2026-03-05 16:14:00,66.0,2.341,6.095,0
2026-03-05 16:15:00,66.34,2.574,5.899,0
2026-03-05 16:16:00,66.11,2.24,5.972,0
2026-03-05 16:17:00,67.05,2.59,6.012,0
2026-03-05 16:18:00,67.11,2.266,6.074,0
2026-03-05 16:19:00,67.17,1.988,6.085,0
2026-03-05 16:20:00,66.89,2.276,5.987,0
2026-03-05 16:21:00,67.31,2.755,5.949,0
2026-03-05 16:22:00,66.19,2.439,6.2,0
2026-03-05 16:23:00,67.07,2.559,6.022,0
2026-03-05 16:24:00,67.13,2.25,6.041,0
2026-03-05 16:25:00,66.26,2.543,5.86,0
2026-03-05 16:26:00,66.65,2.288,6.12,0
2026-03-05 16:27:00,66.09,2.547,6.038,0
2026-03-05 16:28:00,66.46,2.311,5.892,0
2026-03-05 16:29:00,66.21,2.389,5.95,0
2026-03-05 16:30:00,67.2,2.325,6.016,0
2026-03-05 16:31:00,67.56,2.049,6.012,0
2026-03-05 16:32:00,67.18,2.497,5.969,0
2026-03-05 16:33:00,67.37,2.237,6.045,0
2026-03-05 16:34:00,67.75,2.45,6.0,0
2026-03-05 16:35:00,67.44,2.138,6.057,0
2026-03-05 16:36:00,66.81,2.167,6.077,0
2026-03-05 16:37:00,66.75,1.986,5.955,0
2026-03-05 16:38:00,67.06,2.23,6.022,0
2026-03-05 16:39:00,67.78,2.345,5.881,0
2026-03-05 16:40:00,67.24,2.495,5.99,0
2026-03-05 16:41:00,67.31,2.477,5.872,0
2026-03-05 16:42:00,66.9,2.221,5.852,0
2026-03-05 16:43:00,67.08,2.162,6.065,0
2026-03-05 16:44:00,66.56,2.245,5.888,0
2026-03-05 16:45:00,66.88,2.115,5.976,0
2026-03-05 16:46:00,67.48,2.546,5.952,0
2026-03-05 16:47:00,67.28,2.592,6.031,0
2026-03-05 16:48:00,66.93,2.591,6.102,0
2026-03-05 16:49:00,67.02,2.255,5.968,0
2026-03-05 16:50:00,67.03,2.102,5.831,0
2026-03-05 16:51:00,67.02,2.241,5.959,0
2026-03-05 16:52:00,66.78,2.379,5.983,0
2026-03-05 16:53:00,66.79,1.905,5.813,0
2026-03-05 16:54:00,66.65,2.615,5.991,0
2026-03-05 16:55:00,67.29,2.397,6.011,0
2026-03-05 16:56:00,66.27,2.104,5.838,0
2026-03-05 16:57:00,67.45,2.34,5.977,0
2026-03-05 16:58:00,66.57,2.004,5.85,0
2026-03-05 16:59:00,67.12,2.313,5.855,0
2026-03-05 17:00:00,67.0,2.509,5.88,0
2026-03-05 17:01:00,67.19,2.23,5.998,0
2026-03-05 17:02:00,67.38,2.01,5.948,0
2026-03-05 17:03:00,67.54,2.253,5.877,0
2026-03-05 17:04:00,67.66,2.274,5.862,0
2026-03-05 17:05:00,67.29,1.995,5.778,0
2026-03-05 17:06:00,67.06,1.942,5.835,0
2026-03-05 17:07:00,67.32,2.251,5.895,0
2026-03-05 17:08:00,66.8,2.614,5.927,0
2026-03-05 17:09:00,65.97,2.506,5.928,0
2026-03-05 17:10:00,66.59,2.119,5.899,0
2026-03-05 17:11:00,66.91,2.161,6.067,0
2026-03-05 17:12:00,67.36,2.1,5.944,0
2026-03-05 17:13:00,67.14,2.086,6.0,0
2026-03-05 17:14:00,67.05,2.332,5.975,0
2026-03-05 17:15:00,66.33,2.118,6.062,0
2026-03-05 17:16:00,67.09,2.382,6.077,0
2026-03-05 17:17:00,67.46,2.448,6.123,0
2026-03-05 17:18:00,67.02,2.188,6.041,0
2026-03-05 17:19:00,68.15,2.398,6.039,0
2026-03-05 17:20:00,67.84,2.641,6.057,0
2026-03-05 17:21:00,68.01,2.247,5.983,0
2026-03-05 17:22:00,67.95,2.479,6.073,0
2026-03-05 17:23:00,68.2,2.676,6.051,0
2026-03-05 17:24:00,68.44,2.649,6.01,0
2026-03-05 17:25:00,68.47,2.471,6.234,0
2026-03-05 17:26:00,68.25,2.539,6.049,0
2026-03-05 17:27:00,68.04,2.557,6.052,0
2026-03-05 17:28:00,68.37,2.675,6.139,0
2026-03-05 17:29:00,67.92,2.424,6.198,0
2026-03-05 17:30:00,67.84,2.543,6.16,0
2026-03-05 17:31:00,68.05,2.559,6.091,0
2026-03-05 17:32:00,68.32,2.506,6.223,0
2026-03-05 17:33:00,68.04,2.457,6.075,0
2026-03-05 17:34:00,67.89,2.47,6.261,0
2026-03-05 17:35:00,68.24,2.357,6.089,1
2026-03-05 17:36:00,67.45,2.568,6.043,0
2026-03-05 17:37:00,67.77,2.421,6.062,0
2026-03-05 17:38:00,67.78,2.504,6.07,0
2026-03-05 17:39:00,68.14,2.66,5.994,0
2026-03-05 17:40:00,67.19,2.313,6.005,0
2026-03-05 17:41:00,68.32,2.417,6.04,0
2026-03-05 17:42:00,68.18,2.072,6.205,0
2026-03-05 17:43:00,68.38,2.816,5.949,0
2026-03-05 17:44:00,67.62,2.54,6.027,0
2026-03-05 17:45:00,67.56,2.589,6.063,0
2026-03-05 17:46:00,68.56,2.649,6.053,0
2026-03-05 17:47:00,67.83,2.294,5.937,0
2026-03-05 17:48:00,68.34,2.329,5.95,0
2026-03-05 17:49:00,68.23,2.341,5.962,0
2026-03-05 17:50:00,68.28,2.287,6.099,0
2026-03-05 17:51:00,68.35,2.369,5.897,0
2026-03-05 17:52:00,68.45,2.078,5.991,0
2026-03-05 17:53:00,68.23,2.19,5.993,0
2026-03-05 17:54:00,67.8,2.82,5.87,0
2026-03-05 17:55:00,67.69,2.486,5.868,0
2026-03-05 17:56:00,68.29,2.286,5.938,0
2026-03-05 17:57:00,67.8,2.441,5.78,0
2026-03-05 17:58:00,67.81,2.169,6.011,0
2026-03-05 17:59:00,68.41,2.572,6.034,0
2026-03-05 18:00:00,67.76,2.594,6.071,0
2026-03-05 18:01:00,67.82,2.309,5.817,0
2026-03-05 18:02:00,67.7,2.477,6.179,0
2026-03-05 18:03:00,67.22,2.34,6.03,0
2026-03-05 18:04:00,68.11,2.365,5.945,0
2026-03-05 18:05:00,68.34,2.186,5.965,0
2026-03-05 18:06:00,67.78,2.388,5.983,0
2026-03-05 18:07:00,67.23,2.155,6.059,0
2026-03-05 18:08:00,67.46,2.499,5.921,0
2026-03-05 18:09:00,67.43,2.408,5.923,0
2026-03-05 18:10:00,67.68,2.548,6.007,0
2026-03-05 18:11:00,68.14,2.58,6.088,0
2026-03-05 18:12:00,68.06,2.519,5.94,0
2026-03-05 18:13:00,67.63,2.455,6.027,0
2026-03-05 18:14:00,66.85,2.34,5.879,0
2026-03-05 18:15:00,67.27,2.25,5.979,0
2026-03-05 18:16:00,66.25,2.137,5.867,0
2026-03-05 18:17:00,65.98,2.288,5.984,0
2026-03-05 18:18:00,66.43,2.195,6.041,0
2026-03-05 18:19:00,66.78,2.313,5.82,0
2026-03-05 18:20:00,66.13,2.341,5.959,0
2026-03-05 18:21:00,65.76,2.233,6.003,0
2026-03-05 18:22:00,66.09,2.064,5.971,0
2026-03-05 18:23:00,66.07,2.191,6.041,0
2026-03-05 18:24:00,66.16,2.114,5.963,0
2026-03-05 18:25:00,66.16,2.347,5.962,0
2026-03-05 18:26:00,65.46,1.927,5.811,0
2026-03-05 18:27:00,66.67,2.163,5.845,0
2026-03-05 18:28:00,66.04,2.582,5.946,0
2026-03-05 18:29:00,66.07,2.031,5.842,0
2026-03-05 18:30:00,65.61,2.104,5.83,0
2026-03-05 18:31:00,66.26,2.356,5.855,0
2026-03-05 18:32:00,65.31,2.329,5.796,0
2026-03-05 18:33:00,65.12,2.1,5.891,0
2026-03-05 18:34:00,65.81,2.053,5.796,0
2026-03-05 18:35:00,64.99,2.152,5.724,0
2026-03-05 18:36:00,64.35,2.288,6.027,0
2026-03-05 18:37:00,64.46,2.43,5.99,0
2026-03-05 18:38:00,64.75,2.178,6.093,0
2026-03-05 18:39:00,64.52,2.248,6.072,0
2026-03-05 18:40:00,65.05,2.262,5.8,0
2026-03-05 18:41:00,65.18,1.98,5.942,0
2026-03-05 18:42:00,65.79,2.242,5.986,0
2026-03-05 18:43:00,65.71,2.771,5.992,0
2026-03-05 18:44:00,66.31,2.432,6.014,0
2026-03-05 18:45:00,65.67,2.328,5.934,1
2026-03-05 18:46:00,66.26,2.142,5.901,0
2026-03-05 18:47:00,66.36,2.094,6.002,0
2026-03-05 18:48:00,66.37,2.279,5.93,0
2026-03-05 18:49:00,66.14,2.227,6.133,0
2026-03-05 18:50:00,66.29,2.236,5.886,0
2026-03-05 18:51:00,66.1,1.925,5.898,0
2026-03-05 18:52:00,65.85,2.044,5.746,0
2026-03-05 18:53:00,64.9,1.927,5.916,0
2026-03-05 18:54:00,64.8,2.014,5.779,0
2026-03-05 18:55:00,65.03,2.258,5.991,0
2026-03-05 18:56:00,64.88,1.93,5.825,0
2026-03-05 18:57:00,65.72,2.216,5.93,0
2026-03-05 18:58:00,66.01,2.069,5.953,0
2026-03-05 18:59:00,65.59,2.187,5.967,0
2026-03-05 19:00:00,65.93,2.386,5.88,0
2026-03-05 19:01:00,64.95,2.517,5.667,0
2026-03-05 19:02:00,64.67,2.116,5.805,0
2026-03-05 19:03:00,64.38,2.037,5.924,0
2026-03-05 19:04:00,64.1,2.188,5.93,0
2026-03-05 19:05:00,64.12,2.306,6.11,0
2026-03-05 19:06:00,64.36,2.038,5.775,0
2026-03-05 19:07:00,63.75,2.406,5.865,0
2026-03-05 19:08:00,65.2,2.488,5.899,0
2026-03-05 19:09:00,65.47,2.203,5.9,0
2026-03-05 19:10:00,65.65,2.34,5.924,0
2026-03-05 19:11:00,64.63,2.151,5.838,0
2026-03-05 19:12:00,65.13,2.172,6.021,0
2026-03-05 19:13:00,65.28,2.12,5.842,0
2026-03-05 19:14:00,65.56,2.342,5.884,0
2026-03-05 19:15:00,64.93,2.604,5.945,0
2026-03-05 19:16:00,64.7,2.311,6.147,0
2026-03-05 19:17:00,65.32,2.267,6.022,0
2026-03-05 19:18:00,65.58,2.24,5.912,0
2026-03-05 19:19:00,65.61,2.431,5.866,0
2026-03-05 19:20:00,65.94,2.137,5.924,0
2026-03-05 19:21:00,66.06,2.731,5.891,0
2026-03-05 19:22:00,67.39,2.342,5.819,0
2026-03-05 19:23:00,66.51,2.682,5.968,0
2026-03-05 19:24:00,66.67,2.315,5.837,0
2026-03-05 19:25:00,66.1,2.1,5.792,0
2026-03-05 19:26:00,66.75,2.552,5.865,0
2026-03-05 19:27:00,66.92,2.158,5.774,0
2026-03-05 19:28:00,66.59,2.364,5.86,0
2026-03-05 19:29:00,65.73,2.087,5.904,0
2026-03-05 19:30:00,65.61,2.109,5.887,0
2026-03-05 19:31:00,65.95,2.624,5.793,0
2026-03-05 19:32:00,66.59,2.33,5.812,0
2026-03-05 19:33:00,66.56,2.396,5.944,0
2026-03-05 19:34:00,66.32,2.29,5.795,0
2026-03-05 19:35:00,66.42,2.187,5.76,0
2026-03-05 19:36:00,65.93,2.263,5.613,0
2026-03-05 19:37:00,66.54,2.397,5.804,0
2026-03-05 19:38:00,65.94,2.381,5.897,0
2026-03-05 19:39:00,66.33,2.469,5.963,0
2026-03-05 19:40:00,65.94,2.226,5.888,0
2026-03-05 19:41:00,66.21,2.631,5.824,0
2026-03-05 19:42:00,65.82,2.397,5.821,0
2026-03-05 19:43:00,66.46,2.213,5.861,0
2026-03-05 19:44:00,66.49,2.059,6.013,0
2026-03-05 19:45:00,65.93,2.791,5.963,0
2026-03-05 19:46:00,65.72,2.343,5.886,0
2026-03-05 19:47:00,66.34,1.899,5.994,0
2026-03-05 19:48:00,66.2,2.331,5.868,0
2026-03-05 19:49:00,66.49,2.485,5.873,0
2026-03-05 19:50:00,66.62,2.367,5.901,0
2026-03-05 19:51:00,66.96,2.305,5.883,0
2026-03-05 19:52:00,66.04,2.237,5.757,0
2026-03-05 19:53:00,66.2,2.205,5.756,0
2026-03-05 19:54:00,65.7,2.173,5.847,0
2026-03-05 19:55:00,65.72,2.044,5.909,0
2026-03-05 19:56:00,65.36,2.511,5.843,0
2026-03-05 19:57:00,65.9,2.078,5.902,0
2026-03-05 19:58:00,65.57,2.523,5.798,0
2026-03-05 19:59:00,65.25,2.485,5.831,0
2026-03-05 20:00:00,65.42,2.204,5.85,0
2026-03-05 20:01:00,65.29,2.082,5.839,0
2026-03-05 20:02:00,65.91,2.221,6.033,0
2026-03-05 20:03:00,66.98,2.294,5.824,0
2026-03-05 20:04:00,66.87,2.286,5.924,0
2026-03-05 20:05:00,65.85,2.313,5.913,0
2026-03-05 20:06:00,66.14,2.545,5.875,0
2026-03-05 20:07:00,66.51,2.166,5.859,0
2026-03-05 20:08:00,66.66,2.3,5.989,0
2026-03-05 20:09:00,66.7,2.078,6.031,0
2026-03-05 20:10:00,66.88,2.475,5.915,0
2026-03-05 20:11:00,67.09,2.237,5.868,0
2026-03-05 20:12:00,66.89,2.067,5.746,0
2026-03-05 20:13:00,66.86,2.092,6.036,0
2026-03-05 20:14:00,66.17,1.929,5.925,0
2026-03-05 20:15:00,66.81,2.062,5.927,0
2026-03-05 20:16:00,66.1,2.669,6.157,0
2026-03-05 20:17:00,66.19,2.038,5.835,0
2026-03-05 20:18:00,66.67,2.455,6.026,0
2026-03-05 20:19:00,67.46,2.439,5.832,0
2026-03-05 20:20:00,67.16,2.474,5.953,0
2026-03-05 20:21:00,67.91,2.617,6.022,0
2026-03-05 20:22:00,67.04,2.67,5.867,0
2026-03-05 20:23:00,67.32,2.67,5.95,0
2026-03-05 20:24:00,66.99,2.492,6.017,0
2026-03-05 20:25:00,66.73,2.403,5.984,0
2026-03-05 20:26:00,65.99,2.594,6.007,0
2026-03-05 20:27:00,66.67,2.18,5.861,0
2026-03-05 20:28:00,67.23,2.557,5.948,0
2026-03-05 20:29:00,66.9,2.143,6.058,0
2026-03-05 20:30:00,67.07,2.634,6.093,0
2026-03-05 20:31:00,66.56,2.642,6.015,0
2026-03-05 20:32:00,67.21,2.249,6.16,0
2026-03-05 20:33:00,67.8,2.079,5.985,0
2026-03-05 20:34:00,68.26,2.646,6.077,0
2026-03-05 20:35:00,68.97,2.276,5.972,0
2026-03-05 20:36:00,67.94,2.292,6.093,0
2026-03-05 20:37:00,68.3,2.176,6.164,0
2026-03-05 20:38:00,68.28,3.746,5.984,0
2026-03-05 20:39:00,68.18,2.364,5.914,0
2026-03-05 20:40:00,68.07,2.673,6.079,0
2026-03-05 20:41:00,68.38,2.495,5.965,0
2026-03-05 20:42:00,67.97,2.264,6.061,0
2026-03-05 20:43:00,68.04,2.377,6.022,0
2026-03-05 20:44:00,68.62,2.642,6.055,0
2026-03-05 20:45:00,68.29,2.43,6.08,0
2026-03-05 20:46:00,68.92,2.36,6.279,0
2026-03-05 20:47:00,68.86,2.669,5.956,0
2026-03-05 20:48:00,68.06,2.367,6.055,0
2026-03-05 20:49:00,68.42,2.232,6.132,0
2026-03-05 20:50:00,68.36,2.404,6.108,0
2026-03-05 20:51:00,68.91,2.299,5.951,0
2026-03-05 20:52:00,69.05,2.457,5.917,0
2026-03-05 20:53:00,68.58,2.446,5.982,0
2026-03-05 20:54:00,68.61,2.597,5.956,0
2026-03-05 20:55:00,69.01,2.87,6.027,0
2026-03-05 20:56:00,69.57,2.258,6.018,0
2026-03-05 20:57:00,69.4,2.573,6.15,0
2026-03-05 20:58:00,69.12,2.358,5.883,0
2026-03-05 20:59:00,69.03,2.317,6.063,0
2026-03-05 21:00:00,68.64,2.36,5.917,0
2026-03-05 21:01:00,69.38,2.386,5.984,0
2026-03-05 21:02:00,69.08,2.807,6.236,0
2026-03-05 21:03:00,69.53,2.617,5.969,0
2026-03-05 21:04:00,69.76,2.877,6.098,0
2026-03-05 21:05:00,68.47,2.429,5.95,0
2026-03-05 21:06:00,68.6,2.472,5.924,0
2026-03-05 21:07:00,67.91,2.426,6.065,0
2026-03-05 21:08:00,67.54,2.441,6.056,0
2026-03-05 21:09:00,67.37,2.203,5.996,0
2026-03-05 21:10:00,66.68,2.337,5.952,0
2026-03-05 21:11:00,65.82,2.57,6.029,0
2026-03-05 21:12:00,66.16,2.287,5.949,0
2026-03-05 21:13:00,66.39,2.548,5.878,0
2026-03-05 21:14:00,67.38,2.49,6.176,0
2026-03-05 21:15:00,67.49,2.227,5.964,0
2026-03-05 21:16:00,67.9,2.378,6.193,0
2026-03-05 21:17:00,67.74,2.153,5.986,0
2026-03-05 21:18:00,67.41,2.012,6.009,0
2026-03-05 21:19:00,67.04,2.395,6.107,0
2026-03-05 21:20:00,67.48,1.993,5.971,0
2026-03-05 21:21:00,67.33,2.353,6.09,0
2026-03-05 21:22:00,67.34,2.573,5.862,0
2026-03-05 21:23:00,67.26,2.296,6.073,0
2026-03-05 21:24:00,67.14,2.469,5.862,0
2026-03-05 21:25:00,66.88,2.502,6.019,0
2026-03-05 21:26:00,66.78,2.156,6.051,0
2026-03-05 21:27:00,67.04,2.457,6.11,0
2026-03-05 21:28:00,67.14,2.513,5.827,0
2026-03-05 21:29:00,66.61,2.401,5.936,0
2026-03-05 21:30:00,66.78,2.38,5.934,0
2026-03-05 21:31:00,66.23,2.396,5.814,0
2026-03-05 21:32:00,67.06,2.214,5.969,0
2026-03-05 21:33:00,67.1,2.432,6.1,0
2026-03-05 21:34:00,66.95,2.532,6.171,0
2026-03-05 21:35:00,67.94,2.528,5.962,0
2026-03-05 21:36:00,68.02,2.549,6.04,0
2026-03-05 21:37:00,68.28,2.571,5.985,0
2026-03-05 21:38:00,67.97,2.575,6.068,0
2026-03-05 21:39:00,67.48,2.436,6.017,0
2026-03-05 21:40:00,67.79,2.531,6.004,0
2026-03-05 21:41:00,68.09,2.373,6.021,0
2026-03-05 21:42:00,67.65,2.496,5.77,0
2026-03-05 21:43:00,67.75,2.456,5.999,0
2026-03-05 21:44:00,68.23,2.995,6.05,0
2026-03-05 21:45:00,67.55,2.115,5.894,0
2026-03-05 21:46:00,67.71,2.268,6.001,0
2026-03-05 21:47:00,68.28,2.389,5.907,0
2026-03-05 21:48:00,68.8,2.148,5.993,0
2026-03-05 21:49:00,69.09,2.252,6.108,0
2026-03-05 21:50:00,68.56,2.401,5.749,0
2026-03-05 21:51:00,69.22,2.146,5.895,0
2026-03-05 21:52:00,69.38,2.408,5.997,0
2026-03-05 21:53:00,68.02,2.322,5.91,0
2026-03-05 21:54:00,68.09,2.254,5.901,0
2026-03-05 21:55:00,67.93,2.479,5.784,0
2026-03-05 21:56:00,68.35,2.392,5.861,0
2026-03-05 21:57:00,68.48,2.144,5.881,0
2026-03-05 21:58:00,67.36,2.522,5.983,0
2026-03-05 21:59:00,67.41,2.337,6.1,0
2026-03-05 22:00:00,67.44,2.214,5.909,0
2026-03-05 22:01:00,67.24,2.475,6.043,0
2026-03-05 22:02:00,67.21,2.641,6.0,0
2026-03-05 22:03:00,65.65,2.418,6.048,0
2026-03-05 22:04:00,65.63,2.5,5.97,0
2026-03-05 22:05:00,65.27,2.163,5.999,0
2026-03-05 22:06:00,65.72,2.21,5.974,0
2026-03-05 22:07:00,66.59,2.589,5.868,0
2026-03-05 22:08:00,66.27,2.235,5.662,0
2026-03-05 22:09:00,66.31,2.446,5.989,0
2026-03-05 22:10:00,66.29,2.375,5.797,0
2026-03-05 22:11:00,66.08,2.404,6.024,0
2026-03-05 22:12:00,65.56,1.931,5.889,0
2026-03-05 22:13:00,65.45,2.017,5.862,0
2026-03-05 22:14:00,65.7,2.294,5.988,1
2026-03-05 22:15:00,66.18,2.497,5.749,0
2026-03-05 22:16:00,66.08,2.661,5.825,0
2026-03-05 22:17:00,65.46,2.437,5.927,0
2026-03-05 22:18:00,66.25,2.31,5.926,0
2026-03-05 22:19:00,67.37,2.494,6.046,0
2026-03-05 22:20:00,67.44,2.3,6.022,0
2026-03-05 22:21:00,68.31,2.607,5.999,0
2026-03-05 22:22:00,67.76,2.484,5.927,0
2026-03-05 22:23:00,68.11,2.164,6.188,0
2026-03-05 22:24:00,68.8,2.228,6.091,0
2026-03-05 22:25:00,68.04,2.469,5.997,0
2026-03-05 22:26:00,67.87,2.407,6.042,0
2026-03-05 22:27:00,69.14,2.6,6.103,0
2026-03-05 22:28:00,69.2,3.011,6.26,0
2026-03-05 22:29:00,69.4,2.671,6.183,0
2026-03-05 22:30:00,69.38,2.571,6.117,0
2026-03-05 22:31:00,69.69,2.416,6.174,0
2026-03-05 22:32:00,70.09,2.333,6.078,0
2026-03-05 22:33:00,69.67,2.814,6.138,0
2026-03-05 22:34:00,69.73,2.708,6.154,0
2026-03-05 22:35:00,70.15,2.828,5.992,0
2026-03-05 22:36:00,71.99,2.445,5.996,0
2026-03-05 22:37:00,71.26,2.867,6.242,0
2026-03-05 22:38:00,72.1,2.746,6.205,0
2026-03-05 22:39:00,70.85,2.583,6.239,0
2026-03-05 22:40:00,70.8,2.438,6.115,0
2026-03-05 22:41:00,70.74,2.6,6.183,0
2026-03-05 22:42:00,70.67,2.565,6.355,0
2026-03-05 22:43:00,70.48,2.709,6.097,0
2026-03-05 22:44:00,70.41,2.975,6.1,0
2026-03-05 22:45:00,69.79,2.666,6.19,0
2026-03-05 22:46:00,69.8,2.694,6.023,0
2026-03-05 22:47:00,69.99,2.625,6.173,0
2026-03-05 22:48:00,69.98,2.525,6.157,0
2026-03-05 22:49:00,70.29,2.8,6.203,0
2026-03-05 22:50:00,70.76,2.597,6.164,0
2026-03-05 22:51:00,70.03,2.573,6.172,0
2026-03-05 22:52:00,70.46,2.579,6.281,0
2026-03-05 22:53:00,70.25,2.81,6.048,0
2026-03-05 22:54:00,70.2,2.868,6.221,0
2026-03-05 22:55:00,70.45,2.801,6.101,0
2026-03-05 22:56:00,70.36,2.844,6.103,0
2026-03-05 22:57:00,70.46,2.627,6.023,0
2026-03-05 22:58:00,70.98,2.866,6.308,0
2026-03-05 22:59:00,70.53,2.396,6.297,0
2026-03-05 23:00:00,69.77,2.564,6.356,0
2026-03-05 23:01:00,70.81,2.678,6.177,0
2026-03-05 23:02:00,70.8,2.656,6.144,0
2026-03-05 23:03:00,71.41,2.873,6.29,0
2026-03-05 23:04:00,71.5,2.4,6.277,0
2026-03-05 23:05:00,71.23,2.443,6.148,0
2026-03-05 23:06:00,71.52,2.962,6.041,1
2026-03-05 23:07:00,71.83,3.195,6.129,0
2026-03-05 23:08:00,73.22,2.675,6.155,0
2026-03-05 23:09:00,72.81,2.772,6.084,0
2026-03-05 23:10:00,72.39,2.789,6.224,0
2026-03-05 23:11:00,72.0,2.594,6.196,0
2026-03-05 23:12:00,71.77,2.27,6.162,0
2026-03-05 23:13:00,71.91,2.745,5.98,0
2026-03-05 23:14:00,71.57,2.6,6.06,0
2026-03-05 23:15:00,71.58,3.075,6.277,0
2026-03-05 23:16:00,72.08,2.667,6.213,0
2026-03-05 23:17:00,71.67,2.747,6.23,0
2026-03-05 23:18:00,71.9,3.001,6.088,0
2026-03-05 23:19:00,71.74,2.949,6.135,0
2026-03-05 23:20:00,71.65,2.931,6.196,0
2026-03-05 23:21:00,72.13,3.005,6.074,0
2026-03-05 23:22:00,72.01,2.778,6.222,0
2026-03-05 23:23:00,71.84,2.674,6.253,0
2026-03-05 23:24:00,72.6,2.81,6.224,0
2026-03-05 23:25:00,72.22,3.284,6.235,0
2026-03-05 23:26:00,72.41,3.005,6.328,0
2026-03-05 23:27:00,72.68,2.667,6.224,0
2026-03-05 23:28:00,72.67,2.709,6.109,0
2026-03-05 23:29:00,72.41,2.62,6.38,0
2026-03-05 23:30:00,72.35,2.906,6.334,0
2026-03-05 23:31:00,71.94,3.094,6.245,0
2026-03-05 23:32:00,72.18,2.67,6.271,0
2026-03-05 23:33:00,72.53,2.87,6.253,0
2026-03-05 23:34:00,72.49,2.919,6.231,0
2026-03-05 23:35:00,72.52,2.733,6.238,0
2026-03-05 23:36:00,72.41,2.733,6.315,0
2026-03-05 23:37:00,72.98,2.98,6.378,0
2026-03-05 23:38:00,73.12,3.408,6.261,0
2026-03-05 23:39:00,72.49,2.931,6.393,0
2026-03-05 23:40:00,73.11,2.872,6.25,0
2026-03-05 23:41:00,73.36,3.075,6.132,0
2026-03-05 23:42:00,72.13,2.894,6.197,0
2026-03-05 23:43:00,72.98,2.874,6.38,0
2026-03-05 23:44:00,73.24,2.945,6.458,0
2026-03-05 23:45:00,72.86,2.72,6.119,0
2026-03-05 23:46:00,73.14,2.734,6.172,0
2026-03-05 23:47:00,72.68,2.828,6.131,0
2026-03-05 23:48:00,73.01,3.078,6.201,0
2026-03-05 23:49:00,73.36,2.703,6.125,0
2026-03-05 23:50:00,73.01,2.901,6.094,0
2026-03-05 23:51:00,72.79,2.652,6.167,0
2026-03-05 23:52:00,72.13,2.786,6.102,0
2026-03-05 23:53:00,72.35,2.38,6.147,0
2026-03-05 23:54:00,72.89,3.097,6.245,1
2026-03-05 23:55:00,72.29,3.057,6.193,0
2026-03-05 23:56:00,72.52,2.773,6.313,0
2026-03-05 23:57:00,73.17,2.646,6.198,0
2026-03-05 23:58:00,72.15,2.915,6.181,0
2026-03-05 23:59:00,71.79,2.698,6.12,0
2026-03-06 00:00:00,72.15,2.936,6.371,0
2026-03-06 00:01:00,72.13,2.894,6.117,0
2026-03-06 00:02:00,72.82,2.686,6.094,0
2026-03-06 00:03:00,71.96,2.533,6.198,0
2026-03-06 00:04:00,72.14,2.851,6.422,0
2026-03-06 00:05:00,71.84,2.67,6.271,0
2026-03-06 00:06:00,72.25,2.967,6.242,0
2026-03-06 00:07:00,71.84,2.496,6.199,0
2026-03-06 00:08:00,71.91,2.782,6.419,0
2026-03-06 00:09:00,72.08,3.237,6.38,0
2026-03-06 00:10:00,73.21,2.542,6.426,0
2026-03-06 00:11:00,73.03,2.719,6.375,0
2026-03-06 00:12:00,72.3,2.892,6.43,0
2026-03-06 00:13:00,72.57,3.092,6.356,0
2026-03-06 00:14:00,72.68,2.773,6.252,0
2026-03-06 00:15:00,72.91,2.527,6.222,0
2026-03-06 00:16:00,72.7,2.636,6.343,0
2026-03-06 00:17:00,72.57,2.85,6.224,0
2026-03-06 00:18:00,72.75,2.648,6.355,0
2026-03-06 00:19:00,72.5,2.821,6.255,0
2026-03-06 00:20:00,72.23,3.003,6.335,0
2026-03-06 00:21:00,72.01,2.639,6.23,0
2026-03-06 00:22:00,72.52,2.96,6.099,0
2026-03-06 00:23:00,72.85,2.926,6.161,0
2026-03-06 00:24:00,72.52,2.798,6.365,0
2026-03-06 00:25:00,72.09,2.53,6.145,0
2026-03-06 00:26:00,71.81,2.814,6.306,1
2026-03-06 00:27:00,72.02,2.926,6.37,0
2026-03-06 00:28:00,71.85,2.95,6.151,0
2026-03-06 00:29:00,71.97,2.64,6.231,0
2026-03-06 00:30:00,71.23,2.957,6.347,0
2026-03-06 00:31:00,72.37,2.764,6.289,0
2026-03-06 00:32:00,72.48,2.713,6.199,0
2026-03-06 00:33:00,72.11,2.56,6.2,0
2026-03-06 00:34:00,72.04,2.543,6.327,0
2026-03-06 00:35:00,72.05,2.764,6.248,0
2026-03-06 00:36:00,72.33,2.621,6.155,0
2026-03-06 00:37:00,71.92,2.598,6.427,0
2026-03-06 00:38:00,71.45,2.798,6.215,0
2026-03-06 00:39:00,71.92,2.897,6.175,0
2026-03-06 00:40:00,72.14,2.75,6.185,0
2026-03-06 00:41:00,71.49,2.972,6.356,0
2026-03-06 00:42:00,71.82,2.896,6.149,0
2026-03-06 00:43:00,71.42,2.945,6.212,0
2026-03-06 00:44:00,70.58,2.711,6.284,0
2026-03-06 00:45:00,70.38,2.662,6.061,0
2026-03-06 00:46:00,70.83,2.861,6.207,0
2026-03-06 00:47:00,70.48,2.732,6.211,0
2026-03-06 00:48:00,70.82,2.75,6.06,0
2026-03-06 00:49:00,71.14,2.696,6.046,0
2026-03-06 00:50:00,70.54,2.765,6.205,0
2026-03-06 00:51:00,70.0,2.532,6.09,0
2026-03-06 00:52:00,70.26,2.661,6.127,0
2026-03-06 00:53:00,70.72,2.623,6.129,0
2026-03-06 00:54:00,70.25,2.763,6.148,0
2026-03-06 00:55:00,69.82,2.3,6.03,0
2026-03-06 00:56:00,70.49,2.858,6.031,0
2026-03-06 00:57:00,70.2,2.591,6.073,0
2026-03-06 00:58:00,70.44,2.491,6.202,0
2026-03-06 00:59:00,70.02,2.339,6.028,0
2026-03-06 01:00:00,70.33,2.869,6.15,0
2026-03-06 01:01:00,68.72,2.551,6.056,0
2026-03-06 01:02:00,69.48,2.67,6.166,0
2026-03-06 01:03:00,69.84,2.796,6.192,0
2026-03-06 01:04:00,69.51,2.644,6.227,0
2026-03-06 01:05:00,69.96,2.574,6.266,0
2026-03-06 01:06:00,69.67,2.485,5.993,0
2026-03-06 01:07:00,70.22,2.562,6.096,0
2026-03-06 01:08:00,70.61,2.659,6.253,0
2026-03-06 01:09:00,70.76,2.404,6.209,0
2026-03-06 01:10:00,70.46,2.642,6.252,0
2026-03-06 01:11:00,70.58,2.388,6.099,0
2026-03-06 01:12:00,70.72,2.589,6.131,0
2026-03-06 01:13:00,70.75,2.639,5.969,0
2026-03-06 01:14:00,70.45,2.609,6.29,0
2026-03-06 01:15:00,70.03,2.749,6.114,0
2026-03-06 01:16:00,70.49,2.67,6.324,0
2026-03-06 01:17:00,71.2,2.857,6.168,0
2026-03-06 01:18:00,71.52,2.44,5.969,0
2026-03-06 01:19:00,71.08,2.781,6.173,0
2026-03-06 01:20:00,70.64,2.792,6.244,0
2026-03-06 01:21:00,71.25,3.117,6.172,0
2026-03-06 01:22:00,70.92,2.909,6.255,0
2026-03-06 01:23:00,70.96,2.672,6.179,0
2026-03-06 01:24:00,71.54,2.958,6.324,1
2026-03-06 01:25:00,70.63,2.502,6.09,0
2026-03-06 01:26:00,70.52,2.944,6.264,0
2026-03-06 01:27:00,70.46,3.002,6.105,0
2026-03-06 01:28:00,70.83,2.676,6.229,0
2026-03-06 01:29:00,71.29,2.899,6.135,0
2026-03-06 01:30:00,70.29,2.656,6.181,0
2026-03-06 01:31:00,70.73,2.75,6.301,0
2026-03-06 01:32:00,71.88,2.695,6.293,0
2026-03-06 01:33:00,70.94,2.71,6.241,0
2026-03-06 01:34:00,71.57,2.912,6.271,0
2026-03-06 01:35:00,71.27,2.848,6.295,0
2026-03-06 01:36:00,71.47,2.616,6.178,0
2026-03-06 01:37:00,71.73,2.823,6.357,0
2026-03-06 01:38:00,71.99,3.236,6.437,0
2026-03-06 01:39:00,71.61,2.958,6.237,0
2026-03-06 01:40:00,72.56,3.107,6.277,0
2026-03-06 01:41:00,71.41,2.728,6.199,0
2026-03-06 01:42:00,71.74,2.335,6.143,0
2026-03-06 01:43:00,72.04,3.198,6.168,0
2026-03-06 01:44:00,71.57,2.786,6.144,0
2026-03-06 01:45:00,70.84,2.422,6.269,0
2026-03-06 01:46:00,71.68,2.393,6.361,0
2026-03-06 01:47:00,71.04,2.919,6.182,0
2026-03-06 01:48:00,71.29,2.642,6.439,0
2026-03-06 01:49:00,72.57,2.837,6.309,0
2026-03-06 01:50:00,72.3,2.83,6.295,0
2026-03-06 01:51:00,71.69,3.355,6.308,0
2026-03-06 01:52:00,71.91,3.035,6.263,0
2026-03-06 01:53:00,71.81,2.546,6.08,0
2026-03-06 01:54:00,72.1,2.644,5.987,0
2026-03-06 01:55:00,71.18,2.874,6.171,0
2026-03-06 01:56:00,71.26,2.774,6.103,0
2026-03-06 01:57:00,71.22,3.031,6.122,0
2026-03-06 01:58:00,72.14,2.6,6.264,0
2026-03-06 01:59:00,72.55,3.003,5.933,0
2026-03-06 02:00:00,72.8,2.794,6.347,0
2026-03-06 02:01:00,72.56,2.696,6.338,0
2026-03-06 02:02:00,72.11,2.514,6.17,0
2026-03-06 02:03:00,71.51,2.99,6.186,0
2026-03-06 02:04:00,72.29,2.908,6.11,0
2026-03-06 02:05:00,71.55,2.782,6.291,0
2026-03-06 02:06:00,71.31,2.927,6.214,0
2026-03-06 02:07:00,70.92,3.065,6.243,0
2026-03-06 02:08:00,70.6,2.938,6.157,0
2026-03-06 02:09:00,71.16,2.359,6.276,0
2026-03-06 02:10:00,71.16,2.771,6.255,0
2026-03-06 02:11:00,71.06,2.695,6.259,0
2026-03-06 02:12:00,71.48,3.25,6.302,0
2026-03-06 02:13:00,72.5,2.659,6.234,0
2026-03-06 02:14:00,72.49,2.546,6.165,0
2026-03-06 02:15:00,72.31,2.675,6.046,0
2026-03-06 02:16:00,72.4,3.064,6.269,0
2026-03-06 02:17:00,72.49,2.72,6.225,0
2026-03-06 02:18:00,72.15,2.731,6.193,0
2026-03-06 02:19:00,71.55,2.911,6.081,0
2026-03-06 02:20:00,71.32,3.034,6.209,0
2026-03-06 02:21:00,72.19,2.559,6.137,0
2026-03-06 02:22:00,72.06,2.896,6.095,0
2026-03-06 02:23:00,71.62,3.191,6.012,0
2026-03-06 02:24:00,71.54,3.005,6.093,0
2026-03-06 02:25:00,71.74,2.745,6.162,0
2026-03-06 02:26:00,72.09,2.964,6.278,0
2026-03-06 02:27:00,71.66,2.943,5.971,0
2026-03-06 02:28:00,71.95,2.654,6.298,0
2026-03-06 02:29:00,71.72,2.757,6.142,0
2026-03-06 02:30:00,72.38,3.043,6.318,0
2026-03-06 02:31:00,72.54,2.863,6.224,0
2026-03-06 02:32:00,72.62,2.799,6.233,0
2026-03-06 02:33:00,72.64,2.824,6.167,0
2026-03-06 02:34:00,72.13,2.739,6.172,0
2026-03-06 02:35:00,71.23,2.649,6.454,0
2026-03-06 02:36:00,71.91,2.968,6.27,0
2026-03-06 02:37:00,71.82,2.521,6.171,0
2026-03-06 02:38:00,72.34,2.86,6.262,0
2026-03-06 02:39:00,71.99,2.72,6.143,0
2026-03-06 02:40:00,71.18,2.71,5.956,0
2026-03-06 02:41:00,70.51,2.636,6.076,0
2026-03-06 02:42:00,70.46,2.78,5.972,0
2026-03-06 02:43:00,70.67,2.952,6.039,0
2026-03-06 02:44:00,70.94,2.371,6.008,0
2026-03-06 02:45:00,71.03,2.884,5.963,0
2026-03-06 02:46:00,70.45,2.995,5.941,0
2026-03-06 02:47:00,69.66,2.417,6.082,0
2026-03-06 02:48:00,70.41,2.618,6.147,0
2026-03-06 02:49:00,70.11,2.568,6.056,0
2026-03-06 02:50:00,69.81,2.611,5.911,0
2026-03-06 02:51:00,69.31,2.527,6.012,0
2026-03-06 02:52:00,69.54,2.446,5.954,0
2026-03-06 02:53:00,69.14,2.764,5.946,0
2026-03-06 02:54:00,69.33,2.242,5.98,0
2026-03-06 02:55:00,68.95,2.214,5.808,0
2026-03-06 02:56:00,70.33,2.487,6.028,0
2026-03-06 02:57:00,70.23,2.859,6.036,0
2026-03-06 02:58:00,69.99,2.37,5.955,0
2026-03-06 02:59:00,69.42,2.406,5.978,0
2026-03-06 03:00:00,69.28,2.493,5.898,0
2026-03-06 03:01:00,69.09,2.323,5.941,0
2026-03-06 03:02:00,69.02,2.415,6.001,0
2026-03-06 03:03:00,69.0,2.532,5.98,0
2026-03-06 03:04:00,69.55,2.565,5.974,0
2026-03-06 03:05:00,69.86,2.231,5.969,0
2026-03-06 03:06:00,70.09,2.452,6.062,0
2026-03-06 03:07:00,70.36,2.552,5.909,0
2026-03-06 03:08:00,70.21,2.525,6.048,0
2026-03-06 03:09:00,70.5,2.611,6.018,0
2026-03-06 03:10:00,70.59,2.754,5.941,0
2026-03-06 03:11:00,70.65,2.513,6.138,0
2026-03-06 03:12:00,70.43,2.561,5.955,0
2026-03-06 03:13:00,70.4,2.555,5.993,0
2026-03-06 03:14:00,70.87,2.193,5.91,0
2026-03-06 03:15:00,70.4,2.606,5.923,0
2026-03-06 03:16:00,70.0,2.494,6.185,0
2026-03-06 03:17:00,69.98,2.527,5.969,0
2026-03-06 03:18:00,69.11,2.286,5.826,0
2026-03-06 03:19:00,68.75,2.192,5.984,0
2026-03-06 03:20:00,69.65,2.623,6.014,0
2026-03-06 03:21:00,69.15,2.135,5.803,0
2026-03-06 03:22:00,69.63,2.507,5.999,0
2026-03-06 03:23:00,70.12,2.32,6.06,0
2026-03-06 03:24:00,69.9,2.633,6.007,0
2026-03-06 03:25:00,68.72,2.428,6.083,0
2026-03-06 03:26:00,69.09,2.811,5.763,0
2026-03-06 03:27:00,69.07,2.815,5.919,0
2026-03-06 03:28:00,69.36,2.588,5.723,0
2026-03-06 03:29:00,69.07,2.718,6.013,0
2026-03-06 03:30:00,68.78,2.262,5.903,0
2026-03-06 03:31:00,68.43,2.151,5.886,0
2026-03-06 03:32:00,68.34,2.526,5.784,0
2026-03-06 03:33:00,68.57,2.298,5.856,0
2026-03-06 03:34:00,68.97,1.999,5.915,0
2026-03-06 03:35:00,68.47,2.711,5.99,0
2026-03-06 03:36:00,68.63,2.456,6.089,0
2026-03-06 03:37:00,68.53,2.399,5.935,0
2026-03-06 03:38:00,68.51,2.479,5.981,0
2026-03-06 03:39:00,69.11,2.859,5.988,0
2026-03-06 03:40:00,68.35,2.618,5.912,0
2026-03-06 03:41:00,68.34,2.468,5.92,0
2026-03-06 03:42:00,68.8,2.512,5.961,0
2026-03-06 03:43:00,68.65,2.243,5.871,0
2026-03-06 03:44:00,69.14,2.6,5.915,0
2026-03-06 03:45:00,68.56,2.806,5.902,0
2026-03-06 03:46:00,68.15,2.389,6.015,0
2026-03-06 03:47:00,68.88,2.495,5.912,0
2026-03-06 03:48:00,68.45,2.371,6.028,0
2026-03-06 03:49:00,69.26,2.316,5.878,0
2026-03-06 03:50:00,69.38,2.676,5.893,0
2026-03-06 03:51:00,69.77,2.535,5.964,0
2026-03-06 03:52:00,68.99,2.573,5.981,0
2026-03-06 03:53:00,68.76,2.713,5.88,0
2026-03-06 03:54:00,68.28,2.509,6.014,0
2026-03-06 03:55:00,68.91,2.31,5.942,0
2026-03-06 03:56:00,68.92,2.1,5.86,0
2026-03-06 03:57:00,69.36,2.493,5.975,0
2026-03-06 03:58:00,68.92,2.636,5.915,0
2026-03-06 03:59:00,68.9,1.946,5.944,0
2026-03-06 04:00:00,68.57,2.583,6.029,0
2026-03-06 04:01:00,67.79,2.39,6.004,0
2026-03-06 04:02:00,68.63,2.614,5.89,0
2026-03-06 04:03:00,67.45,2.474,6.018,0
2026-03-06 04:04:00,67.51,2.304,5.879,0
2026-03-06 04:05:00,66.97,2.54,5.837,0
2026-03-06 04:06:00,68.1,2.169,5.742,0
2026-03-06 04:07:00,66.85,2.577,5.91,0
2026-03-06 04:08:00,66.73,2.305,5.828,0
2026-03-06 04:09:00,67.11,2.272,5.595,0
2026-03-06 04:10:00,66.64,2.008,5.862,0
2026-03-06 04:11:00,67.44,2.104,5.752,0
2026-03-06 04:12:00,67.02,2.246,5.614,0
2026-03-06 04:13:00,66.52,2.102,5.646,0
2026-03-06 04:14:00,66.77,2.315,5.539,0
2026-03-06 04:15:00,65.67,2.16,5.697,0
2026-03-06 04:16:00,66.57,2.47,5.772,0
2026-03-06 04:17:00,65.67,2.209,5.511,0
2026-03-06 04:18:00,66.23,1.877,5.525,0
2026-03-06 04:19:00,65.63,2.266,5.796,0
2026-03-06 04:20:00,64.77,2.036,5.651,0
2026-03-06 04:21:00,65.0,2.173,5.676,0
2026-03-06 04:22:00,64.4,2.163,5.686,0
2026-03-06 04:23:00,64.53,2.128,5.72,0
2026-03-06 04:24:00,65.18,2.024,5.766,0
2026-03-06 04:25:00,65.37,2.085,5.72,0
2026-03-06 04:26:00,65.3,2.109,5.836,0
2026-03-06 04:27:00,65.61,2.149,5.712,0
2026-03-06 04:28:00,65.75,2.164,5.652,0
2026-03-06 04:29:00,64.78,1.753,5.591,0
2026-03-06 04:30:00,64.81,1.817,5.708,0
2026-03-06 04:31:00,64.58,2.096,5.829,0
2026-03-06 04:32:00,65.25,2.044,5.753,0
2026-03-06 04:33:00,64.57,1.877,5.523,0
2026-03-06 04:34:00,64.31,2.07,5.601,0
2026-03-06 04:35:00,65.17,2.29,5.698,0
2026-03-06 04:36:00,64.3,1.93,5.826,0
2026-03-06 04:37:00,64.21,2.016,5.666,0
2026-03-06 04:38:00,65.13,2.083,5.875,0
2026-03-06 04:39:00,65.65,2.068,5.595,0
2026-03-06 04:40:00,65.73,2.224,5.802,0
2026-03-06 04:41:00,64.89,1.815,5.713,0
2026-03-06 04:42:00,65.44,2.282,5.696,0
2026-03-06 04:43:00,65.84,2.483,5.749,0
2026-03-06 04:44:00,65.58,2.273,5.807,0
2026-03-06 04:45:00,65.07,2.007,5.509,0
2026-03-06 04:46:00,65.84,2.217,5.697,0
2026-03-06 04:47:00,65.84,2.016,5.829,0
2026-03-06 04:48:00,65.18,2.066,5.677,0
2026-03-06 04:49:00,65.14,2.084,5.735,0
2026-03-06 04:50:00,64.88,2.049,5.666,0
2026-03-06 04:51:00,65.8,2.345,5.758,0
2026-03-06 04:52:00,66.16,2.2,5.745,0
2026-03-06 04:53:00,65.76,2.385,5.737,0
2026-03-06 04:54:00,66.24,2.783,5.705,0
2026-03-06 04:55:00,66.45,2.217,5.83,0
2026-03-06 04:56:00,66.18,2.15,5.597,0
2026-03-06 04:57:00,66.22,2.577,5.605,0
2026-03-06 04:58:00,65.53,2.237,5.775,0
2026-03-06 04:59:00,65.98,2.262,5.762,0
2026-03-06 05:00:00,65.46,2.227,5.789,0
2026-03-06 05:01:00,65.85,2.216,5.663,0
2026-03-06 05:02:00,66.34,2.462,5.771,0
2026-03-06 05:03:00,66.42,2.162,5.822,0
2026-03-06 05:04:00,66.92,2.672,5.777,0
2026-03-06 05:05:00,66.75,2.286,5.821,0
2026-03-06 05:06:00,66.68,2.32,5.953,0
2026-03-06 05:07:00,65.98,2.142,5.814,0
2026-03-06 05:08:00,66.61,2.438,5.936,0
2026-03-06 05:09:00,66.08,2.302,5.824,0
2026-03-06 05:10:00,66.26,2.132,5.757,0
2026-03-06 05:11:00,66.41,2.128,5.805,0
2026-03-06 05:12:00,65.19,2.225,5.629,0
2026-03-06 05:13:00,66.24,2.28,5.844,0
2026-03-06 05:14:00,67.3,2.216,5.72,0
2026-03-06 05:15:00,66.73,2.544,5.633,0
2026-03-06 05:16:00,67.5,2.372,6.004,0
2026-03-06 05:17:00,67.35,1.96,5.761,0
2026-03-06 05:18:00,67.48,2.482,5.903,0
2026-03-06 05:19:00,66.46,2.384,5.829,0
2026-03-06 05:20:00,66.92,2.415,5.757,0
2026-03-06 05:21:00,67.56,2.33,5.789,0
2026-03-06 05:22:00,66.63,2.259,5.789,0
2026-03-06 05:23:00,66.38,2.43,5.814,0
2026-03-06 05:24:00,67.31,2.31,5.898,0
2026-03-06 05:25:00,67.09,2.234,6.048,0
2026-03-06 05:26:00,66.86,2.496,5.768,0
2026-03-06 05:27:00,68.07,2.196,5.879,0
2026-03-06 05:28:00,67.66,2.414,5.838,0
2026-03-06 05:29:00,67.51,2.821,5.913,0
2026-03-06 05:30:00,67.38,2.408,5.708,0
2026-03-06 05:31:00,67.19,2.393,5.919,0
2026-03-06 05:32:00,67.29,1.975,5.869,0
2026-03-06 05:33:00,67.83,2.539,5.826,0
2026-03-06 05:34:00,68.22,2.158,5.749,0
2026-03-06 05:35:00,68.42,2.523,5.821,0
2026-03-06 05:36:00,68.2,2.374,5.777,0
2026-03-06 05:37:00,67.69,2.497,5.768,0
2026-03-06 05:38:00,67.67,2.271,5.976,0
2026-03-06 05:39:00,67.2,2.144,5.758,0
2026-03-06 05:40:00,67.12,2.445,5.825,0
2026-03-06 05:41:00,67.18,2.236,5.816,0
2026-03-06 05:42:00,67.55,2.057,5.712,0
2026-03-06 05:43:00,66.68,2.107,5.804,0
2026-03-06 05:44:00,66.46,2.37,5.894,0
2026-03-06 05:45:00,65.86,2.286,5.727,0
2026-03-06 05:46:00,66.53,2.196,5.742,0
2026-03-06 05:47:00,67.02,2.138,5.705,0
2026-03-06 05:48:00,66.33,2.462,5.823,0
2026-03-06 05:49:00,66.28,2.157,5.801,0
2026-03-06 05:50:00,66.24,2.037,5.86,1
2026-03-06 05:51:00,66.26,2.334,5.636,0
2026-03-06 05:52:00,66.69,2.419,5.903,0
2026-03-06 05:53:00,66.37,2.109,5.843,0
2026-03-06 05:54:00,67.21,2.398,5.984,0
2026-03-06 05:55:00,67.65,1.998,5.921,0
2026-03-06 05:56:00,67.83,2.443,5.7,0
2026-03-06 05:57:00,67.58,2.308,5.854,0
2026-03-06 05:58:00,67.76,2.332,5.925,0
2026-03-06 05:59:00,67.34,2.12,5.581,0
2026-03-06 06:00:00,67.33,2.076,5.82,0
2026-03-06 06:01:00,67.88,2.381,6.017,0
2026-03-06 06:02:00,67.83,2.257,5.874,0
2026-03-06 06:03:00,67.77,2.229,5.725,0
2026-03-06 06:04:00,67.57,2.346,5.75,0
2026-03-06 06:05:00,67.05,2.152,5.833,0
2026-03-06 06:06:00,67.44,2.068,5.649,0
2026-03-06 06:07:00,67.28,2.332,5.761,0
2026-03-06 06:08:00,66.75,2.114,5.863,0
2026-03-06 06:09:00,67.25,2.252,6.042,0
2026-03-06 06:10:00,66.95,2.194,5.962,0
2026-03-06 06:11:00,66.12,1.948,5.984,0
2026-03-06 06:12:00,66.55,2.257,5.744,0
2026-03-06 06:13:00,66.44,2.518,5.881,0
2026-03-06 06:14:00,65.62,2.41,5.772,0
2026-03-06 06:15:00,66.65,2.524,5.835,0
2026-03-06 06:16:00,66.85,2.218,5.918,0
2026-03-06 06:17:00,66.23,2.533,5.895,0
2026-03-06 06:18:00,66.85,2.072,6.022,0
2026-03-06 06:19:00,67.16,2.47,5.936,0
2026-03-06 06:20:00,67.47,1.913,5.909,0
2026-03-06 06:21:00,68.18,2.301,5.927,0
2026-03-06 06:22:00,67.85,2.568,5.855,0
2026-03-06 06:23:00,67.45,2.451,5.838,0
2026-03-06 06:24:00,67.77,2.376,5.763,0
2026-03-06 06:25:00,67.63,2.205,5.935,0
2026-03-06 06:26:00,68.07,2.442,5.92,0
2026-03-06 06:27:00,67.97,2.118,5.81,0
2026-03-06 06:28:00,67.91,2.715,5.88,0
2026-03-06 06:29:00,67.89,2.134,5.786,0
2026-03-06 06:30:00,68.38,2.762,5.974,0
2026-03-06 06:31:00,67.46,2.598,5.799,0
2026-03-06 06:32:00,68.88,2.387,5.917,0
2026-03-06 06:33:00,69.28,2.442,5.937,0
2026-03-06 06:34:00,68.69,2.668,5.852,0
2026-03-06 06:35:00,68.83,2.653,5.817,0
2026-03-06 06:36:00,68.9,2.294,6.011,0
2026-03-06 06:37:00,69.55,2.634,5.976,0
2026-03-06 06:38:00,70.02,2.39,5.887,0
2026-03-06 06:39:00,69.36,2.204,5.959,0
2026-03-06 06:40:00,69.36,2.35,5.733,0
2026-03-06 06:41:00,68.68,2.51,5.795,0
2026-03-06 06:42:00,68.31,2.687,5.943,0
2026-03-06 06:43:00,68.02,2.316,5.805,0
2026-03-06 06:44:00,67.74,2.37,5.9,0
2026-03-06 06:45:00,68.31,2.566,5.717,0
2026-03-06 06:46:00,67.93,4.455,5.875,1
2026-03-06 06:47:00,68.23,2.629,5.913,0
2026-03-06 06:48:00,68.63,2.681,5.862,0
2026-03-06 06:49:00,68.8,2.655,5.984,0
2026-03-06 06:50:00,68.84,2.317,5.878,0
2026-03-06 06:51:00,69.1,2.567,5.913,0
2026-03-06 06:52:00,69.36,2.392,5.994,0
2026-03-06 06:53:00,69.57,3.156,5.998,0
2026-03-06 06:54:00,69.46,2.546,5.941,0
2026-03-06 06:55:00,69.17,2.388,5.978,0
2026-03-06 06:56:00,69.65,2.364,5.941,0
2026-03-06 06:57:00,69.21,2.667,6.007,0
2026-03-06 06:58:00,69.77,2.467,6.08,0
2026-03-06 06:59:00,69.66,2.402,5.956,0
2026-03-06 07:00:00,69.86,2.347,5.861,0
2026-03-06 07:01:00,69.39,2.521,6.061,0
2026-03-06 07:02:00,69.18,2.569,5.992,0
2026-03-06 07:03:00,69.23,2.759,5.898,0
2026-03-06 07:04:00,68.54,2.458,5.773,0
2026-03-06 07:05:00,68.01,2.337,5.868,0
2026-03-06 07:06:00,68.47,2.504,5.954,0
2026-03-06 07:07:00,67.83,2.506,5.917,0
2026-03-06 07:08:00,68.08,2.606,5.976,0
2026-03-06 07:09:00,68.76,2.19,6.145,0
2026-03-06 07:10:00,68.82,2.401,5.883,0
2026-03-06 07:11:00,69.28,2.589,5.917,0
2026-03-06 07:12:00,70.17,2.835,5.98,0
2026-03-06 07:13:00,70.36,2.347,6.005,0
2026-03-06 07:14:00,70.58,2.725,5.924,0
2026-03-06 07:15:00,70.53,2.49,6.123,0
2026-03-06 07:16:00,70.2,2.934,5.947,0
2026-03-06 07:17:00,69.64,2.441,6.026,0
2026-03-06 07:18:00,69.87,2.752,6.01,0
2026-03-06 07:19:00,68.88,2.798,6.008,0
2026-03-06 07:20:00,68.91,2.61,5.908,0
2026-03-06 07:21:00,69.66,2.976,5.978,0
2026-03-06 07:22:00,69.8,2.772,6.131,0
2026-03-06 07:23:00,69.5,2.848,6.114,0
2026-03-06 07:24:00,69.1,2.527,6.131,0
2026-03-06 07:25:00,69.52,2.7,5.871,0
2026-03-06 07:26:00,69.4,2.211,6.016,0
2026-03-06 07:27:00,69.47,2.592,6.062,0
2026-03-06 07:28:00,68.87,2.497,6.018,0
2026-03-06 07:29:00,69.41,2.144,5.964,0
2026-03-06 07:30:00,69.76,2.293,6.007,0
2026-03-06 07:31:00,69.28,2.809,5.901,0
2026-03-06 07:32:00,70.06,2.755,6.033,0
2026-03-06 07:33:00,70.46,2.818,5.977,0
2026-03-06 07:34:00,70.61,2.614,5.939,0
2026-03-06 07:35:00,71.52,2.538,6.135,0
2026-03-06 07:36:00,70.5,2.672,6.042,0
2026-03-06 07:37:00,71.27,2.793,6.212,0
2026-03-06 07:38:00,70.56,2.669,6.15,0
2026-03-06 07:39:00,71.45,2.614,6.086,0
2026-03-06 07:40:00,70.87,2.716,6.038,0
2026-03-06 07:41:00,70.65,2.374,5.983,0
2026-03-06 07:42:00,70.67,2.493,5.966,0
2026-03-06 07:43:00,71.49,2.579,6.032,0
2026-03-06 07:44:00,70.69,2.583,6.069,1
2026-03-06 07:45:00,70.86,2.426,6.129,0
2026-03-06 07:46:00,70.58,2.453,6.104,0
2026-03-06 07:47:00,70.82,2.633,6.184,0
2026-03-06 07:48:00,70.68,2.715,5.966,0
2026-03-06 07:49:00,71.15,2.209,6.012,0
2026-03-06 07:50:00,71.45,2.437,6.022,0
2026-03-06 07:51:00,70.7,2.856,6.08,0
2026-03-06 07:52:00,70.43,2.599,5.963,0
2026-03-06 07:53:00,69.89,2.906,6.041,0
2026-03-06 07:54:00,70.43,2.555,6.085,0
2026-03-06 07:55:00,70.47,2.589,6.006,0
2026-03-06 07:56:00,70.77,2.412,5.932,1
2026-03-06 07:57:00,70.29,2.354,6.072,0
2026-03-06 07:58:00,70.36,2.76,5.97,0
2026-03-06 07:59:00,70.31,2.623,5.926,0
2026-03-06 08:00:00,71.65,2.71,6.159,0
2026-03-06 08:01:00,71.28,2.968,5.868,0
2026-03-06 08:02:00,70.74,2.548,6.052,0
2026-03-06 08:03:00,70.98,2.736,6.119,0
2026-03-06 08:04:00,70.18,2.836,6.044,0
2026-03-06 08:05:00,71.09,2.695,6.148,0
2026-03-06 08:06:00,71.36,2.764,6.208,0
2026-03-06 08:07:00,70.83,2.788,6.106,0
2026-03-06 08:08:00,70.6,2.841,5.903,0
2026-03-06 08:09:00,71.28,2.74,6.109,0
2026-03-06 08:10:00,71.08,2.725,6.011,0
2026-03-06 08:11:00,71.03,2.589,6.094,0
2026-03-06 08:12:00,70.72,2.283,6.109,0
2026-03-06 08:13:00,70.8,2.509,6.143,0
2026-03-06 08:14:00,69.36,2.491,5.986,0
2026-03-06 08:15:00,70.07,2.359,6.169,0
2026-03-06 08:16:00,69.83,2.724,5.97,0
2026-03-06 08:17:00,70.35,2.818,5.907,0
2026-03-06 08:18:00,69.8,3.004,6.074,0
2026-03-06 08:19:00,69.46,2.774,5.956,0
2026-03-06 08:20:00,69.7,2.883,5.936,0
2026-03-06 08:21:00,69.73,2.441,5.954,0
2026-03-06 08:22:00,68.69,2.247,6.079,0
2026-03-06 08:23:00,68.21,2.602,6.03,0
2026-03-06 08:24:00,69.69,2.647,6.007,0
2026-03-06 08:25:00,69.73,2.418,6.05,0
2026-03-06 08:26:00,69.32,2.775,5.874,0
2026-03-06 08:27:00,68.89,2.559,5.945,0
2026-03-06 08:28:00,68.83,2.669,5.846,0
2026-03-06 08:29:00,69.01,2.805,5.851,0
2026-03-06 08:30:00,69.04,2.485,5.948,0
2026-03-06 08:31:00,69.44,2.553,6.042,0
2026-03-06 08:32:00,68.54,2.682,5.84,0
2026-03-06 08:33:00,68.05,2.667,6.073,0
2026-03-06 08:34:00,68.09,2.492,5.989,0
2026-03-06 08:35:00,68.37,2.516,6.004,0
2026-03-06 08:36:00,68.32,2.329,5.968,0
2026-03-06 08:37:00,68.54,2.802,6.193,0
2026-03-06 08:38:00,68.87,2.734,6.086,0
2026-03-06 08:39:00,68.73,2.457,6.099,0
2026-03-06 08:40:00,69.52,2.718,6.022,0
2026-03-06 08:41:00,69.75,2.45,5.905,0
2026-03-06 08:42:00,69.3,2.792,5.968,0
2026-03-06 08:43:00,69.84,2.387,6.012,0
2026-03-06 08:44:00,69.88,2.71,5.99,0
2026-03-06 08:45:00,69.93,2.468,6.021,0
2026-03-06 08:46:00,69.34,2.678,6.001,0
2026-03-06 08:47:00,69.02,2.82,6.115,0
2026-03-06 08:48:00,68.97,2.401,6.044,0
2026-03-06 08:49:00,69.03,2.806,6.013,0
2026-03-06 08:50:00,68.93,2.467,5.989,0
2026-03-06 08:51:00,68.83,2.579,5.887,0
2026-03-06 08:52:00,68.46,2.564,5.907,0
2026-03-06 08:53:00,69.01,2.525,5.948,0
2026-03-06 08:54:00,68.69,2.654,6.05,0
2026-03-06 08:55:00,69.18,2.765,5.93,0
2026-03-06 08:56:00,69.5,2.167,6.146,0
2026-03-06 08:57:00,70.13,2.744,6.1,0
2026-03-06 08:58:00,69.94,2.572,6.262,0
2026-03-06 08:59:00,70.18,2.732,6.187,0
2026-03-06 09:00:00,69.57,2.41,6.055,0
2026-03-06 09:01:00,69.86,2.417,6.15,0
2026-03-06 09:02:00,69.4,2.657,5.983,0
2026-03-06 09:03:00,69.28,2.692,5.947,0
2026-03-06 09:04:00,69.3,2.622,6.157,0
2026-03-06 09:05:00,69.68,2.828,5.931,0
2026-03-06 09:06:00,69.53,2.599,6.062,0
2026-03-06 09:07:00,68.52,2.507,5.905,0
2026-03-06 09:08:00,68.96,2.517,5.913,0
2026-03-06 09:09:00,68.87,2.602,5.955,1
2026-03-06 09:10:00,68.33,2.544,5.975,1
2026-03-06 09:11:00,68.74,2.521,6.163,0
2026-03-06 09:12:00,68.62,2.207,6.072,0
2026-03-06 09:13:00,69.4,2.425,6.1,0
2026-03-06 09:14:00,69.92,2.499,5.94,0
2026-03-06 09:15:00,70.14,2.571,5.942,0
2026-03-06 09:16:00,69.47,2.394,6.033,0
2026-03-06 09:17:00,70.16,2.424,6.065,0
2026-03-06 09:18:00,69.9,2.38,6.079,0
2026-03-06 09:19:00,69.92,2.639,6.159,0
2026-03-06 09:20:00,69.79,2.373,5.789,0
2026-03-06 09:21:00,70.27,2.509,6.017,0
2026-03-06 09:22:00,69.61,2.975,5.916,0
2026-03-06 09:23:00,70.91,2.856,5.941,0
2026-03-06 09:24:00,70.27,2.731,6.078,0
2026-03-06 09:25:00,70.01,2.58,5.828,0
2026-03-06 09:26:00,69.22,2.354,6.189,0
2026-03-06 09:27:00,69.14,2.462,6.143,0
2026-03-06 09:28:00,69.8,2.694,5.947,0
2026-03-06 09:29:00,70.61,3.147,6.051,0
2026-03-06 09:30:00,70.04,2.523,6.201,0
2026-03-06 09:31:00,70.26,2.888,5.863,0
2026-03-06 09:32:00,69.92,2.675,5.97,0
2026-03-06 09:33:00,70.13,2.856,6.104,0
2026-03-06 09:34:00,70.44,2.274,6.052,0
2026-03-06 09:35:00,70.6,2.833,5.979,0
2026-03-06 09:36:00,70.45,3.051,6.04,0
2026-03-06 09:37:00,69.99,2.561,6.008,0
2026-03-06 09:38:00,69.99,2.391,5.794,0
2026-03-06 09:39:00,69.77,2.531,5.982,0
2026-03-06 09:40:00,69.82,2.395,6.028,0
2026-03-06 09:41:00,70.09,2.603,5.846,0
2026-03-06 09:42:00,70.01,2.491,5.939,0
2026-03-06 09:43:00,70.2,2.253,5.903,0
2026-03-06 09:44:00,69.99,2.616,6.075,0
2026-03-06 09:45:00,70.28,2.366,5.923,0
2026-03-06 09:46:00,70.47,2.662,6.045,0
2026-03-06 09:47:00,70.99,2.337,5.941,0
2026-03-06 09:48:00,69.79,2.416,5.94,0
2026-03-06 09:49:00,69.96,2.295,5.963,0
2026-03-06 09:50:00,70.48,2.428,6.016,0
2026-03-06 09:51:00,71.09,2.695,6.052,0
2026-03-06 09:52:00,70.73,2.587,6.06,0
2026-03-06 09:53:00,70.5,2.813,6.003,0
2026-03-06 09:54:00,70.14,2.347,5.932,0
2026-03-06 09:55:00,70.18,2.679,5.967,0
2026-03-06 09:56:00,69.97,2.271,6.009,0
2026-03-06 09:57:00,69.17,2.49,5.927,0
2026-03-06 09:58:00,68.73,2.66,5.903,0
2026-03-06 09:59:00,70.04,2.382,5.947,0
2026-03-06 10:00:00,69.67,2.443,5.984,0
2026-03-06 10:01:00,69.34,2.776,5.957,0
2026-03-06 10:02:00,70.7,2.691,6.007,0
2026-03-06 10:03:00,70.48,2.692,5.912,0
2026-03-06 10:04:00,70.62,2.758,5.962,0
2026-03-06 10:05:00,70.3,2.14,6.024,0
2026-03-06 10:06:00,70.77,2.856,6.057,0
2026-03-06 10:07:00,70.17,2.942,5.898,0
2026-03-06 10:08:00,71.27,2.59,6.045,0
2026-03-06 10:09:00,71.77,2.582,6.042,0
2026-03-06 10:10:00,71.54,2.28,6.116,0
2026-03-06 10:11:00,71.24,2.535,5.971,0
2026-03-06 10:12:00,70.96,2.473,5.914,0
2026-03-06 10:13:00,71.1,2.772,5.972,0
2026-03-06 10:14:00,71.43,2.717,6.03,0
2026-03-06 10:15:00,70.4,2.682,5.912,0
2026-03-06 10:16:00,71.12,3.008,6.167,0
2026-03-06 10:17:00,70.64,2.725,6.045,0
2026-03-06 10:18:00,70.74,2.676,6.031,0
2026-03-06 10:19:00,69.66,3.14,6.028,0
2026-03-06 10:20:00,71.09,2.593,5.969,0
2026-03-06 10:21:00,70.44,2.364,6.073,0
2026-03-06 10:22:00,70.73,2.304,5.94,0
2026-03-06 10:23:00,70.82,2.288,5.885,0
2026-03-06 10:24:00,70.92,2.432,5.952,0
2026-03-06 10:25:00,70.44,2.885,6.045,0
2026-03-06 10:26:00,70.81,2.449,6.177,0
2026-03-06 10:27:00,71.22,2.974,5.958,0
2026-03-06 10:28:00,71.48,2.476,6.162,0
2026-03-06 10:29:00,71.83,2.666,6.101,0
2026-03-06 10:30:00,71.88,2.898,6.215,0
2026-03-06 10:31:00,71.89,2.757,6.085,0
2026-03-06 10:32:00,71.7,2.939,6.249,0
2026-03-06 10:33:00,71.66,2.924,6.204,0
2026-03-06 10:34:00,70.87,2.382,6.213,0
2026-03-06 10:35:00,71.76,3.138,6.197,0
2026-03-06 10:36:00,71.61,2.704,6.049,0
2026-03-06 10:37:00,70.76,2.204,6.084,0
2026-03-06 10:38:00,71.02,2.491,6.023,0
2026-03-06 10:39:00,70.1,2.643,6.162,0
2026-03-06 10:40:00,70.58,2.639,5.893,0
2026-03-06 10:41:00,71.05,2.871,6.03,0
2026-03-06 10:42:00,71.2,2.628,5.9,0
2026-03-06 10:43:00,69.88,2.841,6.17,0
2026-03-06 10:44:00,70.6,3.144,6.025,0
2026-03-06 10:45:00,70.17,2.829,6.147,0
2026-03-06 10:46:00,69.93,2.584,6.092,0
2026-03-06 10:47:00,70.35,2.979,6.036,0
2026-03-06 10:48:00,71.08,2.978,6.087,0
2026-03-06 10:49:00,70.65,2.635,5.75,0
2026-03-06 10:50:00,69.69,2.797,5.951,0
2026-03-06 10:51:00,69.52,2.543,6.174,0
2026-03-06 10:52:00,68.95,2.406,6.017,0
2026-03-06 10:53:00,70.26,2.317,6.093,0
2026-03-06 10:54:00,69.99,2.495,6.046,0
2026-03-06 10:55:00,69.88,2.464,6.047,0
2026-03-06 10:56:00,70.58,2.731,6.144,0
2026-03-06 10:57:00,70.77,2.883,6.139,0
2026-03-06 10:58:00,70.44,2.46,6.208,0
2026-03-06 10:59:00,70.69,2.587,6.043,0
2026-03-06 11:00:00,70.24,2.861,6.052,0
2026-03-06 11:01:00,70.39,2.863,6.038,0
2026-03-06 11:02:00,70.36,2.581,5.97,0
2026-03-06 11:03:00,70.12,2.486,5.978,0
2026-03-06 11:04:00,69.9,2.852,5.923,0
2026-03-06 11:05:00,69.28,2.602,6.094,0
2026-03-06 11:06:00,69.51,2.746,5.981,0
2026-03-06 11:07:00,68.81,2.456,5.978,0
2026-03-06 11:08:00,69.72,2.411,6.113,0
2026-03-06 11:09:00,70.06,2.421,5.961,0
2026-03-06 11:10:00,69.23,2.784,5.963,0
2026-03-06 11:11:00,69.32,2.899,5.939,0
2026-03-06 11:12:00,69.25,2.637,5.892,0
2026-03-06 11:13:00,69.85,2.515,5.951,0
2026-03-06 11:14:00,69.86,2.701,6.01,0
2026-03-06 11:15:00,70.14,2.581,5.951,0
2026-03-06 11:16:00,70.27,2.632,5.795,0
2026-03-06 11:17:00,69.8,2.608,5.903,0
2026-03-06 11:18:00,69.34,2.531,5.901,0
2026-03-06 11:19:00,68.84,2.325,5.932,0
2026-03-06 11:20:00,68.82,2.443,6.002,0
2026-03-06 11:21:00,69.04,2.684,5.921,0
2026-03-06 11:22:00,69.16,2.704,6.088,0
2026-03-06 11:23:00,69.8,2.739,6.072,0
2026-03-06 11:24:00,70.52,2.324,6.008,0
2026-03-06 11:25:00,70.22,2.677,5.959,0
2026-03-06 11:26:00,70.85,2.475,6.133,0
2026-03-06 11:27:00,70.61,2.682,6.259,0
2026-03-06 11:28:00,70.32,3.05,5.985,0
2026-03-06 11:29:00,70.48,2.814,5.877,0
2026-03-06 11:30:00,70.71,2.55,6.055,0
2026-03-06 11:31:00,71.04,2.782,6.101,0
2026-03-06 11:32:00,71.18,2.978,6.024,0
2026-03-06 11:33:00,71.5,2.852,5.954,0
2026-03-06 11:34:00,71.44,2.671,5.945,0
2026-03-06 11:35:00,71.27,2.695,6.209,0
2026-03-06 11:36:00,71.34,2.557,5.963,0
2026-03-06 11:37:00,70.43,2.889,6.18,0
2026-03-06 11:38:00,70.82,2.277,6.068,0
2026-03-06 11:39:00,71.35,2.547,6.188,0
2026-03-06 11:40:00,71.16,2.611,6.065,0
2026-03-06 11:41:00,70.82,2.99,6.13,0
2026-03-06 11:42:00,70.9,2.745,6.24,0
2026-03-06 11:43:00,70.84,2.755,5.992,0
2026-03-06 11:44:00,70.72,2.49,5.939,0
2026-03-06 11:45:00,71.44,2.846,6.069,0
2026-03-06 11:46:00,72.16,2.717,6.202,0
2026-03-06 11:47:00,72.18,2.529,5.874,0
2026-03-06 11:48:00,72.52,2.444,6.146,0
2026-03-06 11:49:00,72.43,2.895,5.941,1
2026-03-06 11:50:00,73.15,3.279,6.035,0
2026-03-06 11:51:00,73.23,3.152,6.249,0
2026-03-06 11:52:00,72.93,2.75,6.22,0
2026-03-06 11:53:00,73.29,2.737,5.997,0
2026-03-06 11:54:00,73.11,3.026,6.245,0
2026-03-06 11:55:00,72.93,2.596,6.215,0
2026-03-06 11:56:00,73.71,2.906,6.021,0
2026-03-06 11:57:00,73.58,2.509,6.054,0
2026-03-06 11:58:00,73.57,2.502,6.115,0
2026-03-06 11:59:00,74.0,2.443,6.187,0
2026-03-06 12:00:00,73.8,2.984,6.212,0
2026-03-06 12:01:00,73.56,2.895,6.154,0
2026-03-06 12:02:00,73.98,2.884,6.167,0
2026-03-06 12:03:00,73.81,2.765,5.977,0
2026-03-06 12:04:00,73.88,3.247,6.105,0
2026-03-06 12:05:00,74.04,2.389,6.131,0
2026-03-06 12:06:00,73.44,2.663,6.119,0
2026-03-06 12:07:00,72.78,3.101,6.038,0
2026-03-06 12:08:00,73.2,2.795,6.048,0
2026-03-06 12:09:00,72.83,2.545,6.15,0
2026-03-06 12:10:00,72.9,2.799,6.178,0
2026-03-06 12:11:00,73.08,2.526,6.021,0
2026-03-06 12:12:00,71.98,3.006,6.038,0
2026-03-06 12:13:00,72.26,2.535,6.084,0
2026-03-06 12:14:00,72.01,2.238,6.051,0
2026-03-06 12:15:00,72.48,2.84,6.082,0
2026-03-06 12:16:00,71.89,2.64,6.113,0
2026-03-06 12:17:00,71.74,2.54,6.013,0
2026-03-06 12:18:00,72.11,2.597,6.052,0
2026-03-06 12:19:00,72.61,2.715,6.072,0
2026-03-06 12:20:00,72.55,2.736,5.901,0
2026-03-06 12:21:00,72.21,3.1,6.145,0
2026-03-06 12:22:00,71.84,2.614,6.163,0
2026-03-06 12:23:00,71.44,2.726,6.142,0
2026-03-06 12:24:00,71.9,3.107,6.239,0
2026-03-06 12:25:00,71.48,3.068,6.013,0
2026-03-06 12:26:00,71.8,2.746,6.218,0
2026-03-06 12:27:00,71.71,2.445,6.165,0
2026-03-06 12:28:00,71.74,2.732,6.136,0
2026-03-06 12:29:00,71.99,2.724,6.134,0
2026-03-06 12:30:00,71.46,2.736,6.052,0
2026-03-06 12:31:00,71.47,2.187,6.128,0
2026-03-06 12:32:00,70.87,2.583,6.117,0
2026-03-06 12:33:00,70.93,2.472,6.016,0
2026-03-06 12:34:00,71.09,2.64,5.866,0
2026-03-06 12:35:00,71.89,2.975,6.092,0
2026-03-06 12:36:00,71.58,2.626,6.172,0
2026-03-06 12:37:00,71.83,2.897,6.142,0
2026-03-06 12:38:00,71.39,2.851,6.084,0
2026-03-06 12:39:00,70.94,2.672,6.148,0
2026-03-06 12:40:00,70.56,2.931,6.185,0
2026-03-06 12:41:00,70.46,2.48,6.124,0
2026-03-06 12:42:00,70.75,2.799,6.078,0
2026-03-06 12:43:00,70.39,2.535,6.375,0
2026-03-06 12:44:00,71.13,2.684,6.099,0
2026-03-06 12:45:00,70.57,2.818,6.217,0
2026-03-06 12:46:00,70.67,2.708,6.07,0
2026-03-06 12:47:00,70.75,2.791,6.08,0
2026-03-06 12:48:00,71.01,2.654,6.077,0
2026-03-06 12:49:00,70.44,2.956,6.04,0
2026-03-06 12:50:00,70.31,2.996,6.066,0
2026-03-06 12:51:00,71.16,2.392,6.124,0
2026-03-06 12:52:00,71.23,2.933,6.144,0
2026-03-06 12:53:00,70.9,2.815,5.931,0
2026-03-06 12:54:00,71.23,2.573,6.111,0
2026-03-06 12:55:00,70.61,2.5,5.928,0
2026-03-06 12:56:00,70.22,2.529,5.962,0
2026-03-06 12:57:00,70.49,2.701,6.038,0
2026-03-06 12:58:00,70.88,2.63,6.092,0
2026-03-06 12:59:00,71.19,2.796,6.144,0
2026-03-06 13:00:00,70.9,2.488,6.009,0
2026-03-06 13:01:00,71.94,2.88,6.05,0
2026-03-06 13:02:00,72.11,2.576,6.141,0
2026-03-06 13:03:00,71.83,2.977,6.037,0
2026-03-06 13:04:00,71.26,2.904,6.024,0
2026-03-06 13:05:00,71.34,2.982,6.184,0
2026-03-06 13:06:00,71.11,2.705,6.085,0
2026-03-06 13:07:00,71.69,2.447,6.035,0
2026-03-06 13:08:00,72.64,2.958,6.101,0
2026-03-06 13:09:00,71.77,2.429,6.002,0
2026-03-06 13:10:00,71.86,3.086,5.98,0
2026-03-06 13:11:00,71.68,2.72,6.157,0
2026-03-06 13:12:00,71.43,2.66,6.047,0
2026-03-06 13:13:00,71.23,2.575,6.1,0
2026-03-06 13:14:00,70.95,2.842,6.084,0
2026-03-06 13:15:00,71.34,2.579,6.127,0
2026-03-06 13:16:00,70.54,2.714,6.079,0
2026-03-06 13:17:00,70.02,2.505,6.078,0
2026-03-06 13:18:00,70.81,2.53,5.945,0
2026-03-06 13:19:00,70.42,2.493,6.186,0
2026-03-06 13:20:00,69.52,2.404,6.277,0
2026-03-06 13:21:00,70.75,2.698,6.17,0
2026-03-06 13:22:00,70.18,2.485,6.131,0
2026-03-06 13:23:00,69.99,2.733,6.129,0
2026-03-06 13:24:00,70.47,2.816,6.019,0
2026-03-06 13:25:00,70.84,3.026,5.862,0
2026-03-06 13:26:00,71.38,2.49,6.241,0
2026-03-06 13:27:00,70.53,2.845,6.193,0
2026-03-06 13:28:00,71.94,2.486,6.142,0
2026-03-06 13:29:00,71.72,2.756,6.107,0
2026-03-06 13:30:00,71.73,2.919,6.139,0
2026-03-06 13:31:00,71.97,2.705,6.338,0
2026-03-06 13:32:00,71.67,3.072,6.055,0
2026-03-06 13:33:00,71.73,2.82,6.159,0
2026-03-06 13:34:00,72.0,2.683,6.195,0
2026-03-06 13:35:00,71.85,2.929,6.149,0
2026-03-06 13:36:00,72.34,2.814,6.127,0
2026-03-06 13:37:00,72.23,2.876,6.349,0
2026-03-06 13:38:00,71.79,2.746,6.178,0
2026-03-06 13:39:00,71.56,2.801,6.11,0
2026-03-06 13:40:00,70.99,2.697,6.099,0
2026-03-06 13:41:00,71.81,2.952,6.267,0
2026-03-06 13:42:00,72.2,2.805,6.362,1
2026-03-06 13:43:00,72.42,2.463,6.138,0
2026-03-06 13:44:00,72.55,2.799,6.084,0
2026-03-06 13:45:00,71.9,2.497,6.046,0
2026-03-06 13:46:00,72.27,3.055,6.136,0
2026-03-06 13:47:00,72.4,2.494,6.098,0
2026-03-06 13:48:00,72.91,2.652,6.033,0
2026-03-06 13:49:00,72.51,2.539,6.217,0
2026-03-06 13:50:00,72.6,3.237,6.196,0
2026-03-06 13:51:00,71.7,2.779,6.103,0
2026-03-06 13:52:00,72.11,2.605,6.269,0
2026-03-06 13:53:00,72.01,2.744,6.005,0
2026-03-06 13:54:00,72.1,2.775,6.114,0
2026-03-06 13:55:00,71.48,2.797,6.121,0
2026-03-06 13:56:00,70.92,2.768,6.198,0
2026-03-06 13:57:00,70.86,2.611,6.163,0
2026-03-06 13:58:00,70.5,2.362,5.823,0
2026-03-06 13:59:00,70.37,2.604,5.982,0
2026-03-06 14:00:00,70.27,2.797,6.174,0
2026-03-06 14:01:00,70.91,2.424,6.022,0
2026-03-06 14:02:00,70.44,2.877,5.813,0
2026-03-06 14:03:00,71.15,2.448,6.047,0
2026-03-06 14:04:00,70.47,2.767,5.985,0
2026-03-06 14:05:00,70.29,2.791,6.326,0
2026-03-06 14:06:00,70.47,2.745,5.912,0
2026-03-06 14:07:00,70.46,2.84,5.872,0
2026-03-06 14:08:00,69.1,2.629,5.938,0
2026-03-06 14:09:00,70.18,2.613,6.008,0
2026-03-06 14:10:00,70.53,2.821,5.866,0
2026-03-06 14:11:00,69.47,2.479,5.979,0
2026-03-06 14:12:00,70.66,2.672,6.031,0
2026-03-06 14:13:00,71.08,2.496,6.092,0
2026-03-06 14:14:00,70.35,2.974,5.994,0
2026-03-06 14:15:00,69.99,2.873,6.007,0
2026-03-06 14:16:00,68.81,2.619,5.909,0
2026-03-06 14:17:00,69.33,2.469,5.839,0
2026-03-06 14:18:00,69.7,2.566,5.843,0
2026-03-06 14:19:00,69.27,2.726,5.929,0
2026-03-06 14:20:00,69.63,2.494,6.206,0
2026-03-06 14:21:00,69.6,2.402,5.751,0
2026-03-06 14:22:00,69.85,2.516,6.108,0
2026-03-06 14:23:00,70.32,2.875,5.865,0
2026-03-06 14:24:00,69.78,2.494,6.19,0
2026-03-06 14:25:00,69.17,4.009,5.933,0
2026-03-06 14:26:00,70.45,2.156,5.99,0
2026-03-06 14:27:00,69.55,2.542,5.892,0
2026-03-06 14:28:00,70.4,2.626,6.101,0
2026-03-06 14:29:00,70.1,2.355,5.988,0
2026-03-06 14:30:00,70.13,2.83,5.864,0
2026-03-06 14:31:00,70.18,2.604,5.964,0
2026-03-06 14:32:00,69.87,2.979,6.028,0
2026-03-06 14:33:00,70.31,2.391,5.972,0
2026-03-06 14:34:00,70.74,2.876,6.056,0
2026-03-06 14:35:00,71.37,2.79,6.047,0
2026-03-06 14:36:00,71.41,2.587,6.099,0
2026-03-06 14:37:00,71.04,2.725,6.089,0
2026-03-06 14:38:00,71.09,2.828,5.88,0
2026-03-06 14:39:00,71.39,2.372,5.987,0
2026-03-06 14:40:00,71.79,2.365,5.95,0
2026-03-06 14:41:00,71.54,2.574,5.989,0
2026-03-06 14:42:00,71.2,2.44,6.034,0
2026-03-06 14:43:00,71.23,2.333,5.881,0
2026-03-06 14:44:00,70.87,2.414,5.851,0
2026-03-06 14:45:00,70.13,2.418,5.945,0
2026-03-06 14:46:00,70.07,2.538,6.141,0
2026-03-06 14:47:00,70.19,2.457,5.945,0
2026-03-06 14:48:00,70.1,2.614,5.888,0
2026-03-06 14:49:00,70.31,2.663,5.982,0
2026-03-06 14:50:00,70.16,2.667,6.105,0
2026-03-06 14:51:00,71.09,2.651,5.942,0
2026-03-06 14:52:00,70.17,2.536,6.012,0
2026-03-06 14:53:00,70.32,2.377,6.167,0
2026-03-06 14:54:00,69.84,2.388,5.942,0
2026-03-06 14:55:00,70.05,2.571,5.81,0
2026-03-06 14:56:00,70.37,2.511,6.004,1
2026-03-06 14:57:00,70.46,2.749,5.959,0
2026-03-06 14:58:00,70.95,2.904,5.821,0
2026-03-06 14:59:00,71.17,2.622,5.935,0
2026-03-06 15:00:00,71.48,2.458,5.91,0
2026-03-06 15:01:00,71.74,2.56,5.947,0
2026-03-06 15:02:00,70.99,2.189,5.848,0
2026-03-06 15:03:00,70.98,2.404,6.188,0
2026-03-06 15:04:00,70.59,2.212,5.879,0
2026-03-06 15:05:00,69.99,2.55,5.799,0
2026-03-06 15:06:00,70.36,2.455,5.949,0
2026-03-06 15:07:00,70.2,2.237,5.968,0
2026-03-06 15:08:00,69.49,2.666,5.877,0
2026-03-06 15:09:00,68.94,2.527,5.922,0
2026-03-06 15:10:00,69.13,2.416,5.93,0
2026-03-06 15:11:00,69.0,2.549,5.968,0
2026-03-06 15:12:00,69.14,2.363,5.987,0
2026-03-06 15:13:00,68.98,2.481,5.88,0
2026-03-06 15:14:00,69.08,2.41,5.993,0
2026-03-06 15:15:00,69.05,2.518,6.047,0
2026-03-06 15:16:00,69.49,2.634,5.982,0
2026-03-06 15:17:00,68.88,2.531,5.897,0
2026-03-06 15:18:00,69.04,2.571,5.901,0
2026-03-06 15:19:00,69.3,2.142,5.826,0
2026-03-06 15:20:00,68.3,2.328,5.905,0
2026-03-06 15:21:00,68.32,2.63,5.839,0
2026-03-06 15:22:00,68.18,2.419,5.916,0
2026-03-06 15:23:00,68.04,2.478,5.747,0
2026-03-06 15:24:00,68.27,2.546,5.835,0
2026-03-06 15:25:00,68.67,2.663,5.88,0
2026-03-06 15:26:00,68.5,2.687,5.792,0
2026-03-06 15:27:00,68.29,2.352,5.823,0
2026-03-06 15:28:00,68.72,2.295,5.818,0
2026-03-06 15:29:00,68.59,2.395,5.796,0
2026-03-06 15:30:00,68.45,2.359,5.881,0
2026-03-06 15:31:00,68.11,2.527,6.07,0
2026-03-06 15:32:00,69.01,2.293,5.741,0
2026-03-06 15:33:00,69.21,2.534,5.918,0
2026-03-06 15:34:00,69.29,2.58,6.004,0
2026-03-06 15:35:00,69.63,2.674,6.01,0
2026-03-06 15:36:00,70.0,2.664,6.125,0
2026-03-06 15:37:00,69.61,2.689,5.841,0
2026-03-06 15:38:00,69.83,2.586,5.873,0
2026-03-06 15:39:00,70.15,2.416,5.887,0
2026-03-06 15:40:00,69.43,2.527,5.96,0
2026-03-06 15:41:00,69.22,2.175,5.757,0
2026-03-06 15:42:00,69.59,2.504,6.016,0
2026-03-06 15:43:00,68.96,2.33,6.201,0
2026-03-06 15:44:00,68.99,2.671,5.738,0
2026-03-06 15:45:00,69.56,2.35,6.074,0
2026-03-06 15:46:00,69.67,2.661,5.992,0
2026-03-06 15:47:00,68.99,2.613,6.065,0
2026-03-06 15:48:00,69.33,2.501,6.01,0
2026-03-06 15:49:00,69.76,2.802,5.811,0
2026-03-06 15:50:00,70.19,2.43,5.838,0
2026-03-06 15:51:00,70.3,2.449,5.9,0
2026-03-06 15:52:00,70.22,2.269,6.036,0
2026-03-06 15:53:00,70.66,2.748,5.914,0
2026-03-06 15:54:00,70.4,2.467,6.049,0
2026-03-06 15:55:00,70.7,2.536,5.749,0
2026-03-06 15:56:00,70.34,2.736,5.969,0
2026-03-06 15:57:00,69.97,2.848,6.016,0
2026-03-06 15:58:00,70.3,2.728,6.079,0
2026-03-06 15:59:00,70.04,2.427,6.03,0
2026-03-06 16:00:00,70.33,2.512,5.963,0
2026-03-06 16:01:00,70.35,2.48,6.024,0
2026-03-06 16:02:00,70.75,2.623,5.973,0
2026-03-06 16:03:00,70.64,2.662,6.105,0
2026-03-06 16:04:00,70.79,2.817,5.96,0
2026-03-06 16:05:00,69.94,3.016,6.046,0
2026-03-06 16:06:00,70.32,2.816,6.029,0
2026-03-06 16:07:00,69.95,2.456,5.95,0
2026-03-06 16:08:00,69.48,2.405,5.945,0
2026-03-06 16:09:00,69.24,2.328,5.999,0
2026-03-06 16:10:00,69.67,2.476,5.952,0
2026-03-06 16:11:00,69.41,2.533,5.851,0
2026-03-06 16:12:00,68.97,2.467,5.737,0
2026-03-06 16:13:00,69.76,2.362,5.602,0
2026-03-06 16:14:00,70.27,2.503,5.961,0
2026-03-06 16:15:00,69.77,2.423,5.86,0
2026-03-06 16:16:00,69.61,2.461,5.857,0
2026-03-06 16:17:00,69.05,2.761,5.928,0
2026-03-06 16:18:00,69.45,2.595,5.962,0
2026-03-06 16:19:00,69.93,2.298,5.93,0
2026-03-06 16:20:00,69.55,2.374,6.047,0
2026-03-06 16:21:00,69.99,2.13,5.981,0
2026-03-06 16:22:00,70.15,2.318,6.015,0
2026-03-06 16:23:00,70.25,2.643,5.899,0
2026-03-06 16:24:00,71.07,2.919,5.85,0
2026-03-06 16:25:00,71.44,2.914,5.834,0
2026-03-06 16:26:00,70.78,2.524,6.098,0
2026-03-06 16:27:00,71.94,2.885,5.964,0
2026-03-06 16:28:00,72.21,2.872,5.945,0
2026-03-06 16:29:00,71.73,2.698,5.828,0
2026-03-06 16:30:00,71.87,2.574,5.81,0
2026-03-06 16:31:00,71.99,2.371,5.91,0
2026-03-06 16:32:00,71.34,2.459,5.963,0
2026-03-06 16:33:00,71.65,2.54,5.971,0
2026-03-06 16:34:00,70.87,2.443,5.958,0
2026-03-06 16:35:00,72.48,2.511,6.09,0
2026-03-06 16:36:00,71.99,2.851,6.131,0
2026-03-06 16:37:00,71.84,2.341,5.833,0
2026-03-06 16:38:00,72.13,2.578,5.89,0
2026-03-06 16:39:00,72.26,2.59,5.957,0
2026-03-06 16:40:00,72.27,2.423,5.957,0
2026-03-06 16:41:00,71.63,2.383,5.932,0
2026-03-06 16:42:00,70.88,2.719,6.01,0
2026-03-06 16:43:00,71.46,2.64,5.89,0
2026-03-06 16:44:00,70.88,2.438,5.955,0
2026-03-06 16:45:00,71.08,2.421,5.885,0
2026-03-06 16:46:00,71.34,2.416,5.944,0
2026-03-06 16:47:00,70.4,2.309,5.921,0
2026-03-06 16:48:00,70.27,2.635,5.975,0
2026-03-06 16:49:00,71.04,2.338,5.922,0
2026-03-06 16:50:00,70.7,2.834,5.871,0
2026-03-06 16:51:00,70.42,2.564,5.937,0
2026-03-06 16:52:00,69.49,2.202,5.725,0
2026-03-06 16:53:00,69.3,2.54,5.996,0
2026-03-06 16:54:00,69.81,2.44,5.999,0
2026-03-06 16:55:00,69.49,2.451,5.862,0
2026-03-06 16:56:00,69.4,2.411,5.878,0
2026-03-06 16:57:00,68.87,2.565,5.89,0
2026-03-06 16:58:00,68.75,2.511,5.786,0
2026-03-06 16:59:00,68.65,2.444,5.745,0
2026-03-06 17:00:00,69.05,2.109,5.817,0
2026-03-06 17:01:00,69.12,2.415,5.734,0
2026-03-06 17:02:00,69.41,2.212,5.807,0
2026-03-06 17:03:00,70.24,2.362,5.815,0
2026-03-06 17:04:00,69.81,2.203,5.889,0
2026-03-06 17:05:00,70.1,2.667,5.745,0
2026-03-06 17:06:00,69.68,2.555,5.861,0
2026-03-06 17:07:00,70.16,2.28,5.72,0
2026-03-06 17:08:00,69.52,2.611,5.644,0
2026-03-06 17:09:00,69.83,2.134,5.797,0
2026-03-06 17:10:00,70.01,2.602,5.663,1
2026-03-06 17:11:00,69.99,2.422,5.917,0
2026-03-06 17:12:00,69.16,2.238,5.78,0
2026-03-06 17:13:00,69.02,2.48,5.894,0
2026-03-06 17:14:00,68.99,2.601,5.914,0
2026-03-06 17:15:00,68.62,2.525,5.928,0
2026-03-06 17:16:00,68.7,2.56,5.828,0
2026-03-06 17:17:00,68.01,2.562,5.813,0
2026-03-06 17:18:00,67.94,2.345,5.712,0
2026-03-06 17:19:00,67.5,2.429,5.728,0
2026-03-06 17:20:00,67.87,2.549,5.979,0
2026-03-06 17:21:00,68.04,2.423,5.942,0
2026-03-06 17:22:00,68.08,2.305,5.87,0
2026-03-06 17:23:00,68.44,2.431,5.984,0
2026-03-06 17:24:00,68.45,2.734,5.798,0
2026-03-06 17:25:00,69.02,2.338,5.939,0
2026-03-06 17:26:00,68.94,2.294,6.012,0
2026-03-06 17:27:00,69.19,2.649,6.049,0
2026-03-06 17:28:00,69.03,2.599,6.119,0
2026-03-06 17:29:00,69.73,2.456,5.955,0
2026-03-06 17:30:00,70.38,2.314,6.01,0
2026-03-06 17:31:00,70.89,2.84,5.997,0
2026-03-06 17:32:00,70.7,2.482,6.036,0
2026-03-06 17:33:00,70.58,2.8,5.871,0
2026-03-06 17:34:00,70.4,2.511,5.999,0
2026-03-06 17:35:00,70.57,2.48,6.058,0
2026-03-06 17:36:00,70.58,2.516,5.874,0
2026-03-06 17:37:00,70.28,2.638,5.988,0
2026-03-06 17:38:00,71.27,2.805,5.916,0
2026-03-06 17:39:00,71.93,2.52,5.881,0
2026-03-06 17:40:00,70.55,2.771,5.88,0
2026-03-06 17:41:00,71.34,2.868,6.042,0
2026-03-06 17:42:00,71.76,2.877,5.81,0
2026-03-06 17:43:00,70.67,2.839,6.009,1
2026-03-06 17:44:00,70.17,2.642,5.8,0
2026-03-06 17:45:00,70.25,2.678,5.906,0
2026-03-06 17:46:00,70.98,2.763,5.85,0
2026-03-06 17:47:00,70.47,2.42,5.648,0
2026-03-06 17:48:00,70.26,2.565,5.778,0
2026-03-06 17:49:00,70.53,2.413,5.884,0
2026-03-06 17:50:00,71.4,2.5,5.764,0
2026-03-06 17:51:00,71.18,2.604,5.722,0
2026-03-06 17:52:00,70.85,2.54,5.83,0
2026-03-06 17:53:00,70.99,2.587,5.864,0
2026-03-06 17:54:00,71.17,2.247,5.855,1
2026-03-06 17:55:00,70.94,2.572,5.839,0
2026-03-06 17:56:00,70.21,2.45,6.029,0
2026-03-06 17:57:00,71.27,2.517,5.986,0
2026-03-06 17:58:00,70.63,2.645,5.859,0
2026-03-06 17:59:00,70.93,2.515,5.959,0
2026-03-06 18:00:00,70.51,2.806,5.853,0
2026-03-06 18:01:00,70.64,2.856,5.918,0
2026-03-06 18:02:00,70.82,2.856,5.98,0
2026-03-06 18:03:00,70.42,2.547,5.883,0
2026-03-06 18:04:00,70.83,2.613,5.958,0
2026-03-06 18:05:00,70.9,2.769,6.153,0
2026-03-06 18:06:00,71.09,2.635,6.272,0
2026-03-06 18:07:00,71.01,2.661,6.197,0
2026-03-06 18:08:00,71.38,2.902,6.02,0
2026-03-06 18:09:00,71.3,2.986,6.048,0
2026-03-06 18:10:00,70.77,3.322,5.969,0
2026-03-06 18:11:00,70.97,2.562,6.071,0
2026-03-06 18:12:00,71.77,2.591,5.999,0
2026-03-06 18:13:00,71.43,3.039,5.999,0
2026-03-06 18:14:00,71.04,3.115,6.054,0
2026-03-06 18:15:00,71.15,2.598,5.999,0
2026-03-06 18:16:00,71.35,2.48,5.962,0
2026-03-06 18:17:00,71.71,2.588,6.034,0
2026-03-06 18:18:00,71.51,2.793,5.982,0
2026-03-06 18:19:00,71.78,2.389,6.033,0
2026-03-06 18:20:00,71.2,2.593,6.009,0
2026-03-06 18:21:00,71.22,2.5,5.789,0
2026-03-06 18:22:00,71.56,2.251,5.893,0
2026-03-06 18:23:00,71.29,2.624,5.937,0
2026-03-06 18:24:00,71.54,2.682,5.888,0
2026-03-06 18:25:00,71.76,2.609,6.027,0
2026-03-06 18:26:00,71.92,2.611,5.731,0
2026-03-06 18:27:00,71.9,2.67,6.013,0
2026-03-06 18:28:00,71.76,2.811,5.997,0
2026-03-06 18:29:00,71.33,2.499,5.83,0
2026-03-06 18:30:00,71.62,2.509,5.915,0
2026-03-06 18:31:00,71.42,2.415,5.905,0
2026-03-06 18:32:00,71.88,2.899,5.962,0
2026-03-06 18:33:00,71.68,2.575,5.871,0
2026-03-06 18:34:00,71.75,2.54,6.023,0
2026-03-06 18:35:00,72.3,3.183,6.009,0
2026-03-06 18:36:00,72.46,2.875,6.173,0
2026-03-06 18:37:00,71.75,2.94,6.098,0
2026-03-06 18:38:00,71.4,2.56,6.273,0
2026-03-06 18:39:00,71.05,2.834,6.027,0
2026-03-06 18:40:00,72.57,3.069,6.126,0
2026-03-06 18:41:00,71.73,2.723,6.008,0
2026-03-06 18:42:00,71.18,2.634,5.969,0
2026-03-06 18:43:00,70.97,3.059,5.977,0
2026-03-06 18:44:00,71.08,2.546,5.804,0
2026-03-06 18:45:00,70.79,2.594,5.891,0
2026-03-06 18:46:00,71.19,3.264,5.88,0
2026-03-06 18:47:00,70.9,2.621,5.987,0
2026-03-06 18:48:00,70.21,2.47,6.164,0
2026-03-06 18:49:00,70.73,2.219,6.02,0
2026-03-06 18:50:00,70.97,2.584,5.997,0
2026-03-06 18:51:00,70.4,2.439,5.758,0
2026-03-06 18:52:00,70.03,2.403,5.92,0
2026-03-06 18:53:00,70.45,2.646,5.906,0
2026-03-06 18:54:00,70.41,2.923,5.99,0
2026-03-06 18:55:00,69.88,2.464,5.651,0
2026-03-06 18:56:00,69.86,2.543,5.839,1
2026-03-06 18:57:00,70.1,2.562,5.934,0
2026-03-06 18:58:00,70.21,2.841,5.848,0
2026-03-06 18:59:00,70.45,2.693,5.866,0
2026-03-06 19:00:00,70.73,2.682,5.926,0
2026-03-06 19:01:00,70.84,2.921,5.807,0
2026-03-06 19:02:00,70.05,2.779,5.936,0
2026-03-06 19:03:00,70.15,2.307,5.701,0
2026-03-06 19:04:00,70.33,2.595,5.733,0
2026-03-06 19:05:00,70.42,2.508,5.938,0
2026-03-06 19:06:00,70.52,2.603,5.838,0
2026-03-06 19:07:00,70.39,2.579,5.889,0
2026-03-06 19:08:00,70.52,2.572,6.006,0
2026-03-06 19:09:00,71.12,2.631,6.052,0
2026-03-06 19:10:00,70.92,2.389,5.882,0
2026-03-06 19:11:00,71.46,2.404,6.019,0
2026-03-06 19:12:00,70.92,2.679,5.864,0
2026-03-06 19:13:00,70.81,2.393,5.922,0
2026-03-06 19:14:00,70.58,2.588,5.904,0
2026-03-06 19:15:00,70.83,2.876,6.054,0
2026-03-06 19:16:00,70.95,2.555,5.916,0
2026-03-06 19:17:00,70.82,2.61,5.986,0
2026-03-06 19:18:00,70.44,2.44,5.871,0
2026-03-06 19:19:00,70.46,2.829,5.987,0
2026-03-06 19:20:00,69.76,2.426,5.808,0
2026-03-06 19:21:00,70.56,2.653,6.003,0
2026-03-06 19:22:00,71.17,2.272,5.88,0
2026-03-06 19:23:00,70.87,2.451,5.956,0
2026-03-06 19:24:00,71.25,2.643,5.757,0
2026-03-06 19:25:00,70.58,2.646,5.816,0
2026-03-06 19:26:00,71.08,2.406,6.032,0
2026-03-06 19:27:00,71.32,2.494,6.089,0
2026-03-06 19:28:00,70.7,2.659,6.024,0
2026-03-06 19:29:00,69.9,2.241,5.745,0
2026-03-06 19:30:00,70.4,2.623,5.66,0
2026-03-06 19:31:00,70.21,2.34,5.875,0
2026-03-06 19:32:00,71.0,2.452,6.105,0
2026-03-06 19:33:00,70.05,2.761,5.842,0
2026-03-06 19:34:00,70.99,2.326,6.004,0
2026-03-06 19:35:00,71.51,2.671,5.642,0
2026-03-06 19:36:00,70.42,2.515,5.837,0
2026-03-06 19:37:00,70.56,2.438,5.858,0
2026-03-06 19:38:00,70.02,2.669,5.89,0
2026-03-06 19:39:00,70.12,2.307,5.876,0
2026-03-06 19:40:00,71.24,2.401,6.062,0
2026-03-06 19:41:00,70.88,2.52,6.14,0
2026-03-06 19:42:00,70.79,2.689,5.885,0
2026-03-06 19:43:00,69.98,2.467,5.802,0
2026-03-06 19:44:00,70.98,2.558,6.131,0
2026-03-06 19:45:00,71.84,2.627,5.926,0
2026-03-06 19:46:00,71.95,2.527,5.906,0
2026-03-06 19:47:00,71.79,2.583,5.991,0
2026-03-06 19:48:00,71.34,2.54,5.964,0
2026-03-06 19:49:00,72.63,2.937,6.094,0
2026-03-06 19:50:00,71.6,2.665,5.918,0
2026-03-06 19:51:00,71.56,2.28,5.938,0
2026-03-06 19:52:00,72.28,2.682,5.866,0
2026-03-06 19:53:00,72.43,2.851,5.988,0
2026-03-06 19:54:00,71.98,2.428,5.961,0
2026-03-06 19:55:00,71.91,2.478,6.095,0
2026-03-06 19:56:00,71.34,2.544,5.94,0
2026-03-06 19:57:00,71.72,2.841,5.802,0
2026-03-06 19:58:00,71.54,2.511,6.119,0
2026-03-06 19:59:00,72.21,3.079,5.978,0
2026-03-06 20:00:00,72.18,2.801,5.956,0
2026-03-06 20:01:00,71.89,2.565,5.871,0
2026-03-06 20:02:00,72.19,2.46,6.076,0
2026-03-06 20:03:00,72.56,2.361,5.92,0
2026-03-06 20:04:00,71.98,2.185,5.871,0
2026-03-06 20:05:00,71.62,2.545,6.017,0
2026-03-06 20:06:00,72.13,2.739,5.992,0
2026-03-06 20:07:00,71.45,2.763,5.91,0
2026-03-06 20:08:00,71.26,2.722,5.974,0
2026-03-06 20:09:00,71.49,2.82,5.818,0
2026-03-06 20:10:00,71.85,2.715,6.041,0
2026-03-06 20:11:00,71.76,2.756,6.121,0
2026-03-06 20:12:00,72.21,2.377,6.019,0
2026-03-06 20:13:00,72.0,2.768,5.933,0
2026-03-06 20:14:00,72.65,2.903,5.995,0
2026-03-06 20:15:00,72.31,2.97,5.946,0
2026-03-06 20:16:00,72.54,2.795,5.896,0
2026-03-06 20:17:00,72.87,2.668,5.967,0
2026-03-06 20:18:00,72.49,2.434,5.996,0
2026-03-06 20:19:00,72.03,2.926,5.854,0
2026-03-06 20:20:00,71.86,2.699,5.926,0
2026-03-06 20:21:00,71.46,2.632,5.78,0
2026-03-06 20:22:00,71.96,2.725,5.913,0
2026-03-06 20:23:00,71.37,2.368,5.738,0
2026-03-06 20:24:00,72.06,2.684,5.838,0
2026-03-06 20:25:00,70.96,2.444,5.812,0
2026-03-06 20:26:00,70.25,2.575,6.048,0
2026-03-06 20:27:00,70.16,2.52,6.027,0
2026-03-06 20:28:00,71.08,2.707,5.826,0
2026-03-06 20:29:00,70.9,2.509,5.877,0
2026-03-06 20:30:00,70.92,2.37,5.988,0
2026-03-06 20:31:00,70.98,2.473,5.838,0
2026-03-06 20:32:00,70.88,2.375,5.825,0
2026-03-06 20:33:00,70.81,2.468,6.022,0
2026-03-06 20:34:00,70.68,2.383,5.848,0
2026-03-06 20:35:00,70.51,2.267,6.081,0
2026-03-06 20:36:00,69.66,2.366,5.853,0
2026-03-06 20:37:00,69.48,2.224,5.928,0
2026-03-06 20:38:00,69.74,2.837,5.834,0
2026-03-06 20:39:00,69.84,2.292,5.759,0
2026-03-06 20:40:00,69.0,2.207,5.813,0
2026-03-06 20:41:00,69.01,2.607,5.887,0
2026-03-06 20:42:00,69.24,2.752,5.835,0
2026-03-06 20:43:00,69.44,2.252,5.619,0
2026-03-06 20:44:00,70.34,2.518,5.789,0
2026-03-06 20:45:00,70.71,2.646,5.921,0
2026-03-06 20:46:00,69.55,2.347,5.697,0
2026-03-06 20:47:00,70.0,2.512,5.704,0
2026-03-06 20:48:00,69.38,2.664,5.999,0
2026-03-06 20:49:00,69.66,2.975,5.759,0
2026-03-06 20:50:00,69.95,2.53,5.841,0
2026-03-06 20:51:00,69.37,2.311,5.886,0
2026-03-06 20:52:00,70.28,2.538,5.931,0
2026-03-06 20:53:00,70.35,2.622,5.97,0
2026-03-06 20:54:00,69.54,2.411,5.879,0
2026-03-06 20:55:00,69.96,2.241,5.881,0
2026-03-06 20:56:00,69.1,2.828,5.891,0
2026-03-06 20:57:00,69.95,2.546,5.984,0
2026-03-06 20:58:00,69.96,2.456,5.783,0
2026-03-06 20:59:00,70.57,3.004,5.842,0
2026-03-06 21:00:00,70.19,2.447,5.869,0
2026-03-06 21:01:00,70.64,2.509,5.764,0
2026-03-06 21:02:00,69.99,2.381,5.913,0
2026-03-06 21:03:00,70.17,2.486,5.811,0
2026-03-06 21:04:00,69.82,2.681,5.729,0
2026-03-06 21:05:00,70.27,2.596,5.688,0
2026-03-06 21:06:00,70.03,2.523,5.892,0
2026-03-06 21:07:00,69.84,2.517,5.731,0
2026-03-06 21:08:00,70.01,2.611,5.811,0
2026-03-06 21:09:00,70.09,2.693,5.737,0
2026-03-06 21:10:00,69.84,2.317,5.868,0
2026-03-06 21:11:00,69.81,2.493,5.879,0
2026-03-06 21:12:00,68.94,2.174,5.838,0
2026-03-06 21:13:00,69.2,2.662,5.798,1
2026-03-06 21:14:00,70.1,2.384,5.937,0
2026-03-06 21:15:00,70.02,2.511,5.88,0
2026-03-06 21:16:00,69.63,2.712,6.055,0
2026-03-06 21:17:00,69.0,2.516,5.883,0
2026-03-06 21:18:00,68.45,2.297,5.872,0
2026-03-06 21:19:00,68.73,2.42,5.735,1
2026-03-06 21:20:00,69.39,2.598,6.031,0
2026-03-06 21:21:00,68.83,2.804,5.856,1
2026-03-06 21:22:00,68.96,2.871,5.989,0
2026-03-06 21:23:00,68.81,2.309,5.878,0
2026-03-06 21:24:00,69.33,2.616,5.752,0
2026-03-06 21:25:00,68.74,2.446,5.93,0
2026-03-06 21:26:00,69.05,2.663,5.742,0
2026-03-06 21:27:00,69.07,2.488,5.755,0
2026-03-06 21:28:00,69.88,2.527,5.831,0
2026-03-06 21:29:00,70.09,2.628,5.915,0
2026-03-06 21:30:00,69.89,2.887,5.831,0
2026-03-06 21:31:00,69.62,2.429,5.906,0
2026-03-06 21:32:00,69.8,2.313,5.829,0
2026-03-06 21:33:00,69.72,2.476,5.576,0
2026-03-06 21:34:00,68.82,2.237,5.825,0
2026-03-06 21:35:00,68.47,2.256,5.671,0
2026-03-06 21:36:00,69.36,2.419,5.665,0
2026-03-06 21:37:00,69.01,2.016,5.836,0
2026-03-06 21:38:00,69.34,2.557,5.874,0
2026-03-06 21:39:00,69.43,2.463,5.766,0
2026-03-06 21:40:00,70.03,2.48,5.826,0
2026-03-06 21:41:00,70.43,2.376,5.866,0
2026-03-06 21:42:00,70.12,2.58,5.797,0
2026-03-06 21:43:00,69.49,2.504,5.812,0
2026-03-06 21:44:00,69.82,2.522,5.856,0
2026-03-06 21:45:00,70.54,2.121,5.799,0
2026-03-06 21:46:00,69.42,2.509,6.009,0
2026-03-06 21:47:00,69.41,2.326,5.755,0
2026-03-06 21:48:00,69.5,2.453,5.836,0
2026-03-06 21:49:00,69.53,2.201,5.851,0
2026-03-06 21:50:00,69.66,2.716,5.874,0
2026-03-06 21:51:00,69.77,2.598,5.795,0
2026-03-06 21:52:00,68.29,2.289,5.748,0
2026-03-06 21:53:00,68.71,2.524,5.739,0
2026-03-06 21:54:00,68.84,2.558,5.902,0
2026-03-06 21:55:00,68.68,2.252,5.929,0
2026-03-06 21:56:00,69.37,2.857,5.968,0
2026-03-06 21:57:00,68.54,2.132,5.83,0
2026-03-06 21:58:00,69.25,2.733,5.772,0
2026-03-06 21:59:00,69.59,2.904,6.007,0
2026-03-06 22:00:00,69.71,2.51,5.926,0
2026-03-06 22:01:00,70.43,2.523,5.89,0
2026-03-06 22:02:00,69.72,2.675,5.946,0
2026-03-06 22:03:00,69.78,2.677,5.622,0
2026-03-06 22:04:00,69.1,2.46,5.808,0
2026-03-06 22:05:00,68.93,2.345,5.922,0
2026-03-06 22:06:00,69.66,2.479,5.969,0
2026-03-06 22:07:00,70.36,2.312,5.958,0
2026-03-06 22:08:00,70.63,2.493,5.92,0
2026-03-06 22:09:00,70.32,2.195,5.852,0
2026-03-06 22:10:00,70.28,2.707,6.007,0
2026-03-06 22:11:00,70.28,2.715,5.872,0
2026-03-06 22:12:00,70.86,3.165,5.913,0
2026-03-06 22:13:00,71.31,2.574,5.887,0
2026-03-06 22:14:00,71.47,2.602,6.054,0
2026-03-06 22:15:00,70.38,2.541,5.928,0
2026-03-06 22:16:00,71.64,2.898,5.78,0
2026-03-06 22:17:00,71.39,2.521,5.907,0
2026-03-06 22:18:00,71.31,2.79,5.887,0
2026-03-06 22:19:00,71.75,2.672,5.942,0
2026-03-06 22:20:00,72.01,2.739,5.909,0
2026-03-06 22:21:00,71.82,2.554,5.86,0
2026-03-06 22:22:00,71.73,3.006,6.157,0
2026-03-06 22:23:00,70.72,2.506,5.899,0
2026-03-06 22:24:00,70.38,2.31,5.94,0
2026-03-06 22:25:00,70.77,2.386,5.848,0
2026-03-06 22:26:00,70.42,2.802,5.848,0
2026-03-06 22:27:00,71.13,2.663,5.926,0
2026-03-06 22:28:00,71.54,2.55,5.931,0
2026-03-06 22:29:00,70.61,2.84,6.027,0
2026-03-06 22:30:00,70.38,2.5,5.857,0
2026-03-06 22:31:00,70.81,2.545,6.143,0
2026-03-06 22:32:00,70.33,2.714,5.937,0
2026-03-06 22:33:00,71.32,2.7,5.771,0
2026-03-06 22:34:00,70.82,2.53,5.661,0
2026-03-06 22:35:00,71.82,3.086,6.039,0
2026-03-06 22:36:00,71.51,2.639,5.911,0
2026-03-06 22:37:00,71.94,2.856,5.845,0
2026-03-06 22:38:00,71.88,2.183,5.8,0
2026-03-06 22:39:00,72.54,2.29,5.818,0
2026-03-06 22:40:00,72.3,2.464,6.068,0
2026-03-06 22:41:00,71.76,2.617,5.861,0
2026-03-06 22:42:00,71.2,2.556,5.994,0
2026-03-06 22:43:00,72.15,2.693,5.935,0
2026-03-06 22:44:00,72.36,2.428,6.115,0
2026-03-06 22:45:00,71.47,2.822,5.921,0
2026-03-06 22:46:00,71.2,2.474,5.876,0
2026-03-06 22:47:00,70.81,2.725,5.844,0
2026-03-06 22:48:00,71.64,3.229,5.974,0
2026-03-06 22:49:00,71.6,2.566,5.971,0
2026-03-06 22:50:00,71.3,2.839,5.844,0
2026-03-06 22:51:00,71.2,2.427,6.096,0
2026-03-06 22:52:00,71.77,2.276,5.833,0
2026-03-06 22:53:00,71.52,2.749,5.884,0
2026-03-06 22:54:00,71.06,2.806,5.946,0
2026-03-06 22:55:00,71.53,3.215,5.978,0
2026-03-06 22:56:00,71.12,2.429,5.921,0
2026-03-06 22:57:00,71.32,2.529,5.827,0
2026-03-06 22:58:00,71.34,2.522,5.781,0
2026-03-06 22:59:00,70.78,2.655,5.855,0
2026-03-06 23:00:00,71.1,2.499,5.93,0
2026-03-06 23:01:00,71.43,2.55,5.646,0
2026-03-06 23:02:00,71.31,2.496,6.022,0
2026-03-06 23:03:00,72.41,2.458,5.737,0
2026-03-06 23:04:00,71.93,2.847,5.942,0
2026-03-06 23:05:00,71.4,2.915,5.792,0
2026-03-06 23:06:00,71.82,2.667,5.907,0
2026-03-06 23:07:00,71.27,2.526,5.721,0
2026-03-06 23:08:00,71.13,2.419,5.808,0
2026-03-06 23:09:00,70.95,2.688,5.93,0
2026-03-06 23:10:00,71.34,2.67,5.865,0
2026-03-06 23:11:00,70.73,2.686,5.899,0
2026-03-06 23:12:00,70.89,2.504,5.829,0
2026-03-06 23:13:00,71.1,2.616,5.832,0
2026-03-06 23:14:00,71.45,2.575,6.103,0
2026-03-06 23:15:00,70.59,2.722,6.093,0
2026-03-06 23:16:00,70.49,2.251,5.967,0
2026-03-06 23:17:00,70.42,2.533,6.007,0
2026-03-06 23:18:00,70.68,2.561,5.949,0
2026-03-06 23:19:00,70.88,2.812,5.937,0
2026-03-06 23:20:00,71.03,2.841,5.901,0
2026-03-06 23:21:00,71.39,2.589,5.791,0
2026-03-06 23:22:00,71.17,2.448,5.951,0
2026-03-06 23:23:00,70.22,2.714,5.852,0
2026-03-06 23:24:00,70.52,2.262,6.03,0
2026-03-06 23:25:00,70.88,2.322,5.879,0
2026-03-06 23:26:00,70.71,2.326,5.945,0
2026-03-06 23:27:00,69.9,2.536,6.043,0
2026-03-06 23:28:00,70.61,2.702,5.822,0
2026-03-06 23:29:00,70.0,2.676,5.919,0
2026-03-06 23:30:00,70.04,2.867,5.882,0
2026-03-06 23:31:00,70.46,2.612,5.852,0
2026-03-06 23:32:00,70.85,2.957,5.925,0
2026-03-06 23:33:00,71.34,3.113,5.692,0
2026-03-06 23:34:00,71.44,2.668,5.824,0
2026-03-06 23:35:00,71.34,2.858,5.875,0
2026-03-06 23:36:00,70.38,2.643,5.805,0
2026-03-06 23:37:00,70.35,2.735,5.733,0
2026-03-06 23:38:00,69.54,2.716,5.948,0
2026-03-06 23:39:00,69.27,2.648,5.864,0
2026-03-06 23:40:00,69.59,2.694,5.966,0
2026-03-06 23:41:00,68.94,2.215,5.774,0
2026-03-06 23:42:00,69.35,2.423,5.845,0
2026-03-06 23:43:00,70.08,2.434,5.925,0
2026-03-06 23:44:00,70.19,2.604,5.835,0
2026-03-06 23:45:00,69.7,2.736,5.914,0
2026-03-06 23:46:00,69.77,2.722,6.033,0
2026-03-06 23:47:00,70.2,2.756,5.936,0
2026-03-06 23:48:00,69.84,2.472,5.818,0
2026-03-06 23:49:00,69.83,2.893,5.758,0
2026-03-06 23:50:00,69.7,2.54,5.637,0
2026-03-06 23:51:00,69.79,2.631,5.726,0
2026-03-06 23:52:00,69.99,2.493,5.938,0
2026-03-06 23:53:00,69.5,3.108,5.875,0
2026-03-06 23:54:00,69.04,2.142,5.898,0
2026-03-06 23:55:00,70.58,2.736,6.004,0
2026-03-06 23:56:00,69.61,2.65,5.854,0
2026-03-06 23:57:00,69.64,2.657,6.004,0
2026-03-06 23:58:00,68.99,2.278,5.839,0
2026-03-06 23:59:00,69.16,2.982,5.917,0
2026-03-07 00:00:00,70.34,2.678,5.893,0
2026-03-07 00:01:00,69.24,2.355,5.719,0
2026-03-07 00:02:00,69.34,2.469,5.836,0
2026-03-07 00:03:00,70.54,2.611,6.098,0
2026-03-07 00:04:00,70.57,2.305,5.981,0
2026-03-07 00:05:00,69.93,2.45,5.88,0
2026-03-07 00:06:00,70.79,2.755,5.868,0
2026-03-07 00:07:00,70.72,2.583,5.893,0
2026-03-07 00:08:00,71.01,2.57,5.855,0
2026-03-07 00:09:00,70.95,2.494,5.69,0
2026-03-07 00:10:00,70.67,2.432,6.062,0
2026-03-07 00:11:00,71.16,2.885,5.858,0
2026-03-07 00:12:00,71.02,2.402,5.726,0
2026-03-07 00:13:00,70.71,2.655,5.772,0
2026-03-07 00:14:00,71.03,2.502,5.874,0
2026-03-07 00:15:00,70.59,3.578,5.882,0
2026-03-07 00:16:00,70.77,2.614,5.91,0
2026-03-07 00:17:00,70.17,2.863,5.77,0
2026-03-07 00:18:00,70.49,2.569,5.792,0
2026-03-07 00:19:00,70.28,2.177,5.903,0
2026-03-07 00:20:00,71.1,2.416,5.969,0
2026-03-07 00:21:00,71.61,2.827,5.828,0
2026-03-07 00:22:00,70.82,2.424,5.903,0
2026-03-07 00:23:00,70.96,2.722,6.025,0
2026-03-07 00:24:00,70.3,2.29,5.79,0
2026-03-07 00:25:00,70.27,2.372,5.929,0
2026-03-07 00:26:00,70.41,2.332,5.976,0
2026-03-07 00:27:00,70.39,2.483,5.813,0
2026-03-07 00:28:00,70.2,2.607,5.719,0
2026-03-07 00:29:00,69.11,2.58,5.836,0
2026-03-07 00:30:00,69.44,2.439,5.814,0
2026-03-07 00:31:00,69.11,2.705,5.966,0
2026-03-07 00:32:00,69.48,2.443,5.777,0
2026-03-07 00:33:00,69.38,2.489,5.804,0
2026-03-07 00:34:00,69.18,2.375,5.745,0
2026-03-07 00:35:00,70.4,2.399,5.927,0
2026-03-07 00:36:00,71.0,2.805,5.966,0
2026-03-07 00:37:00,70.44,2.311,5.933,0
2026-03-07 00:38:00,70.73,2.438,5.758,0
2026-03-07 00:39:00,70.56,2.57,5.88,0
2026-03-07 00:40:00,70.57,2.372,5.896,0
2026-03-07 00:41:00,69.73,3.153,5.862,0
2026-03-07 00:42:00,70.05,2.427,5.939,0
2026-03-07 00:43:00,70.09,2.631,5.927,0
2026-03-07 00:44:00,70.66,2.88,5.843,0
2026-03-07 00:45:00,70.52,2.843,5.967,0
2026-03-07 00:46:00,71.23,2.656,5.792,0
2026-03-07 00:47:00,70.75,2.554,5.897,0
2026-03-07 00:48:00,71.13,2.696,5.91,0
2026-03-07 00:49:00,71.33,2.358,5.884,0
2026-03-07 00:50:00,71.25,2.704,5.837,0
2026-03-07 00:51:00,71.49,2.699,5.99,0
2026-03-07 00:52:00,70.26,2.468,5.732,0
2026-03-07 00:53:00,71.43,2.568,5.973,0
2026-03-07 00:54:00,71.51,2.793,5.721,0
2026-03-07 00:55:00,71.22,3.076,6.041,0
2026-03-07 00:56:00,70.94,3.047,5.832,0
2026-03-07 00:57:00,70.89,2.393,5.929,0
2026-03-07 00:58:00,70.08,2.423,5.668,0
2026-03-07 00:59:00,70.3,2.809,5.69,0
2026-03-07 01:00:00,69.56,2.397,5.834,0
2026-03-07 01:01:00,69.24,2.476,5.664,0
2026-03-07 01:02:00,68.48,2.408,5.964,0
2026-03-07 01:03:00,68.63,2.499,5.829,0
2026-03-07 01:04:00,68.09,2.445,5.809,0
2026-03-07 01:05:00,68.45,2.517,5.897,0
2026-03-07 01:06:00,68.83,2.603,5.771,0
2026-03-07 01:07:00,69.25,2.552,5.786,0
2026-03-07 01:08:00,68.76,2.616,5.798,0
2026-03-07 01:09:00,68.73,2.834,5.952,0
2026-03-07 01:10:00,68.79,2.749,5.832,0
2026-03-07 01:11:00,68.61,2.474,5.86,0
2026-03-07 01:12:00,68.84,2.93,6.002,0
2026-03-07 01:13:00,69.57,2.787,5.995,0
2026-03-07 01:14:00,69.72,2.518,6.15,0
2026-03-07 01:15:00,70.21,2.833,6.068,0
2026-03-07 01:16:00,70.1,3.054,5.954,0
2026-03-07 01:17:00,69.23,2.297,5.974,0
2026-03-07 01:18:00,70.64,2.418,6.13,0
2026-03-07 01:19:00,70.44,2.899,5.918,0
2026-03-07 01:20:00,71.36,2.897,6.052,0
2026-03-07 01:21:00,71.31,2.752,6.117,0
2026-03-07 01:22:00,71.32,2.966,6.201,0
2026-03-07 01:23:00,71.54,3.124,6.059,0
2026-03-07 01:24:00,71.75,3.127,6.129,0
2026-03-07 01:25:00,72.15,2.72,6.13,0
2026-03-07 01:26:00,72.39,3.358,5.999,0
2026-03-07 01:27:00,73.13,2.978,6.157,0
2026-03-07 01:28:00,73.36,3.428,6.034,0
2026-03-07 01:29:00,72.61,2.704,5.91,0
2026-03-07 01:30:00,73.48,2.973,5.897,0
2026-03-07 01:31:00,73.41,3.116,6.007,0
2026-03-07 01:32:00,73.9,2.882,5.963,0
2026-03-07 01:33:00,73.28,3.17,6.073,0
2026-03-07 01:34:00,73.04,2.781,5.933,0
2026-03-07 01:35:00,73.45,2.739,6.193,0
2026-03-07 01:36:00,72.59,2.937,6.036,0
2026-03-07 01:37:00,72.68,3.157,6.255,0
2026-03-07 01:38:00,72.87,2.627,6.049,0
2026-03-07 01:39:00,73.7,3.136,6.277,0
2026-03-07 01:40:00,73.6,2.959,6.022,0
2026-03-07 01:41:00,73.61,2.65,6.143,0
2026-03-07 01:42:00,73.68,2.592,6.28,0
2026-03-07 01:43:00,73.53,2.663,5.811,0
2026-03-07 01:44:00,73.21,2.868,5.946,0
2026-03-07 01:45:00,72.81,2.745,5.99,0
2026-03-07 01:46:00,72.8,2.847,5.969,0
2026-03-07 01:47:00,72.3,2.353,5.99,0
2026-03-07 01:48:00,71.66,2.987,6.104,0
2026-03-07 01:49:00,72.07,2.501,6.027,0
2026-03-07 01:50:00,72.55,2.74,5.856,0
2026-03-07 01:51:00,72.14,2.689,6.015,0
2026-03-07 01:52:00,72.47,2.731,5.804,0
2026-03-07 01:53:00,72.67,2.434,6.106,0
2026-03-07 01:54:00,72.56,2.721,6.088,0
2026-03-07 01:55:00,72.52,3.003,5.873,0
2026-03-07 01:56:00,72.42,2.803,5.949,0
2026-03-07 01:57:00,72.19,2.602,5.881,0
2026-03-07 01:58:00,72.5,2.708,6.105,0
2026-03-07 01:59:00,72.58,2.903,6.132,0
2026-03-07 02:00:00,72.22,2.586,6.126,0
2026-03-07 02:01:00,72.44,2.859,5.768,0
2026-03-07 02:02:00,72.55,2.746,5.899,0
2026-03-07 02:03:00,72.41,3.022,5.942,0
2026-03-07 02:04:00,72.39,2.993,5.949,0
2026-03-07 02:05:00,72.11,3.08,5.935,0
2026-03-07 02:06:00,72.18,2.777,5.888,0
2026-03-07 02:07:00,72.57,3.195,5.964,1
2026-03-07 02:08:00,72.75,2.555,6.118,0
2026-03-07 02:09:00,71.99,2.767,5.808,0
2026-03-07 02:10:00,71.67,3.649,5.877,0
2026-03-07 02:11:00,71.63,2.45,5.948,0
2026-03-07 02:12:00,70.58,2.581,6.039,0
2026-03-07 02:13:00,70.62,2.409,6.009,0
2026-03-07 02:14:00,70.62,2.34,6.104,0
2026-03-07 02:15:00,71.12,2.959,6.137,0
2026-03-07 02:16:00,71.64,2.869,5.706,0
2026-03-07 02:17:00,71.88,2.391,5.888,0
2026-03-07 02:18:00,71.16,2.853,5.883,0
2026-03-07 02:19:00,71.41,2.504,5.996,0
2026-03-07 02:20:00,72.04,2.357,5.988,0
2026-03-07 02:21:00,71.08,2.832,5.788,0
2026-03-07 02:22:00,71.5,2.944,5.847,0
2026-03-07 02:23:00,71.27,2.586,5.823,0
2026-03-07 02:24:00,70.13,2.486,5.899,0
2026-03-07 02:25:00,70.6,2.495,6.075,0
2026-03-07 02:26:00,70.79,2.72,5.886,0
2026-03-07 02:27:00,70.7,2.404,5.821,0
2026-03-07 02:28:00,71.13,3.032,5.895,0
2026-03-07 02:29:00,70.95,2.343,5.875,0
2026-03-07 02:30:00,71.45,2.544,6.033,0
2026-03-07 02:31:00,71.42,2.915,5.792,0
2026-03-07 02:32:00,71.36,2.741,5.707,0
2026-03-07 02:33:00,70.33,2.362,5.741,0
2026-03-07 02:34:00,69.23,2.769,5.843,0
2026-03-07 02:35:00,69.55,2.669,5.687,0
2026-03-07 02:36:00,69.33,2.895,5.883,0
2026-03-07 02:37:00,69.68,2.79,5.784,0
2026-03-07 02:38:00,68.66,2.61,5.751,0
2026-03-07 02:39:00,69.28,2.286,5.88,0
2026-03-07 02:40:00,69.04,2.797,5.965,0
2026-03-07 02:41:00,68.67,2.772,6.041,0
2026-03-07 02:42:00,69.45,2.572,6.006,0
2026-03-07 02:43:00,68.63,2.648,5.722,0
2026-03-07 02:44:00,69.06,2.578,5.889,0
2026-03-07 02:45:00,68.64,2.66,5.896,0
2026-03-07 02:46:00,69.6,2.885,5.942,0
2026-03-07 02:47:00,69.91,2.822,5.859,0
2026-03-07 02:48:00,68.76,2.611,6.023,0
2026-03-07 02:49:00,69.41,2.794,5.855,0
2026-03-07 02:50:00,69.61,2.496,5.971,0
2026-03-07 02:51:00,69.15,2.548,5.97,0
2026-03-07 02:52:00,69.66,2.702,5.868,0
2026-03-07 02:53:00,69.94,2.597,6.088,0
2026-03-07 02:54:00,69.89,2.74,6.083,0
2026-03-07 02:55:00,70.07,2.672,6.283,0
2026-03-07 02:56:00,70.17,2.995,5.771,0
2026-03-07 02:57:00,70.76,2.975,5.941,0
2026-03-07 02:58:00,70.8,2.582,5.912,0
2026-03-07 02:59:00,70.97,2.755,6.196,0
2026-03-07 03:00:00,71.29,3.032,6.168,0
2026-03-07 03:01:00,72.06,2.658,6.198,0
2026-03-07 03:02:00,71.97,2.74,6.039,0
2026-03-07 03:03:00,71.73,2.519,6.102,0
2026-03-07 03:04:00,71.65,3.073,6.094,0
2026-03-07 03:05:00,71.82,2.61,6.078,0
2026-03-07 03:06:00,72.42,2.869,6.086,0
2026-03-07 03:07:00,73.16,2.749,6.08,0
2026-03-07 03:08:00,73.35,2.953,5.994,0
2026-03-07 03:09:00,73.2,2.767,6.169,0
2026-03-07 03:10:00,73.19,3.136,6.092,1
2026-03-07 03:11:00,72.53,3.036,5.965,0
2026-03-07 03:12:00,73.19,2.872,6.016,0
2026-03-07 03:13:00,73.45,3.014,5.967,0
2026-03-07 03:14:00,74.04,2.767,6.107,0
2026-03-07 03:15:00,73.51,2.803,6.114,0
2026-03-07 03:16:00,73.71,3.474,6.039,0
2026-03-07 03:17:00,73.25,2.722,6.138,0
2026-03-07 03:18:00,73.5,2.879,6.213,0
2026-03-07 03:19:00,73.35,3.183,6.082,0
2026-03-07 03:20:00,72.41,3.014,6.041,0
2026-03-07 03:21:00,72.37,2.911,6.152,0
2026-03-07 03:22:00,72.3,3.058,5.927,0
2026-03-07 03:23:00,72.59,2.46,5.999,0
2026-03-07 03:24:00,72.36,3.276,5.918,0
2026-03-07 03:25:00,72.57,2.885,6.327,0
2026-03-07 03:26:00,72.82,2.636,6.154,0
2026-03-07 03:27:00,73.83,2.586,6.063,0
2026-03-07 03:28:00,73.68,2.714,6.222,0
2026-03-07 03:29:00,73.32,3.115,6.169,0
2026-03-07 03:30:00,73.97,3.008,6.21,0
2026-03-07 03:31:00,73.35,2.716,6.089,0
2026-03-07 03:32:00,73.65,3.052,6.167,0
2026-03-07 03:33:00,73.73,2.926,5.965,0
2026-03-07 03:34:00,74.24,3.256,6.097,0
2026-03-07 03:35:00,73.12,2.952,5.983,0
2026-03-07 03:36:00,72.53,3.114,5.946,0
2026-03-07 03:37:00,73.08,2.917,6.165,0
2026-03-07 03:38:00,72.69,2.86,6.028,0
2026-03-07 03:39:00,72.0,2.894,5.867,0
2026-03-07 03:40:00,72.33,3.126,5.974,0
2026-03-07 03:41:00,72.13,2.58,6.024,0
2026-03-07 03:42:00,71.62,2.356,5.978,0
2026-03-07 03:43:00,70.94,2.734,6.051,0
2026-03-07 03:44:00,71.34,2.508,5.857,0
2026-03-07 03:45:00,72.08,2.529,6.008,0
2026-03-07 03:46:00,71.42,2.827,6.061,0
2026-03-07 03:47:00,72.17,2.924,5.931,0
2026-03-07 03:48:00,72.15,2.863,6.115,0
2026-03-07 03:49:00,71.88,2.534,5.825,0
2026-03-07 03:50:00,71.81,2.557,5.915,0
2026-03-07 03:51:00,71.56,2.745,6.166,0
2026-03-07 03:52:00,72.32,2.824,5.949,0
2026-03-07 03:53:00,72.1,2.984,6.092,0
2026-03-07 03:54:00,72.37,2.792,6.005,0
2026-03-07 03:55:00,71.93,2.693,5.972,0
2026-03-07 03:56:00,71.83,2.776,6.153,0
2026-03-07 03:57:00,71.54,2.473,5.991,0
2026-03-07 03:58:00,71.27,2.844,6.143,0
2026-03-07 03:59:00,71.83,2.836,6.196,0
2026-03-07 04:00:00,71.37,2.933,6.058,0
2026-03-07 04:01:00,71.16,2.828,6.077,0
2026-03-07 04:02:00,71.37,2.627,6.114,0
2026-03-07 04:03:00,71.89,2.961,5.93,0
2026-03-07 04:04:00,72.1,2.972,5.936,0
2026-03-07 04:05:00,71.68,2.519,5.978,0
2026-03-07 04:06:00,72.07,3.026,5.967,0
2026-03-07 04:07:00,71.97,2.655,6.034,0
2026-03-07 04:08:00,72.12,2.908,5.927,0
2026-03-07 04:09:00,72.03,2.838,6.103,0
2026-03-07 04:10:00,72.55,2.588,6.259,0
2026-03-07 04:11:00,71.85,2.879,6.061,0
2026-03-07 04:12:00,73.04,2.737,6.016,0
2026-03-07 04:13:00,73.18,2.738,6.113,0
2026-03-07 04:14:00,73.08,2.797,5.922,0
2026-03-07 04:15:00,73.16,2.659,6.065,0
2026-03-07 04:16:00,72.65,2.841,5.992,0
2026-03-07 04:17:00,71.53,2.658,6.003,0
2026-03-07 04:18:00,72.06,2.357,5.877,0
2026-03-07 04:19:00,72.03,2.725,5.814,0
2026-03-07 04:20:00,71.34,2.882,5.917,0
2026-03-07 04:21:00,71.98,2.833,6.035,0
2026-03-07 04:22:00,72.28,2.641,5.914,0
2026-03-07 04:23:00,72.37,2.797,5.891,0
2026-03-07 04:24:00,72.75,3.066,5.912,0
2026-03-07 04:25:00,71.84,2.663,6.07,0
2026-03-07 04:26:00,71.73,2.856,5.9,0
2026-03-07 04:27:00,72.21,2.854,5.859,0
2026-03-07 04:28:00,71.47,2.909,5.966,0
2026-03-07 04:29:00,71.72,2.795,5.943,0
2026-03-07 04:30:00,71.93,2.561,5.82,0
2026-03-07 04:31:00,71.35,2.738,5.803,0
2026-03-07 04:32:00,71.24,2.663,5.903,0
2026-03-07 04:33:00,71.69,2.943,5.902,0
2026-03-07 04:34:00,70.87,2.503,5.96,0
2026-03-07 04:35:00,71.28,2.824,5.996,0
2026-03-07 04:36:00,71.55,2.864,6.07,0
2026-03-07 04:37:00,72.49,2.65,6.165,0
2026-03-07 04:38:00,71.45,2.548,5.967,0
2026-03-07 04:39:00,71.51,3.048,6.007,0
2026-03-07 04:40:00,71.38,2.52,6.025,0
2026-03-07 04:41:00,71.44,2.52,6.114,0
2026-03-07 04:42:00,72.17,2.946,6.05,0
2026-03-07 04:43:00,72.25,2.805,6.031,0
2026-03-07 04:44:00,71.45,2.825,6.029,0
2026-03-07 04:45:00,72.81,3.019,6.064,0
2026-03-07 04:46:00,72.99,2.806,6.063,0
2026-03-07 04:47:00,73.64,3.266,6.297,0
2026-03-07 04:48:00,73.79,3.0,6.277,0
2026-03-07 04:49:00,74.51,2.654,6.089,0
2026-03-07 04:50:00,75.31,3.453,6.081,0
2026-03-07 04:51:00,75.44,2.971,6.269,0
2026-03-07 04:52:00,75.87,3.031,6.108,0
2026-03-07 04:53:00,75.93,3.145,6.31,1
2026-03-07 04:54:00,75.35,3.092,6.177,0
2026-03-07 04:55:00,76.54,3.026,6.123,0
2026-03-07 04:56:00,76.81,2.935,6.289,0
2026-03-07 04:57:00,77.0,3.074,6.273,0
2026-03-07 04:58:00,77.19,2.858,6.258,0
2026-03-07 04:59:00,77.02,2.709,6.084,0
2026-03-07 05:00:00,76.94,3.393,6.211,0
2026-03-07 05:01:00,76.02,3.039,6.291,0
2026-03-07 05:02:00,75.73,3.158,6.226,0
2026-03-07 05:03:00,76.44,3.116,6.282,0
2026-03-07 05:04:00,75.08,3.072,6.171,0
2026-03-07 05:05:00,75.48,2.966,6.106,0
2026-03-07 05:06:00,75.14,3.327,6.168,0
2026-03-07 05:07:00,75.25,3.323,6.458,0
2026-03-07 05:08:00,75.43,3.23,6.119,0
2026-03-07 05:09:00,74.67,2.979,6.197,0
2026-03-07 05:10:00,74.63,2.791,6.171,0
2026-03-07 05:11:00,74.79,3.207,6.135,0
2026-03-07 05:12:00,73.96,3.148,6.035,0
2026-03-07 05:13:00,73.68,3.032,6.233,0
2026-03-07 05:14:00,73.37,3.018,6.183,0
2026-03-07 05:15:00,73.72,2.678,5.803,0
2026-03-07 05:16:00,73.11,3.072,6.048,0
2026-03-07 05:17:00,73.11,2.892,6.056,0
2026-03-07 05:18:00,73.16,2.423,6.106,0
2026-03-07 05:19:00,73.15,2.976,5.996,0
2026-03-07 05:20:00,72.75,3.069,6.02,0
2026-03-07 05:21:00,72.33,2.359,5.927,0
2026-03-07 05:22:00,71.95,2.795,5.86,0
2026-03-07 05:23:00,72.65,2.468,5.785,0
2026-03-07 05:24:00,72.29,2.786,6.076,0
2026-03-07 05:25:00,72.85,2.558,5.727,0
2026-03-07 05:26:00,72.17,2.865,5.888,0
2026-03-07 05:27:00,72.42,2.974,5.989,0
2026-03-07 05:28:00,72.52,2.816,5.891,0
2026-03-07 05:29:00,72.41,2.748,6.158,0
2026-03-07 05:30:00,72.27,3.103,5.995,0
2026-03-07 05:31:00,71.97,2.747,5.962,0
2026-03-07 05:32:00,72.42,2.609,6.011,0
2026-03-07 05:33:00,71.94,2.619,6.058,0
2026-03-07 05:34:00,71.72,3.125,6.132,0
2026-03-07 05:35:00,71.53,2.678,6.119,0
2026-03-07 05:36:00,71.77,2.818,6.094,0
2026-03-07 05:37:00,72.22,2.636,5.843,0
2026-03-07 05:38:00,72.1,2.533,5.846,0
2026-03-07 05:39:00,71.85,3.091,6.014,0
2026-03-07 05:40:00,72.27,2.889,6.031,0
2026-03-07 05:41:00,72.49,2.471,5.863,0
2026-03-07 05:42:00,72.15,2.753,6.032,0
2026-03-07 05:43:00,71.54,2.967,5.887,0
2026-03-07 05:44:00,71.2,2.759,5.956,0
2026-03-07 05:45:00,71.37,2.984,5.936,0
2026-03-07 05:46:00,70.92,2.746,5.953,0
2026-03-07 05:47:00,71.64,2.768,5.982,0
2026-03-07 05:48:00,71.71,2.817,5.931,0
2026-03-07 05:49:00,72.42,2.707,6.044,0
2026-03-07 05:50:00,71.76,2.788,5.973,0
2026-03-07 05:51:00,72.43,2.699,5.969,0
2026-03-07 05:52:00,72.72,2.574,6.049,0
2026-03-07 05:53:00,72.64,2.714,5.867,0
2026-03-07 05:54:00,72.84,2.835,5.822,0
2026-03-07 05:55:00,73.01,2.536,6.093,0
2026-03-07 05:56:00,73.31,2.399,5.739,0
2026-03-07 05:57:00,72.42,2.848,5.869,0
2026-03-07 05:58:00,73.4,2.533,6.155,0
2026-03-07 05:59:00,73.4,3.231,6.027,0
2026-03-07 06:00:00,72.75,2.874,5.947,0
2026-03-07 06:01:00,73.12,2.75,6.022,0
2026-03-07 06:02:00,72.54,2.877,6.14,0
2026-03-07 06:03:00,73.19,3.149,6.038,0
2026-03-07 06:04:00,73.29,3.245,6.11,0
2026-03-07 06:05:00,73.02,2.845,6.102,0
2026-03-07 06:06:00,71.98,2.976,5.842,0
2026-03-07 06:07:00,72.36,2.695,5.984,0
2026-03-07 06:08:00,71.97,3.126,6.136,0
2026-03-07 06:09:00,71.64,2.77,6.112,0
2026-03-07 06:10:00,72.27,3.03,6.008,0
2026-03-07 06:11:00,72.4,3.084,6.127,0
2026-03-07 06:12:00,72.04,2.601,6.041,0
2026-03-07 06:13:00,72.27,2.714,6.098,0
2026-03-07 06:14:00,72.52,3.059,5.977,0
2026-03-07 06:15:00,73.33,3.048,5.96,0
2026-03-07 06:16:00,72.43,2.611,5.932,0
2026-03-07 06:17:00,72.74,2.904,5.89,0
2026-03-07 06:18:00,72.48,3.213,6.099,0
2026-03-07 06:19:00,71.66,2.962,6.021,0
2026-03-07 06:20:00,71.8,2.724,5.921,0
2026-03-07 06:21:00,71.93,2.857,6.111,0
2026-03-07 06:22:00,71.76,2.837,6.002,0
2026-03-07 06:23:00,72.67,3.039,6.011,0
2026-03-07 06:24:00,71.83,3.058,6.039,0
2026-03-07 06:25:00,71.91,2.905,5.996,0
2026-03-07 06:26:00,71.98,2.745,5.826,0
2026-03-07 06:27:00,71.86,3.073,6.111,0
2026-03-07 06:28:00,71.43,2.698,5.939,0
2026-03-07 06:29:00,72.08,2.502,5.789,0
2026-03-07 06:30:00,72.65,2.578,6.024,0
2026-03-07 06:31:00,73.09,2.68,5.92,0
2026-03-07 06:32:00,72.99,2.62,6.072,0
2026-03-07 06:33:00,73.29,3.239,6.089,0
2026-03-07 06:34:00,73.24,2.754,5.832,0
2026-03-07 06:35:00,73.72,2.808,5.837,0
2026-03-07 06:36:00,72.99,3.064,5.911,0
2026-03-07 06:37:00,72.91,2.762,6.02,0
2026-03-07 06:38:00,73.28,3.06,6.274,0
2026-03-07 06:39:00,72.71,3.079,5.864,0
2026-03-07 06:40:00,73.35,2.703,6.148,0
2026-03-07 06:41:00,72.32,2.948,5.902,0
2026-03-07 06:42:00,72.72,3.101,5.841,0
2026-03-07 06:43:00,73.22,2.822,5.927,0
2026-03-07 06:44:00,72.79,2.584,6.125,0
2026-03-07 06:45:00,73.18,3.088,6.0,0
2026-03-07 06:46:00,73.74,2.986,5.99,0
2026-03-07 06:47:00,73.28,3.192,6.113,0
2026-03-07 06:48:00,73.78,3.103,6.119,0
2026-03-07 06:49:00,73.54,2.715,6.174,0
2026-03-07 06:50:00,73.95,2.835,5.932,0
2026-03-07 06:51:00,74.03,3.083,6.123,0
2026-03-07 06:52:00,73.98,2.963,5.885,0
2026-03-07 06:53:00,74.05,3.036,6.071,0
2026-03-07 06:54:00,73.09,2.935,5.862,0
2026-03-07 06:55:00,73.97,2.361,5.983,0
2026-03-07 06:56:00,74.06,2.818,5.937,0
2026-03-07 06:57:00,73.88,3.037,6.165,0
2026-03-07 06:58:00,74.06,2.703,5.881,0
2026-03-07 06:59:00,73.7,2.954,5.977,0
2026-03-07 07:00:00,73.73,2.866,6.036,0
2026-03-07 07:01:00,72.76,2.782,5.913,0
2026-03-07 07:02:00,72.06,2.911,5.787,0
2026-03-07 07:03:00,71.73,3.121,5.932,0
2026-03-07 07:04:00,72.24,2.989,5.784,0
2026-03-07 07:05:00,71.88,2.678,6.048,0
2026-03-07 07:06:00,72.01,2.514,5.928,0
2026-03-07 07:07:00,71.25,3.151,5.955,0
2026-03-07 07:08:00,71.75,3.148,6.148,0
2026-03-07 07:09:00,71.69,3.258,5.968,0
2026-03-07 07:10:00,72.05,2.683,5.769,0
2026-03-07 07:11:00,71.9,2.882,5.905,0
2026-03-07 07:12:00,71.84,2.398,5.84,0
2026-03-07 07:13:00,71.2,2.491,5.926,0
2026-03-07 07:14:00,71.34,2.513,5.785,0
2026-03-07 07:15:00,71.99,2.629,5.922,0
2026-03-07 07:16:00,71.82,2.852,5.936,0
2026-03-07 07:17:00,71.83,2.772,6.043,0
2026-03-07 07:18:00,71.59,2.665,5.891,0
2026-03-07 07:19:00,71.89,2.444,5.918,0
2026-03-07 07:20:00,72.2,2.333,5.849,0
2026-03-07 07:21:00,71.97,2.562,6.049,0
2026-03-07 07:22:00,71.5,2.572,5.83,0
2026-03-07 07:23:00,71.74,2.678,5.984,0
2026-03-07 07:24:00,72.02,2.923,5.91,0
2026-03-07 07:25:00,70.95,2.873,6.175,0
2026-03-07 07:26:00,71.75,3.175,5.92,0
2026-03-07 07:27:00,72.37,2.444,6.078,0
2026-03-07 07:28:00,72.23,2.847,5.94,0
2026-03-07 07:29:00,71.95,2.775,5.906,0
2026-03-07 07:30:00,72.24,2.606,5.947,0
2026-03-07 07:31:00,71.35,2.806,5.856,0
2026-03-07 07:32:00,71.44,2.659,5.997,0
2026-03-07 07:33:00,70.84,2.93,5.841,0
2026-03-07 07:34:00,70.89,2.649,5.94,0
2026-03-07 07:35:00,70.98,2.442,5.775,0
2026-03-07 07:36:00,71.39,2.745,5.876,0
2026-03-07 07:37:00,71.2,2.529,5.863,0
2026-03-07 07:38:00,71.2,2.688,5.947,0
2026-03-07 07:39:00,71.1,2.425,5.751,0
2026-03-07 07:40:00,71.42,2.569,5.895,0
2026-03-07 07:41:00,71.26,2.704,5.993,0
2026-03-07 07:42:00,71.88,2.596,5.754,0
2026-03-07 07:43:00,71.38,2.149,5.917,0
2026-03-07 07:44:00,71.4,2.642,5.78,0
2026-03-07 07:45:00,71.62,2.246,5.902,0
2026-03-07 07:46:00,71.27,2.528,5.895,0
2026-03-07 07:47:00,71.85,2.691,5.744,0
2026-03-07 07:48:00,71.85,2.884,6.054,0
2026-03-07 07:49:00,72.21,2.909,5.904,0
2026-03-07 07:50:00,72.63,2.995,6.054,0
2026-03-07 07:51:00,72.38,2.961,5.924,0
2026-03-07 07:52:00,72.01,2.717,5.723,0
2026-03-07 07:53:00,72.52,2.615,5.871,0
2026-03-07 07:54:00,72.54,2.357,5.826,0
2026-03-07 07:55:00,73.03,2.824,6.144,0
2026-03-07 07:56:00,72.96,3.108,5.976,0
2026-03-07 07:57:00,72.6,2.609,6.009,0
2026-03-07 07:58:00,72.48,2.44,5.987,0
2026-03-07 07:59:00,73.33,2.699,6.068,0
2026-03-07 08:00:00,73.07,2.743,6.09,0
2026-03-07 08:01:00,73.92,2.855,6.007,0
2026-03-07 08:02:00,74.21,2.928,5.909,0
2026-03-07 08:03:00,73.96,3.091,6.013,0
2026-03-07 08:04:00,73.09,2.743,5.887,0
2026-03-07 08:05:00,73.14,2.549,5.824,0
2026-03-07 08:06:00,73.23,2.744,6.138,0
2026-03-07 08:07:00,72.11,2.847,5.992,0
2026-03-07 08:08:00,72.79,2.962,6.096,0
2026-03-07 08:09:00,72.42,3.004,5.965,1
2026-03-07 08:10:00,73.4,2.873,5.778,0
2026-03-07 08:11:00,73.33,2.728,5.949,0
2026-03-07 08:12:00,72.93,2.744,5.99,0
2026-03-07 08:13:00,73.28,2.596,5.897,0
2026-03-07 08:14:00,73.47,2.655,5.88,0
2026-03-07 08:15:00,73.11,2.811,5.958,0
2026-03-07 08:16:00,72.82,3.134,5.94,0
2026-03-07 08:17:00,73.63,3.157,5.955,0
2026-03-07 08:18:00,73.73,2.816,5.829,0
2026-03-07 08:19:00,74.81,2.798,6.049,0
2026-03-07 08:20:00,74.22,2.892,5.953,0
2026-03-07 08:21:00,74.49,2.681,5.854,0
2026-03-07 08:22:00,74.91,2.761,5.819,0
2026-03-07 08:23:00,74.86,2.904,6.032,0
2026-03-07 08:24:00,74.41,2.877,6.128,0
2026-03-07 08:25:00,75.06,3.05,5.974,0
2026-03-07 08:26:00,74.19,2.96,6.119,0
2026-03-07 08:27:00,74.15,2.983,5.967,0
2026-03-07 08:28:00,73.96,2.737,6.042,0
2026-03-07 08:29:00,75.16,3.019,6.081,0
2026-03-07 08:30:00,75.05,2.807,5.985,0
2026-03-07 08:31:00,74.0,2.711,5.857,0
2026-03-07 08:32:00,74.33,2.931,5.8,1
2026-03-07 08:33:00,73.89,2.895,5.913,0
2026-03-07 08:34:00,73.73,2.815,6.081,0
2026-03-07 08:35:00,73.47,2.752,5.97,0
2026-03-07 08:36:00,72.83,2.778,6.079,0
2026-03-07 08:37:00,73.18,2.934,6.041,0
2026-03-07 08:38:00,73.11,2.444,5.949,0
2026-03-07 08:39:00,72.69,2.669,5.998,0
2026-03-07 08:40:00,72.33,2.738,5.962,0
2026-03-07 08:41:00,72.13,2.73,5.883,0
2026-03-07 08:42:00,72.57,2.733,6.098,0
2026-03-07 08:43:00,72.57,2.832,5.942,0
2026-03-07 08:44:00,71.76,3.059,5.748,0
2026-03-07 08:45:00,72.23,2.516,5.974,0
2026-03-07 08:46:00,72.67,3.137,5.718,0
2026-03-07 08:47:00,72.2,2.845,5.841,0
2026-03-07 08:48:00,72.77,2.704,5.8,0
2026-03-07 08:49:00,72.57,3.166,5.712,0
2026-03-07 08:50:00,71.86,2.594,6.07,0
2026-03-07 08:51:00,72.35,2.49,5.956,0
2026-03-07 08:52:00,71.87,2.588,5.598,0
2026-03-07 08:53:00,72.39,2.687,5.936,0
2026-03-07 08:54:00,72.19,2.584,5.746,0
2026-03-07 08:55:00,71.92,2.382,5.741,0
2026-03-07 08:56:00,72.16,2.569,6.061,0
2026-03-07 08:57:00,71.69,3.117,5.856,0
2026-03-07 08:58:00,71.2,2.848,5.801,0
2026-03-07 08:59:00,71.88,3.122,5.978,0
2026-03-07 09:00:00,72.1,2.595,6.002,0
2026-03-07 09:01:00,71.61,2.876,6.022,0
2026-03-07 09:02:00,71.97,2.741,5.964,0
2026-03-07 09:03:00,71.69,2.977,5.956,0
2026-03-07 09:04:00,72.52,2.298,5.924,0
2026-03-07 09:05:00,72.0,2.757,5.916,0
2026-03-07 09:06:00,72.28,2.997,5.83,0
2026-03-07 09:07:00,72.8,3.091,5.826,0
2026-03-07 09:08:00,72.1,2.906,5.771,0
2026-03-07 09:09:00,72.75,3.116,5.956,0
2026-03-07 09:10:00,72.04,2.614,5.84,0
2026-03-07 09:11:00,72.33,2.871,5.889,0
2026-03-07 09:12:00,72.56,2.501,5.88,0
2026-03-07 09:13:00,72.23,2.734,5.796,0
2026-03-07 09:14:00,72.27,2.706,6.056,0
2026-03-07 09:15:00,72.29,2.639,5.986,0
2026-03-07 09:16:00,71.87,3.113,5.837,0
2026-03-07 09:17:00,72.04,2.631,5.714,0
2026-03-07 09:18:00,71.81,2.946,5.79,0
2026-03-07 09:19:00,72.65,2.988,5.884,0
2026-03-07 09:20:00,72.35,2.534,5.737,0
2026-03-07 09:21:00,72.91,2.859,5.819,0
2026-03-07 09:22:00,73.07,2.442,5.963,0
2026-03-07 09:23:00,72.23,2.583,5.957,0
2026-03-07 09:24:00,72.59,2.681,5.891,0
2026-03-07 09:25:00,71.91,2.811,5.9,0
2026-03-07 09:26:00,72.86,2.765,5.845,0
2026-03-07 09:27:00,71.69,2.752,5.95,0
2026-03-07 09:28:00,72.13,2.803,5.788,0
2026-03-07 09:29:00,71.89,2.809,5.69,0
2026-03-07 09:30:00,70.95,2.399,5.934,0
2026-03-07 09:31:00,71.27,2.755,5.794,0
2026-03-07 09:32:00,70.94,2.918,5.89,0
2026-03-07 09:33:00,71.2,2.837,6.03,0
2026-03-07 09:34:00,71.37,2.83,5.736,0
2026-03-07 09:35:00,71.01,2.499,5.95,0
2026-03-07 09:36:00,71.32,2.61,5.685,0
2026-03-07 09:37:00,70.86,2.806,6.025,0
2026-03-07 09:38:00,71.87,2.811,5.954,0
2026-03-07 09:39:00,71.5,2.844,5.972,1
2026-03-07 09:40:00,71.93,2.454,5.657,0
2026-03-07 09:41:00,72.06,2.539,5.826,0
2026-03-07 09:42:00,72.24,2.805,5.974,0
2026-03-07 09:43:00,72.73,2.649,5.756,0
2026-03-07 09:44:00,72.67,2.962,5.835,0
2026-03-07 09:45:00,72.84,2.775,5.836,0
2026-03-07 09:46:00,72.76,2.69,5.989,0
2026-03-07 09:47:00,72.55,2.817,5.824,0
2026-03-07 09:48:00,72.16,2.452,5.963,0
2026-03-07 09:49:00,72.63,2.677,5.948,0
2026-03-07 09:50:00,72.21,2.663,6.08,0
2026-03-07 09:51:00,72.88,2.45,5.806,0
2026-03-07 09:52:00,72.41,2.748,5.972,0
2026-03-07 09:53:00,71.65,2.915,5.846,0
2026-03-07 09:54:00,71.12,2.508,5.925,0
2026-03-07 09:55:00,71.58,2.931,5.998,0
2026-03-07 09:56:00,71.61,2.781,5.853,0
2026-03-07 09:57:00,70.84,2.635,5.952,0
2026-03-07 09:58:00,70.48,2.746,5.99,0
2026-03-07 09:59:00,70.11,2.724,5.877,0
2026-03-07 10:00:00,70.02,2.895,6.113,0
2026-03-07 10:01:00,70.6,2.639,5.874,0
2026-03-07 10:02:00,70.97,2.67,5.968,0
2026-03-07 10:03:00,71.35,2.616,6.013,0
2026-03-07 10:04:00,71.11,3.008,5.783,0
2026-03-07 10:05:00,71.16,2.741,6.06,0
2026-03-07 10:06:00,70.99,2.853,5.837,0
2026-03-07 10:07:00,70.27,2.906,6.086,0
2026-03-07 10:08:00,70.94,2.573,5.926,0
2026-03-07 10:09:00,71.17,2.851,5.901,0
2026-03-07 10:10:00,70.73,3.023,5.942,0
2026-03-07 10:11:00,71.57,2.642,6.131,0
2026-03-07 10:12:00,70.98,2.577,5.793,0
2026-03-07 10:13:00,71.03,2.75,5.912,0
2026-03-07 10:14:00,70.48,2.953,5.873,0
2026-03-07 10:15:00,70.76,2.546,5.967,0
2026-03-07 10:16:00,69.71,2.593,5.979,0
2026-03-07 10:17:00,70.31,2.682,5.908,0
2026-03-07 10:18:00,70.18,2.851,6.081,0
2026-03-07 10:19:00,70.37,2.8,5.964,0
2026-03-07 10:20:00,71.24,2.995,5.955,0
2026-03-07 10:21:00,71.61,2.779,5.898,0
2026-03-07 10:22:00,71.97,2.839,6.195,1
2026-03-07 10:23:00,71.95,2.681,5.888,0
2026-03-07 10:24:00,70.89,3.031,5.975,0
2026-03-07 10:25:00,72.15,2.667,6.006,0
2026-03-07 10:26:00,71.62,2.596,6.018,0
2026-03-07 10:27:00,71.61,2.789,5.966,0
2026-03-07 10:28:00,72.61,3.014,6.025,0
2026-03-07 10:29:00,72.08,2.571,6.092,0
2026-03-07 10:30:00,71.75,2.679,5.98,0
2026-03-07 10:31:00,71.53,2.957,6.165,1
2026-03-07 10:32:00,71.92,2.646,5.85,1
2026-03-07 10:33:00,71.9,2.667,5.687,0
2026-03-07 10:34:00,71.6,2.62,6.009,0
2026-03-07 10:35:00,72.13,2.808,5.848,0
2026-03-07 10:36:00,71.27,2.558,5.946,0
2026-03-07 10:37:00,71.33,2.802,6.099,0
2026-03-07 10:38:00,71.03,2.924,5.905,0
2026-03-07 10:39:00,71.02,2.384,5.86,0
2026-03-07 10:40:00,70.78,2.556,5.77,0
2026-03-07 10:41:00,70.87,2.884,5.787,0
2026-03-07 10:42:00,70.73,2.592,5.979,0
2026-03-07 10:43:00,70.7,2.706,5.87,0
2026-03-07 10:44:00,70.97,3.041,5.765,0
2026-03-07 10:45:00,70.65,2.55,5.875,0
2026-03-07 10:46:00,71.32,2.657,6.001,0
2026-03-07 10:47:00,71.55,2.754,6.013,0
2026-03-07 10:48:00,71.95,2.629,6.105,0
2026-03-07 10:49:00,70.79,2.619,5.885,0
2026-03-07 10:50:00,71.7,2.872,6.069,0
2026-03-07 10:51:00,71.6,2.927,6.141,0
2026-03-07 10:52:00,72.23,2.495,5.72,0
2026-03-07 10:53:00,72.52,2.667,6.006,0
2026-03-07 10:54:00,72.23,3.127,5.989,0
2026-03-07 10:55:00,71.54,2.771,5.892,0
2026-03-07 10:56:00,71.67,2.567,5.904,0
2026-03-07 10:57:00,71.8,2.653,5.972,0
2026-03-07 10:58:00,71.4,2.553,5.747,0
2026-03-07 10:59:00,72.32,3.049,5.788,0
2026-03-07 11:00:00,71.68,2.735,5.827,0
2026-03-07 11:01:00,71.26,2.591,5.826,0
2026-03-07 11:02:00,71.1,2.682,5.634,0
2026-03-07 11:03:00,71.27,2.434,6.112,0
2026-03-07 11:04:00,72.04,2.854,6.032,0
2026-03-07 11:05:00,72.01,2.687,5.93,0
2026-03-07 11:06:00,71.85,2.591,5.941,0
2026-03-07 11:07:00,70.32,2.617,5.822,0
2026-03-07 11:08:00,71.82,2.626,5.762,0
2026-03-07 11:09:00,71.83,3.054,5.918,0
2026-03-07 11:10:00,71.92,2.565,5.988,0
2026-03-07 11:11:00,71.6,2.359,5.832,0
2026-03-07 11:12:00,71.68,2.453,5.856,0
2026-03-07 11:13:00,71.82,2.716,5.671,0
2026-03-07 11:14:00,71.89,2.76,5.988,0
2026-03-07 11:15:00,71.47,2.878,5.762,0
2026-03-07 11:16:00,71.81,2.539,6.009,0
2026-03-07 11:17:00,71.97,2.819,5.937,0
2026-03-07 11:18:00,72.52,2.875,5.913,0
2026-03-07 11:19:00,73.03,2.83,5.952,0
2026-03-07 11:20:00,71.9,2.878,6.067,0
2026-03-07 11:21:00,72.68,2.804,5.883,0
2026-03-07 11:22:00,72.26,2.735,5.924,0
2026-03-07 11:23:00,71.59,2.715,5.969,0
2026-03-07 11:24:00,71.66,2.584,5.861,0
2026-03-07 11:25:00,71.57,2.798,5.938,0
2026-03-07 11:26:00,70.65,2.365,5.871,0
2026-03-07 11:27:00,70.92,2.764,5.753,0
2026-03-07 11:28:00,71.5,2.872,5.957,0
2026-03-07 11:29:00,72.47,3.085,5.959,0
2026-03-07 11:30:00,73.04,2.452,5.786,0
2026-03-07 11:31:00,73.4,3.011,5.963,0
2026-03-07 11:32:00,73.28,2.692,5.916,0
2026-03-07 11:33:00,74.05,2.741,5.962,0
2026-03-07 11:34:00,73.66,2.629,5.932,0
2026-03-07 11:35:00,73.41,2.709,5.985,0
2026-03-07 11:36:00,73.55,2.947,6.051,0
2026-03-07 11:37:00,73.98,3.132,5.909,0
2026-03-07 11:38:00,74.18,3.332,6.026,0
2026-03-07 11:39:00,74.5,2.77,5.813,0
2026-03-07 11:40:00,74.97,2.897,6.029,0
2026-03-07 11:41:00,75.59,2.852,5.961,0
2026-03-07 11:42:00,75.61,3.253,5.985,0
2026-03-07 11:43:00,74.88,2.802,5.884,0
2026-03-07 11:44:00,75.11,2.962,6.216,0
2026-03-07 11:45:00,74.56,2.88,5.835,0
2026-03-07 11:46:00,74.37,2.935,5.929,0
2026-03-07 11:47:00,75.0,2.903,6.016,0
2026-03-07 11:48:00,73.2,2.93,5.836,0
2026-03-07 11:49:00,72.91,2.824,5.805,0
2026-03-07 11:50:00,73.24,3.428,5.812,0
2026-03-07 11:51:00,72.58,2.823,5.954,0
2026-03-07 11:52:00,71.68,3.101,5.829,0
2026-03-07 11:53:00,71.75,2.755,5.678,0
2026-03-07 11:54:00,72.19,2.717,5.812,0
2026-03-07 11:55:00,71.43,2.766,6.062,0
2026-03-07 11:56:00,71.57,3.006,5.916,0
2026-03-07 11:57:00,70.37,2.667,5.677,0
2026-03-07 11:58:00,71.16,2.601,5.668,0
2026-03-07 11:59:00,71.75,2.615,5.851,0
2026-03-07 12:00:00,71.57,2.579,5.786,0
2026-03-07 12:01:00,71.03,2.942,5.758,0
2026-03-07 12:02:00,71.86,2.542,5.725,0
2026-03-07 12:03:00,71.65,2.391,5.945,0
2026-03-07 12:04:00,72.52,2.618,5.922,0
2026-03-07 12:05:00,71.74,2.748,5.741,0
2026-03-07 12:06:00,71.23,2.69,5.99,0
2026-03-07 12:07:00,71.64,2.477,5.964,0
2026-03-07 12:08:00,71.31,2.88,5.966,0
2026-03-07 12:09:00,71.88,2.855,5.736,0
2026-03-07 12:10:00,71.71,2.436,5.924,0
2026-03-07 12:11:00,72.44,2.805,5.813,0
2026-03-07 12:12:00,71.97,2.714,5.743,0
2026-03-07 12:13:00,71.95,2.402,5.995,0
2026-03-07 12:14:00,71.79,2.623,5.729,1
2026-03-07 12:15:00,72.04,2.508,5.767,0
2026-03-07 12:16:00,71.6,2.869,5.962,0
2026-03-07 12:17:00,71.6,2.307,5.697,0
2026-03-07 12:18:00,71.53,2.594,5.607,0
2026-03-07 12:19:00,71.79,2.549,5.732,0
2026-03-07 12:20:00,72.46,2.809,5.854,0
2026-03-07 12:21:00,71.8,2.5,5.906,0
2026-03-07 12:22:00,71.93,2.289,5.801,0
2026-03-07 12:23:00,72.11,2.55,5.71,0
2026-03-07 12:24:00,71.47,2.705,5.799,0
2026-03-07 12:25:00,71.33,2.387,5.724,0
2026-03-07 12:26:00,70.94,2.711,5.899,0
2026-03-07 12:27:00,70.75,2.688,5.674,0
2026-03-07 12:28:00,69.89,2.499,5.811,0
2026-03-07 12:29:00,70.59,2.428,5.656,0
2026-03-07 12:30:00,71.44,2.713,5.818,0
2026-03-07 12:31:00,71.11,2.842,5.708,0
2026-03-07 12:32:00,71.16,3.02,5.78,0
2026-03-07 12:33:00,71.33,2.787,5.708,0
2026-03-07 12:34:00,72.27,2.619,5.879,0
2026-03-07 12:35:00,72.12,2.729,5.819,0
2026-03-07 12:36:00,72.73,2.651,6.075,0
2026-03-07 12:37:00,72.18,2.838,5.828,0
2026-03-07 12:38:00,72.49,2.647,5.769,0
2026-03-07 12:39:00,73.0,2.531,5.877,0
2026-03-07 12:40:00,72.38,2.828,5.787,0
2026-03-07 12:41:00,71.15,2.706,5.863,0
2026-03-07 12:42:00,70.87,2.407,5.812,0
2026-03-07 12:43:00,70.68,2.135,5.728,0
2026-03-07 12:44:00,70.58,2.778,5.726,0
2026-03-07 12:45:00,69.93,3.635,5.786,0
2026-03-07 12:46:00,70.14,2.407,5.804,0
2026-03-07 12:47:00,70.09,2.849,5.605,0
2026-03-07 12:48:00,70.08,2.657,5.881,0
2026-03-07 12:49:00,69.66,2.304,5.728,0
2026-03-07 12:50:00,70.32,2.795,5.908,0
2026-03-07 12:51:00,70.73,2.755,6.058,0
2026-03-07 12:52:00,69.91,2.574,5.863,0
2026-03-07 12:53:00,69.59,2.737,5.826,0
2026-03-07 12:54:00,70.57,2.77,5.719,0
2026-03-07 12:55:00,70.39,2.59,5.607,0
2026-03-07 12:56:00,71.12,2.557,5.878,0
2026-03-07 12:57:00,71.62,2.483,5.661,0
2026-03-07 12:58:00,71.55,2.731,5.818,0
2026-03-07 12:59:00,71.2,2.354,5.722,0
2026-03-07 13:00:00,70.69,2.622,5.989,0
2026-03-07 13:01:00,71.14,2.697,5.664,0
2026-03-07 13:02:00,71.61,2.645,5.66,0
2026-03-07 13:03:00,71.48,3.075,5.758,0
2026-03-07 13:04:00,71.43,2.72,5.693,0
2026-03-07 13:05:00,70.94,2.328,5.596,0
2026-03-07 13:06:00,70.95,2.358,5.628,0
2026-03-07 13:07:00,71.31,2.606,5.781,0
2026-03-07 13:08:00,71.7,2.956,5.763,0
2026-03-07 13:09:00,71.17,2.844,5.528,0
2026-03-07 13:10:00,70.64,2.568,5.743,0
2026-03-07 13:11:00,70.26,2.463,5.743,0
2026-03-07 13:12:00,69.85,2.418,5.714,0
2026-03-07 13:13:00,70.41,2.357,5.583,0
2026-03-07 13:14:00,70.59,2.659,5.633,0
2026-03-07 13:15:00,70.42,2.644,5.732,0
2026-03-07 13:16:00,69.56,2.063,5.576,0
2026-03-07 13:17:00,70.06,2.532,5.799,0
2026-03-07 13:18:00,70.48,2.694,5.592,0
2026-03-07 13:19:00,70.2,2.459,5.765,0
2026-03-07 13:20:00,70.48,2.522,5.521,0
2026-03-07 13:21:00,70.46,2.596,5.504,0
2026-03-07 13:22:00,70.42,2.64,5.65,0
2026-03-07 13:23:00,70.02,2.69,5.695,0
2026-03-07 13:24:00,69.9,2.825,5.736,0
2026-03-07 13:25:00,70.9,2.504,5.714,0
2026-03-07 13:26:00,70.73,2.755,5.727,0
2026-03-07 13:27:00,70.74,2.302,5.467,0
2026-03-07 13:28:00,70.68,2.679,5.478,1
2026-03-07 13:29:00,70.32,2.457,5.837,0
2026-03-07 13:30:00,70.25,2.856,5.765,0
2026-03-07 13:31:00,70.14,2.514,5.762,0
2026-03-07 13:32:00,70.23,2.529,5.68,0
2026-03-07 13:33:00,71.15,2.678,5.598,0
2026-03-07 13:34:00,69.58,2.633,5.701,0
2026-03-07 13:35:00,68.99,2.715,5.539,0
2026-03-07 13:36:00,69.22,2.306,5.682,0
2026-03-07 13:37:00,69.68,2.399,5.776,0
2026-03-07 13:38:00,70.21,2.455,5.946,0
2026-03-07 13:39:00,69.49,2.276,5.62,0
2026-03-07 13:40:00,69.89,2.537,5.735,0
2026-03-07 13:41:00,70.61,2.545,5.52,0
2026-03-07 13:42:00,69.15,2.342,5.74,0
2026-03-07 13:43:00,68.7,2.576,5.807,0
2026-03-07 13:44:00,67.83,2.482,5.647,0
2026-03-07 13:45:00,67.58,2.259,5.521,0
2026-03-07 13:46:00,67.86,2.204,5.651,0
2026-03-07 13:47:00,68.24,2.338,5.633,0
2026-03-07 13:48:00,68.93,2.423,5.537,0
2026-03-07 13:49:00,68.41,2.345,5.839,0
2026-03-07 13:50:00,69.05,2.555,5.809,0
2026-03-07 13:51:00,68.75,2.423,5.566,0
2026-03-07 13:52:00,68.57,2.449,5.667,0
2026-03-07 13:53:00,68.09,2.348,5.648,0
2026-03-07 13:54:00,68.18,2.357,5.625,0
2026-03-07 13:55:00,68.34,2.026,5.674,0
2026-03-07 13:56:00,68.67,2.239,5.654,0
2026-03-07 13:57:00,68.87,2.695,5.637,0
2026-03-07 13:58:00,68.95,2.478,5.689,0
2026-03-07 13:59:00,68.26,2.643,5.682,0
2026-03-07 14:00:00,69.47,2.453,5.772,0
2026-03-07 14:01:00,68.2,2.35,5.726,0
2026-03-07 14:02:00,68.39,2.381,5.659,0
2026-03-07 14:03:00,67.95,2.448,5.779,0
2026-03-07 14:04:00,68.28,2.285,5.625,0
2026-03-07 14:05:00,68.35,2.591,5.829,0
2026-03-07 14:06:00,69.0,2.519,5.692,0
2026-03-07 14:07:00,68.44,2.604,5.677,0
2026-03-07 14:08:00,68.69,2.711,5.505,0
2026-03-07 14:09:00,69.31,2.574,5.59,0
2026-03-07 14:10:00,68.55,3.151,5.946,0
2026-03-07 14:11:00,68.87,2.437,5.661,0
2026-03-07 14:12:00,69.25,2.219,5.614,0
2026-03-07 14:13:00,69.39,2.432,5.663,0
2026-03-07 14:14:00,68.97,2.411,5.541,0
2026-03-07 14:15:00,69.85,2.35,5.59,0
2026-03-07 14:16:00,69.16,2.713,5.624,0
2026-03-07 14:17:00,69.58,2.605,5.824,0
2026-03-07 14:18:00,68.9,2.471,5.577,0
2026-03-07 14:19:00,69.14,2.366,5.603,0
2026-03-07 14:20:00,69.68,2.817,5.751,0
2026-03-07 14:21:00,68.52,2.341,5.629,0
2026-03-07 14:22:00,68.68,9.123,5.449,1
2026-03-07 14:23:00,69.25,3.023,5.909,0
2026-03-07 14:24:00,69.19,2.724,5.681,0
2026-03-07 14:25:00,69.43,2.632,5.698,0
2026-03-07 14:26:00,69.59,2.647,5.873,0
2026-03-07 14:27:00,70.11,5.291,5.704,1
2026-03-07 14:28:00,69.64,2.558,5.853,0
2026-03-07 14:29:00,69.44,2.419,5.823,0
2026-03-07 14:30:00,69.6,2.789,5.587,0
2026-03-07 14:31:00,69.01,2.398,5.862,0
2026-03-07 14:32:00,69.88,2.405,5.8,0
2026-03-07 14:33:00,70.13,2.612,5.723,0
2026-03-07 14:34:00,69.9,2.726,5.881,0
2026-03-07 14:35:00,70.97,2.63,5.776,0
2026-03-07 14:36:00,69.96,2.318,5.673,0
2026-03-07 14:37:00,69.91,2.583,5.96,0
2026-03-07 14:38:00,69.63,2.802,5.679,0
2026-03-07 14:39:00,70.03,2.57,5.804,0
2026-03-07 14:40:00,70.2,2.899,5.903,0
2026-03-07 14:41:00,70.34,2.469,5.754,0
2026-03-07 14:42:00,70.89,2.742,5.814,0
2026-03-07 14:43:00,70.67,2.606,5.717,0
2026-03-07 14:44:00,70.99,2.572,5.763,0
2026-03-07 14:45:00,70.74,2.432,5.815,0
2026-03-07 14:46:00,70.93,2.648,5.951,0
2026-03-07 14:47:00,70.22,2.699,5.847,0
2026-03-07 14:48:00,70.77,2.788,5.742,0
2026-03-07 14:49:00,70.8,2.506,5.828,0
2026-03-07 14:50:00,71.03,2.409,5.784,0
2026-03-07 14:51:00,71.09,2.852,5.702,0
2026-03-07 14:52:00,71.23,2.742,5.974,0
2026-03-07 14:53:00,71.05,2.651,5.981,0
2026-03-07 14:54:00,71.46,2.627,5.926,0
2026-03-07 14:55:00,71.11,2.772,5.86,0
2026-03-07 14:56:00,71.51,2.508,5.86,0
2026-03-07 14:57:00,71.26,2.943,5.939,0
2026-03-07 14:58:00,70.54,2.427,5.946,0
2026-03-07 14:59:00,70.97,2.619,5.962,0
2026-03-07 15:00:00,71.7,2.835,5.831,0
2026-03-07 15:01:00,71.63,2.423,5.788,0
2026-03-07 15:02:00,71.66,2.533,6.034,0
2026-03-07 15:03:00,71.84,2.183,5.775,0
2026-03-07 15:04:00,72.29,3.085,5.834,0
2026-03-07 15:05:00,72.29,2.96,5.775,0
2026-03-07 15:06:00,72.17,2.749,5.762,0
2026-03-07 15:07:00,73.01,3.017,5.78,0
2026-03-07 15:08:00,72.5,2.729,5.95,0
2026-03-07 15:09:00,72.18,2.706,5.816,0
2026-03-07 15:10:00,72.46,2.946,5.716,0
2026-03-07 15:11:00,72.6,2.992,5.973,1
2026-03-07 15:12:00,72.8,2.958,6.088,0
2026-03-07 15:13:00,72.34,2.768,5.976,0
2026-03-07 15:14:00,71.99,3.053,6.035,0
2026-03-07 15:15:00,72.49,2.612,5.767,0
2026-03-07 15:16:00,72.25,3.058,5.998,0
2026-03-07 15:17:00,71.96,3.087,5.911,0
2026-03-07 15:18:00,73.05,2.938,5.918,0
2026-03-07 15:19:00,71.94,2.87,5.747,0
2026-03-07 15:20:00,73.3,3.023,5.966,0
2026-03-07 15:21:00,72.88,2.844,5.879,0
2026-03-07 15:22:00,73.08,2.779,5.688,0
2026-03-07 15:23:00,73.81,2.673,5.778,0
2026-03-07 15:24:00,73.75,2.793,5.937,0
2026-03-07 15:25:00,73.41,2.78,5.826,1
2026-03-07 15:26:00,73.99,2.908,5.906,0
2026-03-07 15:27:00,73.78,2.861,5.952,0
2026-03-07 15:28:00,74.09,3.157,5.881,0
2026-03-07 15:29:00,74.19,3.008,6.063,0
2026-03-07 15:30:00,74.96,3.045,6.09,0
2026-03-07 15:31:00,74.74,2.97,6.075,0
2026-03-07 15:32:00,75.09,3.064,6.086,0
2026-03-07 15:33:00,75.18,3.235,5.997,0
2026-03-07 15:34:00,74.58,2.951,6.146,0
2026-03-07 15:35:00,75.25,3.338,6.038,0
2026-03-07 15:36:00,74.87,2.752,6.148,0
2026-03-07 15:37:00,75.41,2.81,5.984,1
2026-03-07 15:38:00,75.41,2.37,5.968,0
2026-03-07 15:39:00,75.49,2.93,6.057,0
2026-03-07 15:40:00,75.59,2.712,5.824,0
2026-03-07 15:41:00,75.28,2.64,5.943,0
2026-03-07 15:42:00,75.45,2.805,5.955,0
2026-03-07 15:43:00,75.43,3.157,5.959,0
2026-03-07 15:44:00,75.29,2.811,5.839,0
2026-03-07 15:45:00,74.32,3.045,5.777,0
2026-03-07 15:46:00,74.12,2.471,5.853,0
2026-03-07 15:47:00,74.01,2.787,6.092,0
2026-03-07 15:48:00,73.66,2.474,5.889,0
2026-03-07 15:49:00,74.15,2.844,5.877,0
2026-03-07 15:50:00,74.59,2.966,5.832,0
2026-03-07 15:51:00,74.75,3.093,5.925,0
2026-03-07 15:52:00,75.49,2.829,5.937,0
2026-03-07 15:53:00,76.09,2.898,5.916,0
2026-03-07 15:54:00,75.6,3.068,6.018,1
2026-03-07 15:55:00,74.89,2.982,5.982,0
2026-03-07 15:56:00,75.22,2.533,5.991,0
2026-03-07 15:57:00,74.09,2.461,5.947,0
2026-03-07 15:58:00,73.17,2.953,6.058,0
2026-03-07 15:59:00,73.57,2.573,5.954,0
2026-03-07 16:00:00,74.14,2.804,5.83,0
2026-03-07 16:01:00,73.73,2.779,5.828,0
2026-03-07 16:02:00,73.5,2.923,5.938,1
2026-03-07 16:03:00,73.18,2.624,5.909,0
2026-03-07 16:04:00,72.15,2.888,6.047,0
2026-03-07 16:05:00,72.09,2.762,5.814,0
2026-03-07 16:06:00,71.71,2.777,5.811,0
2026-03-07 16:07:00,72.19,2.573,5.874,0
2026-03-07 16:08:00,71.9,2.958,5.817,0
2026-03-07 16:09:00,71.74,2.289,5.634,0
2026-03-07 16:10:00,72.26,2.627,5.862,0
2026-03-07 16:11:00,71.77,2.819,5.919,0
2026-03-07 16:12:00,72.4,2.508,5.824,0
2026-03-07 16:13:00,72.13,2.729,6.027,0
2026-03-07 16:14:00,72.86,3.168,5.917,0
2026-03-07 16:15:00,72.44,2.795,5.886,0
2026-03-07 16:16:00,72.16,2.885,5.862,0
2026-03-07 16:17:00,71.79,2.933,5.827,0
2026-03-07 16:18:00,71.9,3.014,5.833,0
2026-03-07 16:19:00,72.24,2.764,5.909,0
2026-03-07 16:20:00,71.29,2.503,5.896,0
2026-03-07 16:21:00,72.55,2.575,5.867,0
2026-03-07 16:22:00,72.78,2.625,5.962,0
2026-03-07 16:23:00,72.69,3.117,5.94,0
2026-03-07 16:24:00,73.25,2.743,5.751,0
2026-03-07 16:25:00,72.91,2.756,5.95,0
2026-03-07 16:26:00,72.38,2.957,5.843,0
2026-03-07 16:27:00,72.12,2.789,6.028,0
2026-03-07 16:28:00,72.65,2.707,5.948,0
2026-03-07 16:29:00,72.47,2.758,5.989,0
2026-03-07 16:30:00,72.63,2.833,5.811,0
2026-03-07 16:31:00,72.45,2.898,5.857,0
2026-03-07 16:32:00,72.47,2.963,6.004,0
2026-03-07 16:33:00,73.08,2.927,5.873,0
2026-03-07 16:34:00,73.39,2.67,5.83,0
2026-03-07 16:35:00,73.34,2.823,6.086,0
2026-03-07 16:36:00,73.3,2.86,6.061,0
2026-03-07 16:37:00,73.47,2.606,6.03,0
2026-03-07 16:38:00,74.17,3.071,5.842,0
2026-03-07 16:39:00,73.7,3.159,6.058,0
2026-03-07 16:40:00,73.8,3.34,5.977,0
2026-03-07 16:41:00,72.86,2.984,5.846,0
2026-03-07 16:42:00,73.56,2.794,5.95,0
2026-03-07 16:43:00,72.95,2.799,5.767,0
2026-03-07 16:44:00,72.83,2.954,5.767,0
2026-03-07 16:45:00,73.23,2.606,5.843,0
2026-03-07 16:46:00,73.8,2.704,5.927,0
2026-03-07 16:47:00,73.1,2.671,5.887,0
2026-03-07 16:48:00,73.67,2.78,6.023,0
2026-03-07 16:49:00,73.78,2.643,6.054,0
2026-03-07 16:50:00,74.03,3.267,5.84,0
2026-03-07 16:51:00,74.03,3.196,6.039,0
2026-03-07 16:52:00,73.46,2.687,5.764,0
2026-03-07 16:53:00,73.5,2.912,5.947,0
2026-03-07 16:54:00,74.22,3.124,5.97,0
2026-03-07 16:55:00,74.23,2.785,5.922,0
2026-03-07 16:56:00,74.35,3.011,6.044,0
2026-03-07 16:57:00,73.52,3.046,5.844,0
2026-03-07 16:58:00,73.88,2.828,5.867,0
2026-03-07 16:59:00,74.38,3.093,5.956,0
2026-03-07 17:00:00,73.99,2.749,5.84,0
2026-03-07 17:01:00,74.06,2.962,5.908,0
2026-03-07 17:02:00,74.5,3.051,5.917,0
2026-03-07 17:03:00,74.88,2.34,5.727,0
2026-03-07 17:04:00,74.08,2.568,5.875,0
2026-03-07 17:05:00,74.0,2.594,6.11,0
2026-03-07 17:06:00,72.7,2.651,5.853,0
2026-03-07 17:07:00,73.35,2.948,5.939,0
2026-03-07 17:08:00,73.55,2.591,6.03,0
2026-03-07 17:09:00,73.45,2.636,5.677,0
2026-03-07 17:10:00,73.26,2.998,5.806,0
2026-03-07 17:11:00,73.04,2.99,5.662,0
2026-03-07 17:12:00,72.88,2.425,5.815,0
2026-03-07 17:13:00,72.54,2.805,5.929,0
2026-03-07 17:14:00,72.59,2.478,5.693,0
2026-03-07 17:15:00,72.95,2.512,5.72,0
2026-03-07 17:16:00,73.63,2.909,5.85,0
2026-03-07 17:17:00,73.3,2.918,5.92,0
2026-03-07 17:18:00,73.34,3.073,5.792,0
2026-03-07 17:19:00,73.53,3.373,5.851,0
2026-03-07 17:20:00,73.46,3.251,5.99,0
2026-03-07 17:21:00,73.61,2.957,5.911,0
2026-03-07 17:22:00,73.77,3.279,5.749,0
2026-03-07 17:23:00,74.06,3.108,6.261,0
2026-03-07 17:24:00,73.5,2.761,5.908,0
2026-03-07 17:25:00,74.01,2.653,5.791,0
2026-03-07 17:26:00,73.78,2.617,5.761,0
2026-03-07 17:27:00,74.16,2.853,5.858,0
2026-03-07 17:28:00,74.02,2.991,5.983,0
2026-03-07 17:29:00,74.16,2.999,5.646,0
2026-03-07 17:30:00,74.93,2.902,5.993,0
2026-03-07 17:31:00,74.29,2.555,6.019,0
2026-03-07 17:32:00,74.69,3.555,5.846,1
2026-03-07 17:33:00,74.29,3.074,6.081,0
2026-03-07 17:34:00,74.75,2.755,6.157,0
2026-03-07 17:35:00,74.37,2.803,5.965,0
2026-03-07 17:36:00,74.14,3.256,6.03,0
2026-03-07 17:37:00,75.02,2.784,6.105,0
2026-03-07 17:38:00,75.25,3.377,6.053,0
2026-03-07 17:39:00,75.2,3.634,6.118,0
2026-03-07 17:40:00,75.88,3.032,5.95,0
2026-03-07 17:41:00,76.27,3.022,6.144,0
2026-03-07 17:42:00,75.3,2.729,5.95,0
2026-03-07 17:43:00,75.79,2.899,5.957,0
2026-03-07 17:44:00,76.35,2.862,6.075,0
2026-03-07 17:45:00,76.43,3.122,6.166,0
2026-03-07 17:46:00,76.05,2.928,5.81,0
2026-03-07 17:47:00,75.82,2.654,6.055,0
2026-03-07 17:48:00,76.33,3.155,5.887,0
2026-03-07 17:49:00,76.28,3.243,5.92,0
2026-03-07 17:50:00,74.93,2.595,5.942,0
2026-03-07 17:51:00,75.27,3.245,6.103,0
2026-03-07 17:52:00,74.27,3.342,5.846,0
2026-03-07 17:53:00,74.04,3.175,6.149,0
2026-03-07 17:54:00,74.31,2.715,6.069,0
2026-03-07 17:55:00,74.8,3.224,6.112,0
2026-03-07 17:56:00,74.69,3.052,5.898,0
2026-03-07 17:57:00,74.38,3.128,5.867,0
2026-03-07 17:58:00,73.14,3.1,5.939,0
2026-03-07 17:59:00,73.78,3.17,5.831,0
2026-03-07 18:00:00,73.66,3.516,5.813,0
2026-03-07 18:01:00,74.89,3.34,6.144,0
2026-03-07 18:02:00,74.2,2.634,6.037,0
2026-03-07 18:03:00,75.28,2.927,6.194,0
2026-03-07 18:04:00,75.17,3.058,6.066,0
2026-03-07 18:05:00,75.47,2.879,6.082,0
2026-03-07 18:06:00,75.65,3.217,6.022,0
2026-03-07 18:07:00,76.02,3.019,6.061,0
2026-03-07 18:08:00,76.65,2.729,6.035,0
2026-03-07 18:09:00,75.93,3.064,5.812,0
2026-03-07 18:10:00,76.15,3.474,6.199,0
2026-03-07 18:11:00,75.95,3.221,5.756,0
2026-03-07 18:12:00,75.05,2.937,6.158,0
2026-03-07 18:13:00,74.95,2.765,5.929,0
2026-03-07 18:14:00,75.17,2.985,5.891,0
2026-03-07 18:15:00,75.2,2.99,5.816,0
2026-03-07 18:16:00,74.57,3.195,5.814,0
2026-03-07 18:17:00,74.27,2.738,5.707,1
2026-03-07 18:18:00,74.47,2.548,6.018,0
2026-03-07 18:19:00,74.24,2.788,6.072,0
2026-03-07 18:20:00,74.11,2.712,5.917,0
2026-03-07 18:21:00,73.75,2.99,5.858,0
2026-03-07 18:22:00,74.21,2.732,6.154,0
2026-03-07 18:23:00,74.43,3.337,5.92,0
2026-03-07 18:24:00,73.76,2.98,6.148,0
2026-03-07 18:25:00,73.94,3.101,5.929,0
2026-03-07 18:26:00,74.05,2.871,6.029,0
2026-03-07 18:27:00,74.06,3.033,5.973,0
2026-03-07 18:28:00,74.29,2.649,5.716,0
2026-03-07 18:29:00,74.44,2.745,6.171,0
2026-03-07 18:30:00,73.67,2.684,6.065,0
2026-03-07 18:31:00,74.43,2.916,5.779,0
2026-03-07 18:32:00,74.48,3.02,5.6,0
2026-03-07 18:33:00,74.26,2.818,6.018,0
2026-03-07 18:34:00,73.56,2.721,5.886,0
2026-03-07 18:35:00,74.08,2.842,5.627,0
2026-03-07 18:36:00,74.94,2.961,5.882,0
2026-03-07 18:37:00,74.65,2.65,5.984,0
2026-03-07 18:38:00,74.07,3.026,5.853,0
2026-03-07 18:39:00,74.04,2.614,5.736,0
2026-03-07 18:40:00,73.85,2.936,5.899,0
2026-03-07 18:41:00,73.59,2.93,5.977,0
2026-03-07 18:42:00,73.87,2.672,6.006,0
2026-03-07 18:43:00,73.12,2.848,5.825,0
2026-03-07 18:44:00,73.12,2.781,5.845,0
2026-03-07 18:45:00,72.17,2.713,5.886,0
2026-03-07 18:46:00,72.68,3.229,5.915,0
2026-03-07 18:47:00,73.85,2.238,5.886,0
2026-03-07 18:48:00,73.62,2.836,5.682,0
2026-03-07 18:49:00,73.52,2.713,5.763,0
2026-03-07 18:50:00,73.07,2.762,5.816,0
2026-03-07 18:51:00,73.42,2.711,5.859,0
2026-03-07 18:52:00,73.69,2.598,5.858,0
2026-03-07 18:53:00,72.83,2.727,5.681,0
2026-03-07 18:54:00,72.65,2.782,5.898,0
2026-03-07 18:55:00,71.86,2.997,5.934,0
2026-03-07 18:56:00,72.27,2.908,5.958,0
2026-03-07 18:57:00,72.81,2.514,5.884,0
2026-03-07 18:58:00,72.66,2.587,6.032,0
2026-03-07 18:59:00,72.86,2.8,5.826,0
2026-03-07 19:00:00,73.11,2.888,6.067,0
2026-03-07 19:01:00,72.51,2.839,5.91,0
2026-03-07 19:02:00,73.23,2.896,6.107,0
2026-03-07 19:03:00,72.58,2.649,5.82,0
2026-03-07 19:04:00,71.94,2.411,5.918,0
2026-03-07 19:05:00,72.56,2.784,5.738,0
2026-03-07 19:06:00,72.94,3.126,5.822,0
2026-03-07 19:07:00,72.37,2.243,6.13,0
2026-03-07 19:08:00,73.02,2.847,5.777,0
2026-03-07 19:09:00,73.23,2.939,6.069,0
2026-03-07 19:10:00,73.05,2.813,5.951,0
2026-03-07 19:11:00,73.05,2.87,5.865,0
2026-03-07 19:12:00,73.8,3.024,5.814,0
2026-03-07 19:13:00,73.06,2.765,5.893,0
2026-03-07 19:14:00,72.59,2.504,5.871,0
2026-03-07 19:15:00,72.28,2.551,5.819,0
2026-03-07 19:16:00,71.72,2.528,5.772,0
2026-03-07 19:17:00,71.71,2.761,5.831,0
2026-03-07 19:18:00,71.6,2.907,5.723,0
2026-03-07 19:19:00,72.25,2.585,5.712,0
2026-03-07 19:20:00,71.79,2.872,5.65,0
2026-03-07 19:21:00,72.19,2.825,5.942,0
2026-03-07 19:22:00,71.66,2.706,5.72,0
2026-03-07 19:23:00,71.4,2.632,6.042,0
2026-03-07 19:24:00,71.42,2.861,5.93,0
2026-03-07 19:25:00,71.26,2.5,5.826,0
2026-03-07 19:26:00,70.79,2.874,5.668,0
2026-03-07 19:27:00,71.04,2.569,5.746,0
2026-03-07 19:28:00,70.67,2.997,5.925,0
2026-03-07 19:29:00,70.45,2.64,5.721,0
2026-03-07 19:30:00,70.84,2.751,5.862,0
2026-03-07 19:31:00,71.12,2.744,5.871,0
2026-03-07 19:32:00,71.72,2.985,5.68,0
2026-03-07 19:33:00,72.02,2.878,5.918,0
2026-03-07 19:34:00,71.48,2.562,5.815,0
2026-03-07 19:35:00,71.23,2.997,5.81,0
2026-03-07 19:36:00,71.53,2.338,5.739,0
2026-03-07 19:37:00,70.51,3.053,5.853,0
2026-03-07 19:38:00,70.79,2.929,5.732,0
2026-03-07 19:39:00,70.68,3.013,5.845,0
2026-03-07 19:40:00,70.95,2.815,5.783,0
2026-03-07 19:41:00,71.29,2.859,5.833,0
2026-03-07 19:42:00,71.19,2.767,5.954,0
2026-03-07 19:43:00,70.97,2.605,5.712,0
2026-03-07 19:44:00,71.74,2.698,5.789,0
2026-03-07 19:45:00,71.51,2.579,5.555,0
2026-03-07 19:46:00,71.44,2.508,5.912,0
2026-03-07 19:47:00,71.14,2.882,5.841,0
2026-03-07 19:48:00,71.3,3.038,5.668,0
2026-03-07 19:49:00,71.77,2.379,5.752,0
2026-03-07 19:50:00,71.27,2.703,5.738,0
2026-03-07 19:51:00,71.63,2.955,5.718,0
2026-03-07 19:52:00,72.04,2.792,5.793,0
2026-03-07 19:53:00,71.09,2.394,5.722,0
2026-03-07 19:54:00,71.33,2.337,5.822,0
2026-03-07 19:55:00,71.37,2.709,5.628,0
2026-03-07 19:56:00,70.75,2.845,5.523,0
2026-03-07 19:57:00,70.06,2.595,5.691,0
2026-03-07 19:58:00,70.14,2.599,5.504,0
2026-03-07 19:59:00,70.03,2.434,5.523,0
2026-03-07 20:00:00,69.75,2.548,5.591,0
2026-03-07 20:01:00,69.59,2.116,5.474,0
2026-03-07 20:02:00,69.22,2.475,5.573,0
2026-03-07 20:03:00,68.36,2.514,5.655,0
2026-03-07 20:04:00,68.37,2.394,5.652,0
2026-03-07 20:05:00,68.09,2.347,5.761,0
2026-03-07 20:06:00,68.02,2.401,5.578,0
2026-03-07 20:07:00,68.13,2.493,5.594,0
2026-03-07 20:08:00,68.27,2.426,5.759,0
2026-03-07 20:09:00,68.28,2.716,5.666,0
2026-03-07 20:10:00,68.87,2.441,5.451,0
2026-03-07 20:11:00,68.59,2.701,5.511,0
2026-03-07 20:12:00,69.25,2.444,5.569,0
2026-03-07 20:13:00,69.1,2.549,5.632,0
2026-03-07 20:14:00,68.36,2.455,5.521,0
2026-03-07 20:15:00,69.13,2.763,5.384,0
2026-03-07 20:16:00,69.47,2.444,5.391,0
2026-03-07 20:17:00,69.11,2.351,5.695,0
2026-03-07 20:18:00,69.34,2.424,5.839,0
2026-03-07 20:19:00,69.61,2.609,5.723,0
2026-03-07 20:20:00,70.6,2.55,5.89,0
2026-03-07 20:21:00,69.96,2.46,5.601,0
2026-03-07 20:22:00,69.34,2.214,5.586,0
2026-03-07 20:23:00,69.34,2.365,5.676,0
2026-03-07 20:24:00,69.96,2.349,5.761,0
2026-03-07 20:25:00,70.29,2.537,5.7,0
2026-03-07 20:26:00,70.61,2.618,5.889,0
2026-03-07 20:27:00,69.65,2.5,5.72,0
2026-03-07 20:28:00,69.74,2.726,5.823,0
2026-03-07 20:29:00,69.84,2.307,5.792,0
2026-03-07 20:30:00,70.47,2.829,5.539,0
2026-03-07 20:31:00,70.77,2.496,5.628,0
2026-03-07 20:32:00,71.22,2.695,5.582,1
2026-03-07 20:33:00,70.68,2.539,5.672,0
2026-03-07 20:34:00,70.65,2.482,5.624,0
2026-03-07 20:35:00,70.94,2.589,5.541,0
2026-03-07 20:36:00,70.45,2.6,5.723,0
2026-03-07 20:37:00,70.82,2.239,5.613,0
2026-03-07 20:38:00,70.41,2.534,5.659,0
2026-03-07 20:39:00,70.66,2.69,5.651,0
2026-03-07 20:40:00,69.59,2.766,5.623,0
2026-03-07 20:41:00,70.24,2.364,5.728,0
2026-03-07 20:42:00,70.12,2.844,5.629,0
2026-03-07 20:43:00,70.3,2.692,5.621,0
2026-03-07 20:44:00,70.17,2.492,5.644,0
2026-03-07 20:45:00,70.15,2.403,5.752,0
2026-03-07 20:46:00,69.69,2.521,5.613,0
2026-03-07 20:47:00,68.96,2.218,5.497,0
2026-03-07 20:48:00,69.49,2.767,5.632,0
2026-03-07 20:49:00,69.88,2.745,5.546,0
2026-03-07 20:50:00,69.56,2.616,5.695,0
2026-03-07 20:51:00,69.41,2.37,5.627,0
2026-03-07 20:52:00,69.36,2.363,5.596,0
2026-03-07 20:53:00,69.73,2.37,5.596,0
2026-03-07 20:54:00,68.22,2.788,5.694,0
2026-03-07 20:55:00,69.28,2.57,5.747,0
2026-03-07 20:56:00,69.23,2.524,5.797,0
2026-03-07 20:57:00,69.32,2.379,5.739,0
2026-03-07 20:58:00,69.48,2.387,5.808,0
2026-03-07 20:59:00,69.42,2.514,5.691,0
2026-03-07 21:00:00,70.79,2.643,5.717,0
2026-03-07 21:01:00,70.24,2.819,5.696,0
2026-03-07 21:02:00,69.86,2.489,5.604,0
2026-03-07 21:03:00,70.03,2.706,5.632,0
2026-03-07 21:04:00,70.02,2.808,5.318,0
2026-03-07 21:05:00,70.36,2.595,5.72,0
2026-03-07 21:06:00,69.98,2.493,5.716,0
2026-03-07 21:07:00,70.18,3.002,5.539,0
2026-03-07 21:08:00,70.37,2.646,5.629,0
2026-03-07 21:09:00,70.86,2.478,5.745,0
2026-03-07 21:10:00,70.14,2.647,5.865,0
2026-03-07 21:11:00,70.59,2.355,5.805,0
2026-03-07 21:12:00,69.61,2.325,5.911,0
2026-03-07 21:13:00,69.16,2.652,5.63,0
2026-03-07 21:14:00,70.41,2.395,5.721,0
2026-03-07 21:15:00,69.82,2.584,5.686,0
2026-03-07 21:16:00,70.32,2.484,5.559,0
2026-03-07 21:17:00,69.39,2.554,5.408,0
2026-03-07 21:18:00,69.26,2.336,5.433,0
2026-03-07 21:19:00,70.05,2.55,5.64,0
2026-03-07 21:20:00,69.95,2.45,5.556,0
2026-03-07 21:21:00,68.89,2.255,5.419,0
2026-03-07 21:22:00,70.34,2.336,5.558,0
2026-03-07 21:23:00,70.62,2.564,5.707,0
2026-03-07 21:24:00,69.4,2.3,5.442,0
2026-03-07 21:25:00,69.54,2.311,5.365,0
2026-03-07 21:26:00,68.91,2.454,5.507,0
2026-03-07 21:27:00,69.21,2.747,5.469,0
2026-03-07 21:28:00,68.66,2.311,5.584,0
2026-03-07 21:29:00,68.56,2.381,5.435,0
2026-03-07 21:30:00,69.59,2.203,5.545,0
2026-03-07 21:31:00,69.71,2.435,5.526,0
2026-03-07 21:32:00,69.69,2.521,5.467,0
2026-03-07 21:33:00,69.04,2.381,5.362,0
2026-03-07 21:34:00,69.38,2.515,5.568,0
2026-03-07 21:35:00,69.83,2.634,5.694,0
2026-03-07 21:36:00,69.82,2.559,5.781,0
2026-03-07 21:37:00,69.89,2.2,5.741,0
2026-03-07 21:38:00,69.26,2.259,5.411,0
2026-03-07 21:39:00,69.01,2.494,5.641,0
2026-03-07 21:40:00,69.03,2.416,5.464,0
2026-03-07 21:41:00,68.36,2.397,5.54,0
2026-03-07 21:42:00,67.97,2.542,5.665,0
2026-03-07 21:43:00,67.75,2.56,5.436,0
2026-03-07 21:44:00,68.89,2.344,5.73,0
2026-03-07 21:45:00,68.3,2.337,5.574,0
2026-03-07 21:46:00,68.43,2.728,5.629,0
2026-03-07 21:47:00,68.3,2.159,5.652,0
2026-03-07 21:48:00,68.18,2.113,5.646,0
2026-03-07 21:49:00,68.62,2.242,5.489,0
2026-03-07 21:50:00,68.56,2.451,5.507,0
2026-03-07 21:51:00,68.93,2.384,5.481,0
2026-03-07 21:52:00,68.46,2.224,5.691,0
2026-03-07 21:53:00,69.42,2.432,5.383,0
2026-03-07 21:54:00,68.71,2.151,5.467,0
2026-03-07 21:55:00,69.15,2.086,5.289,0
2026-03-07 21:56:00,68.85,2.516,5.521,0
2026-03-07 21:57:00,69.41,2.547,5.655,0
2026-03-07 21:58:00,68.58,2.336,5.363,0
2026-03-07 21:59:00,68.66,2.378,5.52,0
2026-03-07 22:00:00,68.78,2.386,5.541,0
2026-03-07 22:01:00,68.81,2.379,5.664,0
2026-03-07 22:02:00,68.49,2.351,5.487,0
2026-03-07 22:03:00,67.87,2.123,5.604,0
2026-03-07 22:04:00,68.85,2.221,5.396,0
2026-03-07 22:05:00,68.45,2.528,5.519,0
2026-03-07 22:06:00,67.97,2.072,5.428,0
2026-03-07 22:07:00,68.23,2.275,5.408,0
2026-03-07 22:08:00,68.02,2.327,5.466,0
2026-03-07 22:09:00,68.24,2.215,5.472,0
2026-03-07 22:10:00,67.96,2.52,5.481,0
2026-03-07 22:11:00,67.85,2.097,5.419,0
2026-03-07 22:12:00,67.71,2.109,5.402,0
2026-03-07 22:13:00,68.11,2.24,5.471,0
2026-03-07 22:14:00,68.05,2.326,5.305,0
2026-03-07 22:15:00,68.55,2.213,5.532,0
2026-03-07 22:16:00,68.38,2.242,5.656,0
2026-03-07 22:17:00,67.73,2.462,5.563,0
2026-03-07 22:18:00,67.82,2.065,5.519,0
2026-03-07 22:19:00,66.87,2.081,5.433,0
2026-03-07 22:20:00,67.11,2.415,5.551,0
2026-03-07 22:21:00,67.4,2.426,5.451,0
2026-03-07 22:22:00,67.16,2.258,5.256,0
2026-03-07 22:23:00,68.1,2.296,5.623,0
2026-03-07 22:24:00,68.22,2.202,5.734,0
2026-03-07 22:25:00,67.79,2.085,5.337,0
2026-03-07 22:26:00,67.44,2.266,5.354,0
2026-03-07 22:27:00,67.19,2.429,5.559,0
2026-03-07 22:28:00,67.78,2.493,5.264,0
2026-03-07 22:29:00,66.85,2.583,5.304,0
2026-03-07 22:30:00,67.08,2.36,5.418,0
2026-03-07 22:31:00,66.97,2.216,5.46,0
2026-03-07 22:32:00,66.62,2.105,5.653,0
2026-03-07 22:33:00,66.73,2.445,5.66,0
2026-03-07 22:34:00,67.4,2.21,5.401,0
2026-03-07 22:35:00,66.79,2.291,5.418,0
2026-03-07 22:36:00,66.54,2.354,5.406,0
2026-03-07 22:37:00,66.52,2.095,5.424,0
2026-03-07 22:38:00,67.03,2.082,5.388,0
2026-03-07 22:39:00,67.58,2.032,5.479,0
2026-03-07 22:40:00,67.66,2.279,5.252,0
2026-03-07 22:41:00,67.59,2.278,5.215,0
2026-03-07 22:42:00,67.45,1.928,5.305,0
2026-03-07 22:43:00,67.66,2.023,5.441,0
2026-03-07 22:44:00,67.99,2.76,5.192,0
2026-03-07 22:45:00,68.11,2.521,5.407,0
2026-03-07 22:46:00,67.81,2.337,5.235,0
2026-03-07 22:47:00,68.08,2.37,5.217,0
2026-03-07 22:48:00,67.76,2.359,5.565,0
2026-03-07 22:49:00,66.9,2.289,5.084,0
2026-03-07 22:50:00,68.22,2.314,5.381,0
2026-03-07 22:51:00,68.02,2.221,5.454,0
2026-03-07 22:52:00,67.97,2.222,5.574,0
2026-03-07 22:53:00,68.89,2.559,5.542,0
2026-03-07 22:54:00,69.2,2.084,5.437,0
2026-03-07 22:55:00,69.2,2.168,5.479,0
2026-03-07 22:56:00,69.16,2.278,5.442,0
2026-03-07 22:57:00,69.5,2.255,5.623,0
2026-03-07 22:58:00,69.85,2.167,5.496,0
2026-03-07 22:59:00,69.98,2.189,5.552,0
2026-03-07 23:00:00,69.23,2.591,5.396,0
2026-03-07 23:01:00,68.78,2.434,5.409,0
2026-03-07 23:02:00,67.5,2.535,5.425,0
2026-03-07 23:03:00,66.9,2.253,5.339,0
2026-03-07 23:04:00,67.0,2.112,5.471,0
2026-03-07 23:05:00,67.7,2.163,5.372,0
2026-03-07 23:06:00,67.4,2.024,5.303,0
2026-03-07 23:07:00,66.68,2.231,5.34,0
2026-03-07 23:08:00,66.62,2.108,5.48,0
2026-03-07 23:09:00,66.27,2.185,5.442,0
2026-03-07 23:10:00,66.58,1.996,5.13,0
2026-03-07 23:11:00,66.8,2.228,5.32,0
2026-03-07 23:12:00,66.44,1.893,5.4,0
2026-03-07 23:13:00,66.41,1.757,5.179,0
2026-03-07 23:14:00,65.95,2.034,5.129,0
2026-03-07 23:15:00,66.13,2.077,5.137,0
2026-03-07 23:16:00,66.22,1.88,5.373,0
2026-03-07 23:17:00,66.25,1.821,5.235,0
2026-03-07 23:18:00,65.17,1.942,5.41,0
2026-03-07 23:19:00,66.05,2.102,5.264,0
2026-03-07 23:20:00,66.47,2.029,5.326,0
2026-03-07 23:21:00,65.71,2.266,5.304,0
2026-03-07 23:22:00,65.76,2.048,5.389,0
2026-03-07 23:23:00,66.28,1.889,5.426,0
2026-03-07 23:24:00,65.85,2.068,5.243,0
2026-03-07 23:25:00,66.66,2.044,5.519,0
2026-03-07 23:26:00,65.9,1.915,5.381,0
2026-03-07 23:27:00,65.73,2.467,5.241,0
2026-03-07 23:28:00,64.97,2.053,5.299,0
2026-03-07 23:29:00,65.19,2.063,5.295,0
2026-03-07 23:30:00,64.47,2.073,5.074,0
2026-03-07 23:31:00,64.29,2.063,5.268,0
2026-03-07 23:32:00,64.67,1.893,5.132,0
2026-03-07 23:33:00,65.1,2.339,5.13,0
2026-03-07 23:34:00,64.7,1.961,5.107,0
2026-03-07 23:35:00,64.85,2.057,5.213,0
2026-03-07 23:36:00,64.9,1.864,5.366,0
2026-03-07 23:37:00,65.21,1.994,5.193,0
2026-03-07 23:38:00,65.09,2.377,5.409,0
2026-03-07 23:39:00,65.2,2.136,5.27,0
2026-03-07 23:40:00,65.12,2.417,5.234,0
2026-03-07 23:41:00,64.78,2.224,5.154,0
2026-03-07 23:42:00,65.26,1.886,5.339,0
2026-03-07 23:43:00,65.89,1.933,5.429,0
2026-03-07 23:44:00,65.23,2.117,5.179,0
2026-03-07 23:45:00,65.86,1.919,5.35,0
2026-03-07 23:46:00,65.45,1.998,5.459,0
2026-03-07 23:47:00,65.52,2.387,5.071,0
2026-03-07 23:48:00,65.77,1.991,5.43,0
2026-03-07 23:49:00,65.05,2.182,5.424,0
2026-03-07 23:50:00,66.31,1.774,5.302,0
2026-03-07 23:51:00,66.38,2.192,5.32,0
2026-03-07 23:52:00,65.59,2.106,5.303,0
2026-03-07 23:53:00,66.14,1.892,5.339,0
2026-03-07 23:54:00,66.6,2.197,5.283,0
2026-03-07 23:55:00,66.71,2.092,5.519,0
2026-03-07 23:56:00,66.33,2.086,5.22,0
2026-03-07 23:57:00,66.04,2.302,5.324,0
2026-03-07 23:58:00,66.82,2.217,5.406,0
2026-03-07 23:59:00,67.82,2.191,5.508,0
2026-03-08 00:00:00,67.39,2.247,5.357,0
2026-03-08 00:01:00,67.04,1.973,5.511,0
2026-03-08 00:02:00,66.82,2.049,5.305,0
2026-03-08 00:03:00,67.54,2.409,5.378,0
2026-03-08 00:04:00,67.43,2.223,5.528,0
2026-03-08 00:05:00,67.26,2.038,5.419,0
2026-03-08 00:06:00,66.76,2.456,5.517,0
2026-03-08 00:07:00,66.42,1.863,5.184,0
2026-03-08 00:08:00,66.21,2.042,5.387,0
2026-03-08 00:09:00,66.53,1.972,5.245,0
2026-03-08 00:10:00,66.5,2.025,5.331,0
2026-03-08 00:11:00,67.11,1.859,5.442,0
2026-03-08 00:12:00,66.25,2.574,5.331,0
2026-03-08 00:13:00,66.01,2.067,5.266,0
2026-03-08 00:14:00,66.22,2.53,5.535,0
2026-03-08 00:15:00,66.11,2.285,5.428,0
2026-03-08 00:16:00,66.46,2.07,5.342,0
2026-03-08 00:17:00,66.59,2.222,5.301,0
2026-03-08 00:18:00,66.5,2.147,5.494,0
2026-03-08 00:19:00,66.31,2.313,5.524,0
2026-03-08 00:20:00,65.91,2.098,5.593,0
2026-03-08 00:21:00,66.57,2.319,5.671,0
2026-03-08 00:22:00,66.27,2.337,5.72,0
2026-03-08 00:23:00,66.58,2.414,5.386,0
2026-03-08 00:24:00,66.86,2.37,5.557,0
2026-03-08 00:25:00,66.67,2.311,5.708,0
2026-03-08 00:26:00,67.01,2.339,5.455,0
2026-03-08 00:27:00,68.25,2.484,5.477,0
2026-03-08 00:28:00,68.28,2.24,5.518,0
2026-03-08 00:29:00,68.72,2.322,5.62,0
2026-03-08 00:30:00,66.91,2.221,5.582,0
2026-03-08 00:31:00,67.21,2.553,5.462,0
2026-03-08 00:32:00,66.85,2.252,5.485,0
2026-03-08 00:33:00,66.61,2.365,5.318,0
2026-03-08 00:34:00,67.84,2.466,5.425,0
2026-03-08 00:35:00,66.98,2.236,5.509,0
2026-03-08 00:36:00,67.65,2.278,5.231,0
2026-03-08 00:37:00,67.59,2.487,5.4,0
2026-03-08 00:38:00,68.21,2.317,5.425,0
2026-03-08 00:39:00,68.29,2.062,5.563,0
2026-03-08 00:40:00,67.52,2.27,5.698,0
2026-03-08 00:41:00,67.5,2.364,5.464,0
2026-03-08 00:42:00,67.98,2.439,5.382,0
2026-03-08 00:43:00,68.14,2.245,5.462,0
2026-03-08 00:44:00,67.76,2.208,5.538,0
2026-03-08 00:45:00,67.44,2.261,5.435,0
2026-03-08 00:46:00,67.13,2.447,5.381,0
2026-03-08 00:47:00,67.24,2.392,5.47,0
2026-03-08 00:48:00,67.54,2.485,5.464,0
2026-03-08 00:49:00,68.9,2.203,5.512,0
2026-03-08 00:50:00,67.98,2.673,5.425,0
2026-03-08 00:51:00,68.65,2.405,5.404,0
2026-03-08 00:52:00,67.41,2.48,5.458,0
2026-03-08 00:53:00,68.18,2.432,5.547,0
2026-03-08 00:54:00,68.57,2.362,5.315,0
2026-03-08 00:55:00,68.85,2.005,5.57,0
2026-03-08 00:56:00,68.92,2.302,5.501,0
2026-03-08 00:57:00,70.38,2.49,5.613,0
2026-03-08 00:58:00,69.72,2.508,5.664,0
2026-03-08 00:59:00,69.12,2.483,5.61,0
2026-03-08 01:00:00,68.74,2.313,5.444,0
2026-03-08 01:01:00,68.97,2.579,5.573,0
2026-03-08 01:02:00,69.29,2.243,5.573,0
2026-03-08 01:03:00,69.34,2.543,5.519,0
2026-03-08 01:04:00,69.84,2.32,5.675,0
2026-03-08 01:05:00,69.75,2.461,5.418,0
2026-03-08 01:06:00,69.25,2.371,5.521,0
2026-03-08 01:07:00,69.71,2.705,5.503,0
2026-03-08 01:08:00,70.35,2.29,5.676,0
2026-03-08 01:09:00,70.27,2.505,5.498,0
2026-03-08 01:10:00,69.42,2.753,5.307,0
2026-03-08 01:11:00,68.44,2.15,5.47,0
2026-03-08 01:12:00,67.76,2.036,5.444,0
2026-03-08 01:13:00,68.52,2.202,5.466,0
2026-03-08 01:14:00,68.34,2.291,5.493,1
2026-03-08 01:15:00,68.38,2.634,5.678,0
2026-03-08 01:16:00,68.69,2.387,5.287,0
2026-03-08 01:17:00,68.71,2.194,5.675,0
2026-03-08 01:18:00,68.09,2.15,5.445,0
2026-03-08 01:19:00,68.73,2.512,5.516,0
2026-03-08 01:20:00,69.11,2.633,5.609,0
2026-03-08 01:21:00,69.21,2.65,5.538,0
2026-03-08 01:22:00,68.87,2.148,5.583,0
2026-03-08 01:23:00,68.9,2.683,5.558,0
2026-03-08 01:24:00,68.74,2.276,5.476,0
2026-03-08 01:25:00,68.19,2.332,5.486,0
2026-03-08 01:26:00,68.7,2.008,5.761,0
2026-03-08 01:27:00,68.37,2.324,5.744,0
2026-03-08 01:28:00,68.62,2.286,5.595,0
2026-03-08 01:29:00,68.25,2.342,5.558,0
2026-03-08 01:30:00,68.83,2.73,5.764,0
2026-03-08 01:31:00,69.06,2.224,5.619,0
2026-03-08 01:32:00,68.28,2.399,5.511,0
2026-03-08 01:33:00,68.57,2.579,5.569,0
2026-03-08 01:34:00,68.43,2.074,5.818,0
2026-03-08 01:35:00,69.1,2.624,5.61,0
2026-03-08 01:36:00,68.95,2.781,5.629,0
2026-03-08 01:37:00,69.26,2.334,5.508,0
2026-03-08 01:38:00,68.92,2.249,5.612,0
2026-03-08 01:39:00,69.26,2.42,5.703,0
2026-03-08 01:40:00,70.04,2.142,5.537,0
2026-03-08 01:41:00,69.8,2.446,5.779,0
2026-03-08 01:42:00,69.75,2.536,5.892,0
2026-03-08 01:43:00,69.54,2.205,5.65,0
2026-03-08 01:44:00,70.21,2.709,5.61,0
2026-03-08 01:45:00,70.22,2.586,5.655,0
2026-03-08 01:46:00,70.03,2.192,5.435,0
2026-03-08 01:47:00,70.57,2.5,5.582,0
2026-03-08 01:48:00,71.29,2.485,5.764,0
2026-03-08 01:49:00,71.37,2.609,5.762,0
2026-03-08 01:50:00,71.3,2.32,5.634,0
2026-03-08 01:51:00,70.9,2.802,5.592,0
2026-03-08 01:52:00,70.86,2.575,5.555,0
2026-03-08 01:53:00,70.93,2.551,5.589,0
2026-03-08 01:54:00,71.37,2.456,5.643,0
2026-03-08 01:55:00,70.34,2.453,5.581,0
2026-03-08 01:56:00,70.87,2.337,5.616,0
2026-03-08 01:57:00,71.29,2.293,5.585,0
2026-03-08 01:58:00,70.54,2.797,5.397,0
2026-03-08 01:59:00,70.14,2.509,5.546,0
2026-03-08 02:00:00,70.54,2.28,5.467,0
2026-03-08 02:01:00,69.94,2.573,5.352,0
2026-03-08 02:02:00,68.97,2.34,5.385,0
2026-03-08 02:03:00,69.26,2.479,5.573,0
2026-03-08 02:04:00,69.22,2.768,5.324,0
2026-03-08 02:05:00,69.12,2.546,5.519,0
2026-03-08 02:06:00,69.05,2.407,5.676,0
2026-03-08 02:07:00,68.92,2.123,5.507,0
2026-03-08 02:08:00,69.35,2.274,5.763,0
2026-03-08 02:09:00,69.24,2.592,5.732,0
2026-03-08 02:10:00,69.45,2.791,5.407,0
2026-03-08 02:11:00,70.26,2.588,5.645,0
2026-03-08 02:12:00,69.88,2.714,5.615,0
2026-03-08 02:13:00,69.92,2.528,5.599,0
2026-03-08 02:14:00,69.88,2.728,5.528,0
2026-03-08 02:15:00,69.42,2.379,5.651,0
2026-03-08 02:16:00,69.42,2.445,5.581,0
2026-03-08 02:17:00,68.85,2.5,5.441,0
2026-03-08 02:18:00,68.8,2.27,5.702,0
2026-03-08 02:19:00,68.74,2.606,5.442,0
2026-03-08 02:20:00,68.09,2.406,5.477,0
2026-03-08 02:21:00,68.4,2.365,5.484,0
2026-03-08 02:22:00,68.47,2.328,5.498,0
2026-03-08 02:23:00,68.98,2.426,5.706,0
2026-03-08 02:24:00,69.14,2.448,5.538,0
2026-03-08 02:25:00,69.71,2.6,5.495,0
2026-03-08 02:26:00,69.52,2.191,5.625,0
2026-03-08 02:27:00,69.44,2.774,5.645,0
2026-03-08 02:28:00,70.73,2.337,5.502,0
2026-03-08 02:29:00,70.45,2.144,5.626,0
2026-03-08 02:30:00,70.43,2.61,5.436,0
2026-03-08 02:31:00,70.47,2.075,5.343,0
2026-03-08 02:32:00,70.88,2.677,5.692,0
2026-03-08 02:33:00,70.86,2.49,5.434,0
2026-03-08 02:34:00,70.4,2.559,5.585,0
2026-03-08 02:35:00,70.59,2.635,5.423,0
2026-03-08 02:36:00,70.42,2.365,5.598,0
2026-03-08 02:37:00,70.41,2.598,5.514,0
2026-03-08 02:38:00,69.46,2.432,5.504,0
2026-03-08 02:39:00,69.33,2.403,5.492,0
2026-03-08 02:40:00,69.04,2.368,5.467,0
2026-03-08 02:41:00,69.16,2.323,5.422,0
2026-03-08 02:42:00,69.64,2.282,5.49,0
2026-03-08 02:43:00,69.08,2.445,5.118,0
2026-03-08 02:44:00,69.21,2.347,5.597,0
2026-03-08 02:45:00,68.98,2.566,5.501,0
2026-03-08 02:46:00,69.38,2.476,5.656,0
2026-03-08 02:47:00,69.52,2.352,5.739,0
2026-03-08 02:48:00,69.71,2.327,5.437,0
2026-03-08 02:49:00,69.65,2.188,5.508,0
2026-03-08 02:50:00,69.34,2.169,5.554,0
2026-03-08 02:51:00,69.9,2.235,5.444,0
2026-03-08 02:52:00,69.94,2.383,5.262,0
2026-03-08 02:53:00,69.46,2.193,5.367,0
2026-03-08 02:54:00,69.12,2.59,5.494,0
2026-03-08 02:55:00,69.8,2.571,5.528,0
2026-03-08 02:56:00,69.87,2.385,5.615,0
2026-03-08 02:57:00,69.69,2.432,5.622,0
2026-03-08 02:58:00,70.09,2.568,5.706,0
2026-03-08 02:59:00,69.41,2.166,5.481,0
2026-03-08 03:00:00,70.37,2.379,5.414,0
2026-03-08 03:01:00,69.3,2.859,5.7,0
2026-03-08 03:02:00,70.44,2.506,5.509,0
2026-03-08 03:03:00,70.9,2.363,5.491,0
2026-03-08 03:04:00,69.89,2.474,5.378,0
2026-03-08 03:05:00,70.33,2.324,5.779,0
2026-03-08 03:06:00,70.34,2.684,5.498,0
2026-03-08 03:07:00,70.12,2.405,5.667,0
2026-03-08 03:08:00,70.19,2.595,5.408,0
2026-03-08 03:09:00,69.33,2.786,5.46,0
2026-03-08 03:10:00,69.92,2.279,5.399,0
2026-03-08 03:11:00,70.34,2.462,5.79,0
2026-03-08 03:12:00,71.31,2.528,5.579,0
2026-03-08 03:13:00,70.55,2.396,5.849,0
2026-03-08 03:14:00,70.53,2.123,5.61,0
2026-03-08 03:15:00,70.4,2.711,5.766,0
2026-03-08 03:16:00,70.87,2.296,5.667,0
2026-03-08 03:17:00,70.86,2.797,5.6,0
2026-03-08 03:18:00,70.13,2.186,5.723,0
2026-03-08 03:19:00,70.31,2.348,5.628,0
2026-03-08 03:20:00,69.32,2.26,5.679,0
2026-03-08 03:21:00,69.54,2.578,5.436,0
2026-03-08 03:22:00,69.35,2.741,5.411,0
2026-03-08 03:23:00,69.19,2.194,5.438,0
2026-03-08 03:24:00,69.04,2.391,5.542,0
2026-03-08 03:25:00,68.95,2.191,5.701,0
2026-03-08 03:26:00,69.22,2.069,5.443,0
2026-03-08 03:27:00,69.07,2.551,5.448,0
2026-03-08 03:28:00,68.64,2.291,5.416,0
2026-03-08 03:29:00,69.39,2.511,5.262,0
2026-03-08 03:30:00,69.24,2.57,5.466,0
2026-03-08 03:31:00,69.33,2.548,5.509,0
2026-03-08 03:32:00,69.01,2.663,5.457,0
2026-03-08 03:33:00,68.62,2.201,5.465,0
2026-03-08 03:34:00,69.0,2.461,5.197,0
2026-03-08 03:35:00,69.1,2.499,5.406,0
2026-03-08 03:36:00,68.62,2.219,5.456,0
2026-03-08 03:37:00,68.62,2.132,5.395,0
2026-03-08 03:38:00,68.76,2.567,5.568,0
2026-03-08 03:39:00,68.61,2.472,5.357,0
2026-03-08 03:40:00,68.91,2.462,5.35,0
2026-03-08 03:41:00,68.93,2.463,5.485,0
2026-03-08 03:42:00,68.85,2.509,5.434,0
2026-03-08 03:43:00,69.02,2.208,5.442,0
2026-03-08 03:44:00,69.15,2.305,5.527,0
2026-03-08 03:45:00,68.73,2.242,5.534,0
2026-03-08 03:46:00,68.07,2.145,5.536,0
2026-03-08 03:47:00,68.74,2.634,5.491,0
2026-03-08 03:48:00,69.16,2.497,5.565,0
2026-03-08 03:49:00,68.97,2.694,5.43,0
2026-03-08 03:50:00,68.84,2.197,5.559,0
2026-03-08 03:51:00,68.95,2.283,5.485,0
2026-03-08 03:52:00,68.74,2.421,5.459,0
2026-03-08 03:53:00,68.19,2.355,5.629,0
2026-03-08 03:54:00,68.97,2.015,5.416,0
2026-03-08 03:55:00,68.68,2.454,5.518,0
2026-03-08 03:56:00,68.36,2.201,5.453,0
2026-03-08 03:57:00,68.19,2.405,5.492,0
2026-03-08 03:58:00,67.77,2.498,5.498,0
2026-03-08 03:59:00,67.85,2.134,5.525,0
2026-03-08 04:00:00,67.88,2.021,5.504,0
2026-03-08 04:01:00,68.58,2.138,5.525,0
2026-03-08 04:02:00,68.49,2.083,5.529,0
2026-03-08 04:03:00,68.61,2.088,5.386,0
2026-03-08 04:04:00,69.03,2.4,5.397,0
2026-03-08 04:05:00,68.34,2.28,5.273,0
2026-03-08 04:06:00,68.88,2.232,5.29,0
2026-03-08 04:07:00,68.17,2.399,5.35,0
2026-03-08 04:08:00,68.09,2.032,5.599,0
2026-03-08 04:09:00,68.03,2.266,5.406,0
2026-03-08 04:10:00,67.85,2.317,5.504,0
2026-03-08 04:11:00,68.67,2.497,5.398,0
2026-03-08 04:12:00,67.85,2.355,5.559,0
2026-03-08 04:13:00,67.79,2.461,5.502,0
2026-03-08 04:14:00,67.42,2.046,5.659,0
2026-03-08 04:15:00,66.66,2.325,5.564,0
2026-03-08 04:16:00,68.08,2.31,5.405,0
2026-03-08 04:17:00,68.52,2.274,5.547,0
2026-03-08 04:18:00,68.25,2.393,5.673,0
2026-03-08 04:19:00,67.75,2.62,5.508,0
2026-03-08 04:20:00,67.91,2.583,5.311,0
2026-03-08 04:21:00,67.89,2.37,5.492,0
2026-03-08 04:22:00,68.15,2.339,5.609,0
2026-03-08 04:23:00,68.15,2.384,5.516,0
2026-03-08 04:24:00,69.38,2.369,5.594,0
2026-03-08 04:25:00,68.84,2.223,5.484,0
2026-03-08 04:26:00,68.85,2.477,5.362,0
2026-03-08 04:27:00,69.16,2.599,5.468,0
2026-03-08 04:28:00,69.53,2.297,5.395,0
2026-03-08 04:29:00,69.55,2.543,5.463,0
2026-03-08 04:30:00,69.02,2.391,5.634,0
2026-03-08 04:31:00,69.73,2.688,5.622,0
2026-03-08 04:32:00,69.27,2.574,5.508,0
2026-03-08 04:33:00,69.74,2.391,5.605,0
2026-03-08 04:34:00,69.31,2.377,5.475,0
2026-03-08 04:35:00,69.26,2.35,5.568,0
2026-03-08 04:36:00,69.77,2.17,5.573,0
2026-03-08 04:37:00,70.29,2.389,5.55,0
2026-03-08 04:38:00,70.01,2.766,5.504,0
2026-03-08 04:39:00,70.55,2.391,5.481,0
2026-03-08 04:40:00,70.07,2.196,5.413,0
2026-03-08 04:41:00,69.99,2.194,5.595,0
2026-03-08 04:42:00,69.88,2.598,5.467,0
2026-03-08 04:43:00,70.07,2.225,5.387,0
2026-03-08 04:44:00,69.58,2.779,5.372,0
2026-03-08 04:45:00,69.21,2.387,5.645,0
2026-03-08 04:46:00,69.5,2.437,5.538,0
2026-03-08 04:47:00,69.67,2.579,5.573,0
2026-03-08 04:48:00,69.71,2.615,5.434,0
2026-03-08 04:49:00,70.26,2.69,5.583,0
2026-03-08 04:50:00,70.21,2.358,5.44,0
2026-03-08 04:51:00,70.56,2.354,5.485,0
2026-03-08 04:52:00,70.49,2.637,5.481,0
2026-03-08 04:53:00,69.23,2.246,5.373,0
2026-03-08 04:54:00,69.24,2.299,5.263,0
2026-03-08 04:55:00,69.91,2.733,5.554,0
2026-03-08 04:56:00,69.19,2.574,5.29,0
2026-03-08 04:57:00,69.16,2.328,5.611,0
2026-03-08 04:58:00,69.67,2.8,5.718,0
2026-03-08 04:59:00,68.53,2.661,5.403,0
2026-03-08 05:00:00,69.68,2.527,5.476,0
2026-03-08 05:01:00,70.01,2.443,5.519,0
2026-03-08 05:02:00,70.69,2.837,5.565,0
2026-03-08 05:03:00,71.22,2.354,5.601,0
2026-03-08 05:04:00,71.41,2.477,5.382,0
2026-03-08 05:05:00,70.94,3.065,5.414,0
2026-03-08 05:06:00,70.41,2.556,5.45,0
2026-03-08 05:07:00,71.07,2.501,5.552,0
2026-03-08 05:08:00,71.44,2.931,5.677,0
2026-03-08 05:09:00,70.43,2.4,5.399,0
2026-03-08 05:10:00,70.39,2.37,5.61,0
2026-03-08 05:11:00,70.04,2.56,5.538,0
2026-03-08 05:12:00,70.25,2.661,5.635,0
2026-03-08 05:13:00,70.25,2.423,5.523,0
2026-03-08 05:14:00,69.69,2.461,5.424,0
2026-03-08 05:15:00,69.15,2.546,5.461,0
2026-03-08 05:16:00,69.35,2.511,5.557,0
2026-03-08 05:17:00,69.03,2.416,5.68,0
2026-03-08 05:18:00,68.82,2.362,5.645,0
2026-03-08 05:19:00,68.75,2.274,5.578,0
2026-03-08 05:20:00,68.83,2.512,5.743,1
2026-03-08 05:21:00,68.13,2.422,5.518,0
2026-03-08 05:22:00,68.16,2.587,5.47,0
2026-03-08 05:23:00,69.21,2.587,5.493,0
2026-03-08 05:24:00,69.44,2.674,5.503,0
2026-03-08 05:25:00,68.91,2.066,5.596,0
2026-03-08 05:26:00,68.15,2.033,5.45,0
2026-03-08 05:27:00,68.42,2.39,5.559,0
2026-03-08 05:28:00,68.31,2.09,5.477,0
2026-03-08 05:29:00,68.41,2.36,5.391,0
2026-03-08 05:30:00,67.84,2.413,5.352,0
2026-03-08 05:31:00,67.62,2.625,5.45,0
2026-03-08 05:32:00,68.29,2.383,5.384,0
2026-03-08 05:33:00,67.38,2.127,5.425,0
2026-03-08 05:34:00,67.63,2.139,5.46,0
2026-03-08 05:35:00,67.36,2.136,5.456,0
2026-03-08 05:36:00,67.74,2.398,5.588,0
2026-03-08 05:37:00,68.06,2.327,5.647,0
2026-03-08 05:38:00,67.86,2.323,5.599,0
2026-03-08 05:39:00,67.71,2.029,5.567,0
2026-03-08 05:40:00,68.48,2.289,5.482,0
2026-03-08 05:41:00,68.74,2.391,5.606,0
2026-03-08 05:42:00,69.2,2.308,5.559,0
2026-03-08 05:43:00,69.49,2.592,5.551,0
2026-03-08 05:44:00,70.2,2.719,5.833,0
2026-03-08 05:45:00,69.9,2.264,5.56,0
2026-03-08 05:46:00,69.36,2.537,5.542,0
2026-03-08 05:47:00,69.32,2.601,5.793,0
2026-03-08 05:48:00,69.35,2.312,5.67,0
2026-03-08 05:49:00,69.96,2.627,5.504,0
2026-03-08 05:50:00,70.37,2.601,5.839,0
2026-03-08 05:51:00,70.78,2.428,5.533,0
2026-03-08 05:52:00,70.73,2.549,5.682,0
2026-03-08 05:53:00,71.15,2.655,5.569,1
2026-03-08 05:54:00,70.56,2.528,5.699,0
2026-03-08 05:55:00,70.83,2.63,5.605,0
2026-03-08 05:56:00,71.51,2.629,5.549,0
2026-03-08 05:57:00,70.64,2.334,5.613,0
2026-03-08 05:58:00,70.83,2.538,5.642,0
2026-03-08 05:59:00,70.19,2.406,5.463,0
2026-03-08 06:00:00,70.23,2.462,5.608,0
2026-03-08 06:01:00,70.39,2.615,5.576,0
2026-03-08 06:02:00,71.12,2.586,5.607,0
2026-03-08 06:03:00,71.25,2.447,5.539,0
2026-03-08 06:04:00,70.53,2.563,5.618,0
2026-03-08 06:05:00,70.25,2.334,5.573,0
2026-03-08 06:06:00,70.74,2.221,5.601,0
2026-03-08 06:07:00,71.38,2.64,5.614,0
2026-03-08 06:08:00,70.85,2.771,5.601,0
2026-03-08 06:09:00,71.02,2.563,5.589,0
2026-03-08 06:10:00,70.74,2.377,5.574,0
2026-03-08 06:11:00,71.27,2.26,5.608,0
2026-03-08 06:12:00,70.82,2.815,5.596,0
2026-03-08 06:13:00,70.86,2.551,5.522,0
2026-03-08 06:14:00,70.44,2.305,5.567,0
2026-03-08 06:15:00,70.36,2.467,5.67,0
2026-03-08 06:16:00,70.07,2.588,5.621,0
2026-03-08 06:17:00,69.78,2.29,5.492,0
2026-03-08 06:18:00,70.32,2.491,5.439,0
2026-03-08 06:19:00,70.6,2.509,5.342,0
2026-03-08 06:20:00,70.93,2.655,5.475,0
2026-03-08 06:21:00,70.9,2.563,5.688,0
2026-03-08 06:22:00,70.81,2.84,5.601,0
2026-03-08 06:23:00,70.61,2.628,5.396,0
2026-03-08 06:24:00,70.09,2.625,5.356,0
2026-03-08 06:25:00,70.73,2.565,5.386,0
2026-03-08 06:26:00,70.71,2.89,5.823,0
2026-03-08 06:27:00,70.48,2.567,5.628,0
2026-03-08 06:28:00,70.62,2.555,5.375,0
2026-03-08 06:29:00,70.18,2.459,5.611,0
2026-03-08 06:30:00,69.41,2.507,5.52,0
2026-03-08 06:31:00,70.21,2.59,5.635,0
2026-03-08 06:32:00,69.5,2.398,5.789,0
2026-03-08 06:33:00,69.03,2.265,5.528,0
2026-03-08 06:34:00,69.08,2.293,5.507,0
2026-03-08 06:35:00,69.33,2.571,5.646,0
2026-03-08 06:36:00,69.85,2.56,5.611,0
2026-03-08 06:37:00,69.4,2.375,5.528,0
2026-03-08 06:38:00,70.1,2.619,5.661,0
2026-03-08 06:39:00,69.14,2.424,5.487,0
2026-03-08 06:40:00,69.38,2.159,5.496,0
2026-03-08 06:41:00,69.83,2.528,5.464,0
2026-03-08 06:42:00,70.1,2.326,5.399,0
2026-03-08 06:43:00,70.12,2.504,5.49,0
2026-03-08 06:44:00,69.79,2.593,5.464,0
2026-03-08 06:45:00,69.71,2.769,5.394,0
2026-03-08 06:46:00,69.87,2.348,5.756,0
2026-03-08 06:47:00,70.2,2.328,5.768,0
2026-03-08 06:48:00,69.45,2.376,5.584,0
2026-03-08 06:49:00,69.17,2.1,5.552,0
2026-03-08 06:50:00,70.15,2.409,5.83,0
2026-03-08 06:51:00,69.74,2.456,5.601,0
2026-03-08 06:52:00,69.85,2.341,5.607,0
2026-03-08 06:53:00,69.33,2.484,5.614,0
2026-03-08 06:54:00,70.23,2.476,5.562,0
2026-03-08 06:55:00,70.03,2.66,5.632,0
2026-03-08 06:56:00,70.8,2.868,5.731,0
2026-03-08 06:57:00,71.37,2.442,5.904,0
2026-03-08 06:58:00,71.55,2.695,5.632,0
2026-03-08 06:59:00,71.47,2.327,5.391,1
2026-03-08 07:00:00,71.17,3.073,5.503,0
2026-03-08 07:01:00,70.55,2.9,5.464,0
2026-03-08 07:02:00,71.01,2.923,5.751,0
2026-03-08 07:03:00,70.84,2.829,5.678,0
2026-03-08 07:04:00,70.84,2.664,5.589,0
2026-03-08 07:05:00,70.64,2.563,5.643,0
2026-03-08 07:06:00,70.31,2.412,5.819,0
2026-03-08 07:07:00,70.21,2.61,5.615,0
2026-03-08 07:08:00,69.22,2.844,5.767,0
2026-03-08 07:09:00,69.45,2.252,5.54,0
2026-03-08 07:10:00,68.8,2.045,5.646,0
2026-03-08 07:11:00,69.54,2.439,5.671,0
2026-03-08 07:12:00,69.3,2.532,5.54,0
2026-03-08 07:13:00,69.84,2.698,5.631,0
2026-03-08 07:14:00,70.28,2.707,5.721,0
2026-03-08 07:15:00,70.27,2.652,5.598,0
2026-03-08 07:16:00,69.82,2.558,5.423,0
2026-03-08 07:17:00,70.0,2.551,5.756,0
2026-03-08 07:18:00,69.59,2.588,5.575,0
2026-03-08 07:19:00,69.79,2.852,5.693,0
2026-03-08 07:20:00,69.85,2.634,5.661,0
2026-03-08 07:21:00,69.8,2.815,5.7,0
2026-03-08 07:22:00,68.81,2.723,5.387,0
2026-03-08 07:23:00,67.96,2.286,5.493,0
2026-03-08 07:24:00,67.88,2.213,5.556,0
2026-03-08 07:25:00,68.82,2.36,5.51,0
2026-03-08 07:26:00,69.45,2.673,5.659,0
2026-03-08 07:27:00,69.42,2.569,5.535,0
2026-03-08 07:28:00,68.48,2.497,5.626,0
2026-03-08 07:29:00,69.76,2.558,5.494,0
2026-03-08 07:30:00,68.9,2.443,5.469,0
2026-03-08 07:31:00,70.26,2.528,5.611,0
2026-03-08 07:32:00,70.43,2.429,5.722,0
2026-03-08 07:33:00,70.43,2.447,5.567,0
2026-03-08 07:34:00,70.23,2.192,5.412,0
2026-03-08 07:35:00,71.14,2.811,5.679,0
2026-03-08 07:36:00,70.69,2.316,5.692,0
2026-03-08 07:37:00,71.35,2.876,5.635,1
2026-03-08 07:38:00,71.11,2.48,5.551,0
2026-03-08 07:39:00,71.31,2.453,5.653,0
2026-03-08 07:40:00,70.67,2.154,5.568,0
2026-03-08 07:41:00,70.68,2.346,5.815,0
2026-03-08 07:42:00,71.48,2.774,5.608,0
2026-03-08 07:43:00,70.9,2.493,5.679,0
2026-03-08 07:44:00,72.0,2.63,5.42,0
2026-03-08 07:45:00,70.84,2.601,5.527,0
2026-03-08 07:46:00,70.68,2.411,5.664,0
2026-03-08 07:47:00,70.37,2.672,5.474,0
2026-03-08 07:48:00,70.2,2.504,5.476,0
2026-03-08 07:49:00,70.26,2.293,5.854,0
2026-03-08 07:50:00,70.01,2.442,5.391,0
2026-03-08 07:51:00,70.03,2.53,5.534,0
2026-03-08 07:52:00,70.88,2.507,5.613,0
2026-03-08 07:53:00,70.79,2.513,5.422,0
2026-03-08 07:54:00,70.87,2.758,5.441,0
2026-03-08 07:55:00,71.21,2.421,5.828,0
2026-03-08 07:56:00,71.55,2.448,5.561,0
2026-03-08 07:57:00,71.65,2.628,5.711,0
2026-03-08 07:58:00,71.89,2.722,5.556,0
2026-03-08 07:59:00,71.46,2.465,5.387,0
2026-03-08 08:00:00,71.02,2.579,5.472,0
2026-03-08 08:01:00,70.59,2.616,5.726,0
2026-03-08 08:02:00,71.08,2.77,5.473,0
2026-03-08 08:03:00,71.52,2.485,5.629,0
2026-03-08 08:04:00,72.12,2.718,5.817,0
2026-03-08 08:05:00,70.46,2.552,5.493,0
2026-03-08 08:06:00,70.4,2.504,5.746,0
2026-03-08 08:07:00,69.79,2.433,5.545,0
2026-03-08 08:08:00,69.89,2.513,5.416,0
2026-03-08 08:09:00,69.95,2.594,5.424,0
2026-03-08 08:10:00,70.57,2.446,5.584,0
2026-03-08 08:11:00,70.39,2.56,5.626,0
2026-03-08 08:12:00,70.59,2.914,5.579,0
2026-03-08 08:13:00,69.94,2.62,5.594,0
2026-03-08 08:14:00,70.88,2.732,5.48,0
2026-03-08 08:15:00,70.92,2.749,5.654,0
2026-03-08 08:16:00,70.57,2.835,5.639,0
2026-03-08 08:17:00,70.98,2.718,5.708,0
2026-03-08 08:18:00,71.29,2.32,5.74,0
2026-03-08 08:19:00,71.03,2.816,5.523,0
2026-03-08 08:20:00,71.5,2.679,5.488,0
2026-03-08 08:21:00,70.82,2.628,5.471,1
2026-03-08 08:22:00,71.11,2.573,5.61,0
2026-03-08 08:23:00,71.02,3.148,5.615,0
2026-03-08 08:24:00,70.36,2.411,5.693,0
2026-03-08 08:25:00,70.19,2.778,5.511,0
2026-03-08 08:26:00,69.86,2.426,5.773,0
2026-03-08 08:27:00,70.61,2.839,5.588,0
2026-03-08 08:28:00,70.48,2.598,5.563,0
2026-03-08 08:29:00,70.46,2.649,5.523,0
2026-03-08 08:30:00,70.45,2.687,5.565,0
2026-03-08 08:31:00,69.81,2.328,5.377,0
2026-03-08 08:32:00,70.09,2.617,5.619,0
2026-03-08 08:33:00,70.15,2.494,5.565,0
2026-03-08 08:34:00,69.48,2.808,5.674,0
2026-03-08 08:35:00,70.02,2.539,5.525,0
2026-03-08 08:36:00,69.71,2.716,5.525,0
2026-03-08 08:37:00,69.77,2.599,5.511,0
2026-03-08 08:38:00,69.48,2.787,5.549,0
2026-03-08 08:39:00,69.9,2.596,5.69,0
2026-03-08 08:40:00,69.66,2.451,5.729,0
2026-03-08 08:41:00,69.8,2.676,5.553,0
2026-03-08 08:42:00,70.0,2.485,5.697,0
2026-03-08 08:43:00,70.13,2.447,5.567,1
2026-03-08 08:44:00,70.92,2.615,5.735,0
2026-03-08 08:45:00,71.43,2.982,5.709,0
2026-03-08 08:46:00,71.36,2.355,5.731,0
2026-03-08 08:47:00,71.32,2.52,5.851,0
2026-03-08 08:48:00,70.91,2.787,5.401,0
2026-03-08 08:49:00,71.89,2.684,5.528,0
2026-03-08 08:50:00,71.06,2.923,5.767,0
2026-03-08 08:51:00,71.11,2.642,5.701,0
2026-03-08 08:52:00,71.85,2.839,5.744,0
2026-03-08 08:53:00,71.44,2.556,5.634,0
2026-03-08 08:54:00,71.68,2.496,5.867,0
2026-03-08 08:55:00,71.35,2.923,5.617,0
2026-03-08 08:56:00,71.94,2.647,5.781,0
2026-03-08 08:57:00,71.4,2.683,5.691,0
2026-03-08 08:58:00,70.82,2.68,5.612,0
2026-03-08 08:59:00,71.09,2.886,5.579,0
2026-03-08 09:00:00,71.58,2.656,5.907,0
2026-03-08 09:01:00,70.81,2.655,5.323,0
2026-03-08 09:02:00,71.36,2.583,5.725,0
2026-03-08 09:03:00,71.3,2.529,5.501,0
2026-03-08 09:04:00,70.9,2.599,5.579,0
2026-03-08 09:05:00,70.07,2.928,5.59,0
2026-03-08 09:06:00,69.9,2.843,5.659,0
2026-03-08 09:07:00,70.27,2.397,5.51,0
2026-03-08 09:08:00,70.6,2.456,5.702,0
2026-03-08 09:09:00,70.51,2.739,5.394,0
2026-03-08 09:10:00,71.19,2.652,5.694,0
2026-03-08 09:11:00,70.45,2.708,5.622,0
2026-03-08 09:12:00,70.79,2.578,5.869,0
2026-03-08 09:13:00,70.17,2.546,5.487,0
2026-03-08 09:14:00,70.46,2.66,5.723,0
2026-03-08 09:15:00,70.83,2.685,5.918,0
2026-03-08 09:16:00,70.53,2.561,5.612,0
2026-03-08 09:17:00,71.21,2.567,5.804,0
2026-03-08 09:18:00,71.72,2.625,5.712,0
2026-03-08 09:19:00,71.81,2.859,5.582,0
2026-03-08 09:20:00,71.57,2.775,5.708,0
2026-03-08 09:21:00,71.6,3.136,5.452,0
2026-03-08 09:22:00,72.01,2.868,5.774,0
2026-03-08 09:23:00,72.13,2.531,5.587,0
2026-03-08 09:24:00,72.81,2.836,5.644,0
2026-03-08 09:25:00,72.24,3.003,5.534,0
2026-03-08 09:26:00,72.72,2.994,5.75,0
2026-03-08 09:27:00,72.39,2.67,5.768,0
2026-03-08 09:28:00,72.12,2.955,5.565,0
2026-03-08 09:29:00,71.84,2.671,5.578,0
2026-03-08 09:30:00,71.77,2.502,5.626,0
2026-03-08 09:31:00,71.72,2.909,5.681,0
2026-03-08 09:32:00,71.49,2.864,5.507,0
2026-03-08 09:33:00,71.74,2.654,5.978,0
2026-03-08 09:34:00,71.13,2.61,5.732,0
2026-03-08 09:35:00,72.41,2.467,5.603,0
2026-03-08 09:36:00,71.98,3.058,5.595,0
2026-03-08 09:37:00,72.46,2.5,5.544,0
2026-03-08 09:38:00,72.2,2.819,5.828,0
2026-03-08 09:39:00,72.59,2.508,5.705,0
2026-03-08 09:40:00,72.37,2.372,5.686,0
2026-03-08 09:41:00,72.01,2.647,5.482,0
2026-03-08 09:42:00,72.59,2.236,5.521,0
2026-03-08 09:43:00,72.49,2.74,5.729,0
2026-03-08 09:44:00,71.63,2.55,5.332,0
2026-03-08 09:45:00,71.94,2.793,5.507,0
2026-03-08 09:46:00,71.59,3.095,5.688,0
2026-03-08 09:47:00,71.24,2.795,5.602,0
2026-03-08 09:48:00,71.13,3.168,5.621,0
2026-03-08 09:49:00,71.73,2.538,5.788,0
2026-03-08 09:50:00,72.27,2.742,5.579,0
2026-03-08 09:51:00,72.37,2.671,5.675,0
2026-03-08 09:52:00,72.72,2.725,5.51,0
2026-03-08 09:53:00,72.45,2.321,5.552,0
2026-03-08 09:54:00,72.39,2.453,5.669,0
2026-03-08 09:55:00,71.97,2.693,5.895,0
2026-03-08 09:56:00,71.81,2.701,5.7,0
2026-03-08 09:57:00,71.46,2.603,5.775,0
2026-03-08 09:58:00,71.77,2.58,5.643,0
2026-03-08 09:59:00,72.34,3.324,5.736,0
2026-03-08 10:00:00,71.35,2.682,5.589,0
2026-03-08 10:01:00,71.22,2.701,5.653,0
2026-03-08 10:02:00,70.89,2.579,5.596,0
2026-03-08 10:03:00,70.61,2.46,5.743,0
2026-03-08 10:04:00,71.05,2.807,5.69,0
2026-03-08 10:05:00,71.36,2.615,5.721,0
2026-03-08 10:06:00,71.94,2.88,5.791,0
2026-03-08 10:07:00,72.11,3.028,5.82,0
2026-03-08 10:08:00,72.16,2.589,5.713,0
2026-03-08 10:09:00,71.72,2.886,5.646,0
2026-03-08 10:10:00,72.05,2.784,5.733,0
2026-03-08 10:11:00,71.92,2.491,5.311,0
2026-03-08 10:12:00,72.3,2.895,5.704,0
2026-03-08 10:13:00,71.89,2.653,5.505,0
2026-03-08 10:14:00,71.89,2.804,5.793,0
2026-03-08 10:15:00,71.71,2.775,5.338,0
2026-03-08 10:16:00,72.02,2.905,5.822,0
2026-03-08 10:17:00,72.44,2.831,5.752,0
2026-03-08 10:18:00,71.86,2.709,5.698,0
2026-03-08 10:19:00,72.16,2.79,5.571,0
2026-03-08 10:20:00,72.4,2.79,5.549,0
2026-03-08 10:21:00,72.14,2.571,5.814,0
2026-03-08 10:22:00,71.42,2.902,5.706,0
2026-03-08 10:23:00,71.6,2.559,5.775,0
2026-03-08 10:24:00,71.0,2.565,5.628,0
2026-03-08 10:25:00,72.34,2.846,5.763,0
2026-03-08 10:26:00,71.79,2.59,5.717,0
2026-03-08 10:27:00,72.5,2.782,5.426,0
2026-03-08 10:28:00,71.77,2.629,5.703,0
2026-03-08 10:29:00,71.62,2.55,5.994,0
2026-03-08 10:30:00,71.7,2.859,5.658,0
2026-03-08 10:31:00,72.31,2.838,5.694,0
2026-03-08 10:32:00,71.8,2.709,5.875,0
2026-03-08 10:33:00,72.04,2.992,5.567,0
2026-03-08 10:34:00,71.88,2.945,5.699,0
2026-03-08 10:35:00,72.15,2.738,5.885,0
2026-03-08 10:36:00,71.92,3.236,5.763,1
2026-03-08 10:37:00,71.87,2.563,5.594,0
2026-03-08 10:38:00,72.07,2.673,5.556,0
2026-03-08 10:39:00,72.38,2.892,5.684,0
2026-03-08 10:40:00,73.18,2.65,5.695,0
2026-03-08 10:41:00,73.33,2.554,5.609,0
2026-03-08 10:42:00,73.49,2.538,5.718,0
2026-03-08 10:43:00,74.66,2.744,5.702,0
2026-03-08 10:44:00,74.19,2.841,5.61,0
2026-03-08 10:45:00,73.95,3.003,5.793,0
2026-03-08 10:46:00,73.99,3.009,5.531,0
2026-03-08 10:47:00,73.31,2.923,5.699,1
2026-03-08 10:48:00,73.94,3.117,5.755,0
2026-03-08 10:49:00,73.61,3.035,5.584,0
2026-03-08 10:50:00,73.63,2.517,5.859,0
2026-03-08 10:51:00,73.1,2.501,5.741,0
2026-03-08 10:52:00,73.2,3.21,5.696,0
2026-03-08 10:53:00,73.0,2.78,5.698,0
2026-03-08 10:54:00,72.79,2.636,5.706,0
2026-03-08 10:55:00,73.03,2.746,5.495,0
2026-03-08 10:56:00,73.22,2.545,5.749,0
2026-03-08 10:57:00,72.22,2.457,5.636,0
2026-03-08 10:58:00,72.04,2.343,5.571,0
2026-03-08 10:59:00,72.91,2.819,5.671,0
2026-03-08 11:00:00,72.28,2.749,5.689,0
2026-03-08 11:01:00,72.69,2.846,5.518,0
2026-03-08 11:02:00,73.35,2.503,5.625,0
2026-03-08 11:03:00,73.93,2.714,5.535,0
2026-03-08 11:04:00,73.16,2.542,5.601,0
2026-03-08 11:05:00,73.9,3.071,5.717,0
2026-03-08 11:06:00,73.29,2.472,5.638,0
2026-03-08 11:07:00,73.62,2.789,5.722,0
2026-03-08 11:08:00,73.12,2.565,5.925,0
2026-03-08 11:09:00,73.15,2.625,5.599,0
2026-03-08 11:10:00,73.54,2.851,5.706,0
2026-03-08 11:11:00,73.51,2.664,5.654,0
2026-03-08 11:12:00,73.66,2.731,5.768,0
2026-03-08 11:13:00,74.29,3.073,5.489,0
2026-03-08 11:14:00,73.01,2.573,5.749,0
2026-03-08 11:15:00,72.57,2.744,5.71,0
2026-03-08 11:16:00,73.03,3.001,5.857,0
2026-03-08 11:17:00,72.04,2.946,5.832,0
2026-03-08 11:18:00,71.68,2.643,5.815,0
2026-03-08 11:19:00,71.48,2.708,5.646,0
2026-03-08 11:20:00,71.81,2.814,5.704,0
2026-03-08 11:21:00,71.48,2.705,5.773,0
2026-03-08 11:22:00,72.2,2.319,5.715,0
2026-03-08 11:23:00,71.33,2.496,5.857,0
2026-03-08 11:24:00,71.71,2.676,5.695,0
2026-03-08 11:25:00,71.7,2.629,5.705,0
2026-03-08 11:26:00,71.33,2.713,5.558,0
2026-03-08 11:27:00,71.58,3.245,5.768,0
2026-03-08 11:28:00,72.35,2.847,5.86,0
2026-03-08 11:29:00,72.22,2.653,5.677,0
2026-03-08 11:30:00,72.14,2.898,5.685,0
2026-03-08 11:31:00,72.86,2.558,5.472,0
2026-03-08 11:32:00,72.49,2.823,5.512,0
2026-03-08 11:33:00,72.43,2.573,5.599,0
2026-03-08 11:34:00,72.18,2.759,5.647,0
2026-03-08 11:35:00,72.16,2.722,5.566,0
2026-03-08 11:36:00,71.91,2.705,5.462,0
2026-03-08 11:37:00,71.78,2.811,5.549,0
2026-03-08 11:38:00,72.23,2.789,5.71,0
2026-03-08 11:39:00,72.42,2.857,5.561,0
2026-03-08 11:40:00,71.51,2.928,5.634,0
2026-03-08 11:41:00,71.54,2.642,5.38,0
2026-03-08 11:42:00,71.37,2.802,5.485,0
2026-03-08 11:43:00,70.54,2.789,5.564,0
2026-03-08 11:44:00,70.76,2.729,5.55,0
2026-03-08 11:45:00,70.97,2.499,5.435,0
2026-03-08 11:46:00,71.46,2.611,5.521,0
2026-03-08 11:47:00,70.26,2.473,5.558,0
2026-03-08 11:48:00,70.78,2.815,5.697,0
2026-03-08 11:49:00,70.66,3.048,5.605,0
2026-03-08 11:50:00,70.52,3.02,5.451,0
2026-03-08 11:51:00,71.36,2.591,5.561,0
2026-03-08 11:52:00,71.74,2.628,5.809,0
2026-03-08 11:53:00,72.7,2.992,5.542,0
2026-03-08 11:54:00,72.67,2.74,5.755,0
2026-03-08 11:55:00,72.71,2.987,5.572,0
2026-03-08 11:56:00,72.97,3.17,5.821,0
2026-03-08 11:57:00,73.18,2.635,5.56,0
2026-03-08 11:58:00,73.64,2.901,5.615,0
2026-03-08 11:59:00,73.32,2.849,5.691,0
2026-03-08 12:00:00,73.53,2.877,5.762,0
2026-03-08 12:01:00,72.98,2.912,5.692,1
2026-03-08 12:02:00,73.66,3.234,5.507,0
2026-03-08 12:03:00,72.92,2.509,5.6,0
2026-03-08 12:04:00,73.02,2.821,5.536,0
2026-03-08 12:05:00,73.51,2.855,5.738,0
2026-03-08 12:06:00,73.31,3.089,5.836,0
2026-03-08 12:07:00,73.18,2.985,5.908,0
2026-03-08 12:08:00,73.38,2.901,5.691,0
2026-03-08 12:09:00,73.78,2.742,5.724,0
2026-03-08 12:10:00,73.94,2.623,5.729,0
2026-03-08 12:11:00,73.32,2.875,5.86,0
2026-03-08 12:12:00,73.69,2.689,5.888,0
2026-03-08 12:13:00,74.02,2.741,5.926,0
2026-03-08 12:14:00,73.39,2.772,5.53,0
2026-03-08 12:15:00,73.01,3.01,5.614,0
2026-03-08 12:16:00,73.42,2.775,5.782,0
2026-03-08 12:17:00,73.32,3.725,5.816,0
2026-03-08 12:18:00,73.43,3.017,5.66,0
2026-03-08 12:19:00,73.76,3.044,5.727,0
2026-03-08 12:20:00,72.56,2.614,5.646,0
2026-03-08 12:21:00,72.52,2.638,5.689,0
2026-03-08 12:22:00,72.96,2.918,5.645,0
2026-03-08 12:23:00,73.22,2.751,5.733,0
2026-03-08 12:24:00,74.07,2.913,5.848,0
2026-03-08 12:25:00,72.97,2.791,5.815,0
2026-03-08 12:26:00,73.99,3.534,5.72,0
2026-03-08 12:27:00,74.49,3.057,5.68,0
2026-03-08 12:28:00,73.79,3.069,5.983,0
2026-03-08 12:29:00,74.06,3.581,6.035,0
2026-03-08 12:30:00,74.72,2.958,5.91,0
2026-03-08 12:31:00,74.98,2.687,5.779,0
2026-03-08 12:32:00,75.29,2.832,5.607,0
2026-03-08 12:33:00,76.61,3.294,5.988,1
2026-03-08 12:34:00,75.02,3.035,5.793,1
2026-03-08 12:35:00,74.98,3.269,5.835,1
2026-03-08 12:36:00,75.97,3.178,6.11,0
2026-03-08 12:37:00,76.16,2.555,6.032,0
2026-03-08 12:38:00,74.8,2.72,5.904,0
2026-03-08 12:39:00,76.04,2.762,5.885,0
2026-03-08 12:40:00,75.79,2.929,5.79,0
2026-03-08 12:41:00,75.92,2.936,5.949,1
2026-03-08 12:42:00,75.75,2.823,5.944,0
2026-03-08 12:43:00,75.45,3.181,5.798,0
2026-03-08 12:44:00,74.83,3.04,5.597,0
2026-03-08 12:45:00,74.88,2.986,5.787,0
2026-03-08 12:46:00,74.59,3.04,5.755,0
2026-03-08 12:47:00,75.22,2.881,5.614,0
2026-03-08 12:48:00,74.46,2.815,5.844,0
2026-03-08 12:49:00,75.23,2.742,5.851,0
2026-03-08 12:50:00,75.61,2.901,5.86,0
2026-03-08 12:51:00,75.57,2.992,5.771,0
2026-03-08 12:52:00,75.53,3.035,5.622,1
2026-03-08 12:53:00,75.43,2.735,5.847,0
2026-03-08 12:54:00,75.24,3.03,5.771,0
2026-03-08 12:55:00,75.28,2.749,5.661,0
2026-03-08 12:56:00,73.86,2.959,5.86,0
2026-03-08 12:57:00,74.34,2.726,5.974,0
2026-03-08 12:58:00,73.85,3.04,5.793,0
2026-03-08 12:59:00,73.54,3.198,5.904,0
2026-03-08 13:00:00,73.8,2.57,5.66,0
2026-03-08 13:01:00,73.42,2.814,5.92,0
2026-03-08 13:02:00,73.55,3.066,5.629,0
2026-03-08 13:03:00,73.36,2.875,5.91,0
2026-03-08 13:04:00,73.23,3.109,5.648,0
2026-03-08 13:05:00,74.06,2.824,5.702,0
2026-03-08 13:06:00,73.48,3.242,5.882,0
2026-03-08 13:07:00,75.16,2.943,5.782,0
2026-03-08 13:08:00,74.8,3.224,5.884,0
2026-03-08 13:09:00,74.25,2.828,5.627,0
2026-03-08 13:10:00,74.49,3.382,5.985,0
2026-03-08 13:11:00,74.82,3.052,5.848,0
2026-03-08 13:12:00,75.03,2.9,5.681,1
2026-03-08 13:13:00,74.33,2.543,5.662,0
2026-03-08 13:14:00,74.45,2.426,5.658,0
2026-03-08 13:15:00,74.93,2.705,5.871,0
2026-03-08 13:16:00,74.47,2.973,5.482,0
2026-03-08 13:17:00,74.47,3.084,5.707,0
2026-03-08 13:18:00,74.79,2.712,5.719,0
2026-03-08 13:19:00,73.67,2.797,5.822,0
2026-03-08 13:20:00,73.5,2.472,5.685,0
2026-03-08 13:21:00,73.73,2.754,5.555,0
2026-03-08 13:22:00,73.64,2.665,5.868,0
2026-03-08 13:23:00,72.94,2.782,5.888,0
2026-03-08 13:24:00,72.9,2.597,5.572,0
2026-03-08 13:25:00,73.55,3.026,5.67,0
2026-03-08 13:26:00,73.0,2.599,5.761,0
2026-03-08 13:27:00,72.93,2.596,5.831,0
2026-03-08 13:28:00,72.71,2.405,5.79,0
2026-03-08 13:29:00,72.94,3.173,5.54,0
2026-03-08 13:30:00,72.36,2.527,5.78,0
2026-03-08 13:31:00,72.16,2.765,5.553,0
2026-03-08 13:32:00,73.16,2.433,5.589,0
2026-03-08 13:33:00,72.44,2.665,5.509,0
2026-03-08 13:34:00,72.84,2.985,5.749,0
2026-03-08 13:35:00,73.05,3.248,5.471,1
2026-03-08 13:36:00,72.63,2.806,5.655,0
2026-03-08 13:37:00,71.78,2.402,5.588,0
2026-03-08 13:38:00,72.59,3.063,5.713,0
2026-03-08 13:39:00,71.6,2.579,5.503,0
2026-03-08 13:40:00,71.81,2.743,5.825,0
2026-03-08 13:41:00,71.3,2.829,5.827,0
2026-03-08 13:42:00,71.39,2.747,5.814,0
2026-03-08 13:43:00,72.3,2.803,5.446,0
2026-03-08 13:44:00,72.15,3.083,5.569,0
2026-03-08 13:45:00,72.56,2.737,5.612,0
2026-03-08 13:46:00,72.67,3.082,5.622,0
2026-03-08 13:47:00,72.88,2.778,5.563,1
2026-03-08 13:48:00,72.66,2.719,5.516,0
2026-03-08 13:49:00,72.72,2.661,5.663,0
2026-03-08 13:50:00,73.69,2.518,5.667,0
2026-03-08 13:51:00,73.36,2.633,5.851,0
2026-03-08 13:52:00,73.21,2.706,5.549,0
2026-03-08 13:53:00,72.5,2.552,5.478,0
2026-03-08 13:54:00,72.11,2.55,5.346,0
2026-03-08 13:55:00,71.9,2.624,5.358,0
2026-03-08 13:56:00,71.88,2.38,5.338,0
2026-03-08 13:57:00,71.15,2.753,5.614,0
2026-03-08 13:58:00,71.93,2.323,5.547,0
2026-03-08 13:59:00,71.79,2.99,5.481,0
2026-03-08 14:00:00,71.7,2.332,5.579,0
2026-03-08 14:01:00,71.9,2.58,5.593,0
2026-03-08 14:02:00,71.79,2.503,5.638,0
2026-03-08 14:03:00,71.84,2.591,5.47,0
2026-03-08 14:04:00,71.18,2.771,5.459,0
2026-03-08 14:05:00,71.78,2.465,5.585,1
2026-03-08 14:06:00,72.38,2.703,5.448,0
2026-03-08 14:07:00,71.49,2.783,5.514,0
2026-03-08 14:08:00,71.94,2.617,5.751,0
2026-03-08 14:09:00,71.85,2.957,5.843,0
2026-03-08 14:10:00,72.57,2.9,5.567,0
2026-03-08 14:11:00,73.03,2.633,5.606,0
2026-03-08 14:12:00,72.43,2.715,5.794,0
2026-03-08 14:13:00,73.12,2.937,5.61,0
2026-03-08 14:14:00,73.69,2.684,5.676,0
2026-03-08 14:15:00,73.65,2.78,5.698,0
2026-03-08 14:16:00,73.53,3.061,5.454,0
2026-03-08 14:17:00,74.04,2.71,5.607,0
2026-03-08 14:18:00,73.39,2.69,5.548,0
2026-03-08 14:19:00,74.14,2.655,5.838,0
2026-03-08 14:20:00,73.51,2.599,5.693,0
2026-03-08 14:21:00,73.94,2.893,5.509,0
2026-03-08 14:22:00,73.56,2.979,5.613,0
2026-03-08 14:23:00,73.46,2.882,5.486,0
2026-03-08 14:24:00,73.13,2.596,5.642,0
2026-03-08 14:25:00,72.53,2.366,5.686,0
2026-03-08 14:26:00,73.09,2.694,5.707,0
2026-03-08 14:27:00,72.55,2.818,5.598,0
2026-03-08 14:28:00,72.79,2.896,5.675,0
2026-03-08 14:29:00,73.17,2.894,5.569,0
2026-03-08 14:30:00,72.32,2.576,5.705,0
2026-03-08 14:31:00,72.1,2.328,5.473,0
2026-03-08 14:32:00,72.19,2.67,5.61,0
2026-03-08 14:33:00,72.58,2.471,5.543,0
2026-03-08 14:34:00,70.78,2.475,5.551,0
2026-03-08 14:35:00,70.97,2.5,5.699,0
2026-03-08 14:36:00,70.97,2.322,5.371,0
2026-03-08 14:37:00,70.93,2.661,5.487,0
2026-03-08 14:38:00,70.57,2.58,5.561,0
2026-03-08 14:39:00,70.47,2.385,5.631,0
2026-03-08 14:40:00,70.04,2.257,5.364,0
2026-03-08 14:41:00,70.42,2.776,5.274,0
2026-03-08 14:42:00,70.65,2.565,5.462,0
2026-03-08 14:43:00,69.98,2.308,5.337,0
2026-03-08 14:44:00,70.29,2.649,5.632,0
2026-03-08 14:45:00,70.0,2.686,5.525,0
2026-03-08 14:46:00,70.41,2.208,5.316,0
2026-03-08 14:47:00,70.15,2.719,5.667,0
2026-03-08 14:48:00,69.91,2.348,5.777,0
2026-03-08 14:49:00,70.46,2.336,5.54,0
2026-03-08 14:50:00,70.41,2.038,5.246,0
2026-03-08 14:51:00,70.63,2.65,5.415,0
2026-03-08 14:52:00,71.28,2.713,5.371,0
2026-03-08 14:53:00,71.69,2.377,5.352,0
2026-03-08 14:54:00,70.96,2.412,5.472,0
2026-03-08 14:55:00,71.29,2.265,5.305,0
2026-03-08 14:56:00,71.57,2.568,5.63,0
2026-03-08 14:57:00,71.27,2.436,5.687,0
2026-03-08 14:58:00,71.98,2.919,5.9,0
2026-03-08 14:59:00,71.31,2.733,5.579,0
2026-03-08 15:00:00,71.58,2.732,5.558,0
2026-03-08 15:01:00,71.86,3.083,5.546,0
2026-03-08 15:02:00,71.74,2.668,5.612,1
2026-03-08 15:03:00,72.12,2.553,5.574,0
2026-03-08 15:04:00,72.2,2.455,5.408,0
2026-03-08 15:05:00,71.78,2.881,5.665,0
2026-03-08 15:06:00,71.49,2.709,5.39,0
2026-03-08 15:07:00,72.27,2.806,5.626,0
2026-03-08 15:08:00,72.17,2.813,5.466,0
2026-03-08 15:09:00,71.58,2.452,5.514,0
2026-03-08 15:10:00,71.35,2.651,5.438,0
2026-03-08 15:11:00,70.82,2.411,5.567,0
2026-03-08 15:12:00,71.2,2.958,5.536,0
2026-03-08 15:13:00,71.46,2.545,5.459,0
2026-03-08 15:14:00,70.75,2.65,5.569,0
2026-03-08 15:15:00,70.86,2.725,5.546,0
2026-03-08 15:16:00,70.6,2.631,5.6,0
2026-03-08 15:17:00,70.9,2.683,5.692,0
2026-03-08 15:18:00,71.12,2.604,5.57,0
2026-03-08 15:19:00,71.09,2.642,5.678,0
2026-03-08 15:20:00,72.03,2.749,5.571,0
2026-03-08 15:21:00,71.83,2.256,5.509,0
2026-03-08 15:22:00,72.14,2.378,5.528,0
2026-03-08 15:23:00,71.84,2.51,5.545,0
2026-03-08 15:24:00,71.25,2.456,5.419,0
2026-03-08 15:25:00,70.88,2.188,5.48,0
2026-03-08 15:26:00,71.56,2.504,5.792,0
2026-03-08 15:27:00,72.36,2.792,5.445,0
2026-03-08 15:28:00,72.09,2.478,5.441,0
2026-03-08 15:29:00,71.52,2.403,5.521,0
2026-03-08 15:30:00,71.91,2.793,5.435,0
2026-03-08 15:31:00,71.99,2.316,5.39,0
2026-03-08 15:32:00,72.12,2.838,5.615,0
2026-03-08 15:33:00,71.64,2.884,5.586,0
2026-03-08 15:34:00,71.54,2.636,5.713,0
2026-03-08 15:35:00,72.3,2.99,5.634,0
2026-03-08 15:36:00,72.0,2.657,5.751,0
2026-03-08 15:37:00,71.94,2.982,5.569,0
2026-03-08 15:38:00,72.08,2.39,5.454,0
2026-03-08 15:39:00,71.77,2.419,5.406,0
2026-03-08 15:40:00,72.62,2.541,5.713,0
2026-03-08 15:41:00,72.91,2.615,5.847,0
2026-03-08 15:42:00,72.19,2.922,5.669,0
2026-03-08 15:43:00,71.71,2.531,5.461,0
2026-03-08 15:44:00,72.63,2.516,5.698,0
2026-03-08 15:45:00,72.65,2.99,5.692,0
2026-03-08 15:46:00,73.08,2.818,5.596,0
2026-03-08 15:47:00,73.58,2.925,5.622,0
2026-03-08 15:48:00,73.76,2.562,5.586,0
2026-03-08 15:49:00,73.94,3.0,5.379,0
2026-03-08 15:50:00,72.72,2.707,5.72,0
2026-03-08 15:51:00,72.59,2.965,5.795,0
2026-03-08 15:52:00,73.17,2.721,5.407,0
2026-03-08 15:53:00,72.52,2.76,5.695,0
2026-03-08 15:54:00,73.23,2.833,5.76,0
2026-03-08 15:55:00,73.44,2.664,5.674,0
2026-03-08 15:56:00,72.69,3.22,5.859,0
2026-03-08 15:57:00,72.98,2.92,5.722,0
2026-03-08 15:58:00,73.68,2.781,5.474,0
2026-03-08 15:59:00,73.44,2.302,5.68,0
2026-03-08 16:00:00,74.05,2.664,5.587,0
2026-03-08 16:01:00,73.56,3.164,5.635,0
2026-03-08 16:02:00,74.58,2.479,5.574,0
2026-03-08 16:03:00,75.01,2.833,5.574,0
2026-03-08 16:04:00,74.45,2.602,5.499,1
2026-03-08 16:05:00,73.96,2.765,5.608,0
2026-03-08 16:06:00,73.87,2.865,5.627,0
2026-03-08 16:07:00,73.57,2.636,5.565,0
2026-03-08 16:08:00,73.75,3.009,5.527,0
2026-03-08 16:09:00,73.0,3.198,5.661,0
2026-03-08 16:10:00,72.73,2.424,5.684,0
2026-03-08 16:11:00,73.45,3.109,5.662,1
2026-03-08 16:12:00,73.84,2.843,5.59,0
2026-03-08 16:13:00,73.15,2.982,5.805,0
2026-03-08 16:14:00,73.94,2.728,5.586,0
2026-03-08 16:15:00,73.62,2.799,5.704,0
2026-03-08 16:16:00,73.33,2.676,5.792,0
2026-03-08 16:17:00,72.96,2.485,5.765,0
2026-03-08 16:18:00,73.73,2.903,5.613,0
2026-03-08 16:19:00,73.61,2.887,5.617,0
2026-03-08 16:20:00,73.22,2.899,5.74,0
2026-03-08 16:21:00,72.59,2.525,5.748,0
2026-03-08 16:22:00,72.52,3.08,5.672,0
2026-03-08 16:23:00,72.88,2.899,5.707,0
2026-03-08 16:24:00,72.89,2.807,5.794,0
2026-03-08 16:25:00,72.72,3.145,5.661,0
2026-03-08 16:26:00,71.83,2.744,5.448,0
2026-03-08 16:27:00,72.1,2.961,5.605,0
2026-03-08 16:28:00,71.24,2.672,5.749,0
2026-03-08 16:29:00,71.27,2.745,5.621,0
2026-03-08 16:30:00,71.07,2.691,5.443,0
2026-03-08 16:31:00,70.5,2.348,5.76,0
2026-03-08 16:32:00,71.16,3.029,5.65,0
2026-03-08 16:33:00,71.81,2.487,5.614,0
2026-03-08 16:34:00,72.02,3.019,5.706,0
2026-03-08 16:35:00,72.41,2.696,5.71,0
2026-03-08 16:36:00,72.45,2.914,5.558,0
2026-03-08 16:37:00,71.96,2.837,5.709,0
2026-03-08 16:38:00,72.53,2.707,5.705,0
2026-03-08 16:39:00,72.97,2.868,5.708,0
2026-03-08 16:40:00,72.97,3.299,5.7,0
2026-03-08 16:41:00,73.36,2.574,5.704,0
2026-03-08 16:42:00,73.41,3.166,5.6,0
2026-03-08 16:43:00,73.24,2.762,5.724,0
2026-03-08 16:44:00,73.09,2.532,5.579,0
2026-03-08 16:45:00,73.31,2.574,5.515,0
2026-03-08 16:46:00,73.38,2.648,5.436,0
2026-03-08 16:47:00,73.08,2.868,5.572,0
2026-03-08 16:48:00,72.79,2.935,5.622,0
2026-03-08 16:49:00,72.73,2.454,5.635,0
2026-03-08 16:50:00,73.03,2.883,5.484,0
2026-03-08 16:51:00,72.44,2.51,5.335,0
2026-03-08 16:52:00,72.14,2.63,5.652,0
2026-03-08 16:53:00,73.06,2.639,5.511,0
2026-03-08 16:54:00,72.45,3.179,5.558,0
2026-03-08 16:55:00,72.75,2.874,5.602,0
2026-03-08 16:56:00,71.49,2.755,5.67,0
2026-03-08 16:57:00,72.3,2.836,5.791,0
2026-03-08 16:58:00,71.84,2.669,5.471,0
2026-03-08 16:59:00,71.63,2.849,5.644,0
2026-03-08 17:00:00,72.08,2.755,5.413,0
2026-03-08 17:01:00,72.22,2.379,5.39,0
2026-03-08 17:02:00,72.35,2.899,5.65,0
2026-03-08 17:03:00,72.45,2.734,5.598,0
2026-03-08 17:04:00,72.11,2.924,5.679,0
2026-03-08 17:05:00,73.02,2.903,5.729,0
2026-03-08 17:06:00,72.45,2.822,5.829,0
2026-03-08 17:07:00,73.16,3.046,5.701,0
2026-03-08 17:08:00,73.03,2.622,5.714,0
2026-03-08 17:09:00,72.73,2.777,5.457,0
2026-03-08 17:10:00,72.96,3.016,5.66,0
2026-03-08 17:11:00,73.14,2.751,5.552,0
2026-03-08 17:12:00,72.56,2.7,5.69,0
2026-03-08 17:13:00,71.83,2.961,5.583,0
2026-03-08 17:14:00,72.04,2.681,5.407,0
2026-03-08 17:15:00,72.38,2.951,5.61,0
2026-03-08 17:16:00,71.6,2.543,5.649,0
2026-03-08 17:17:00,71.62,2.985,5.371,0
2026-03-08 17:18:00,72.14,2.595,5.677,0
2026-03-08 17:19:00,72.39,2.707,5.773,0
2026-03-08 17:20:00,73.06,2.837,5.538,0
2026-03-08 17:21:00,72.85,2.501,5.644,0
2026-03-08 17:22:00,72.0,2.899,5.514,0
2026-03-08 17:23:00,72.25,2.512,5.698,0
2026-03-08 17:24:00,72.64,2.787,5.674,0
2026-03-08 17:25:00,72.78,2.382,5.777,0
2026-03-08 17:26:00,72.75,2.364,5.63,0
2026-03-08 17:27:00,73.3,2.99,5.808,0
2026-03-08 17:28:00,73.81,2.607,5.481,0
2026-03-08 17:29:00,73.9,2.814,5.581,0
2026-03-08 17:30:00,73.44,3.121,5.682,0
2026-03-08 17:31:00,73.55,2.811,5.607,0
2026-03-08 17:32:00,73.9,3.085,5.697,0
2026-03-08 17:33:00,73.06,2.735,5.804,0
2026-03-08 17:34:00,73.31,2.864,5.874,0
2026-03-08 17:35:00,73.76,2.803,5.812,0
2026-03-08 17:36:00,73.43,2.923,5.805,0
2026-03-08 17:37:00,73.81,2.485,5.611,0
2026-03-08 17:38:00,73.65,3.155,5.779,0
2026-03-08 17:39:00,72.74,2.522,5.774,0
2026-03-08 17:40:00,72.49,2.618,5.696,0
2026-03-08 17:41:00,72.83,2.867,5.702,0
2026-03-08 17:42:00,72.79,2.546,5.47,0
2026-03-08 17:43:00,73.46,2.706,5.634,0
2026-03-08 17:44:00,72.72,2.897,5.712,0
2026-03-08 17:45:00,72.65,2.649,5.662,0
2026-03-08 17:46:00,71.61,2.995,5.788,0
2026-03-08 17:47:00,72.8,2.715,5.408,0
2026-03-08 17:48:00,72.83,2.412,5.671,0
2026-03-08 17:49:00,73.0,2.91,5.541,1
2026-03-08 17:50:00,72.68,2.472,5.776,0
2026-03-08 17:51:00,73.37,2.822,5.51,0
2026-03-08 17:52:00,72.59,2.761,5.7,0
2026-03-08 17:53:00,72.85,2.506,5.677,0
2026-03-08 17:54:00,72.88,2.72,5.791,0
2026-03-08 17:55:00,72.59,2.887,5.612,0
2026-03-08 17:56:00,73.31,2.803,5.691,0
2026-03-08 17:57:00,72.41,2.894,5.619,0
2026-03-08 17:58:00,73.07,3.351,5.74,0
2026-03-08 17:59:00,72.64,2.861,5.765,0
2026-03-08 18:00:00,72.9,2.926,5.813,0
2026-03-08 18:01:00,72.96,2.617,5.694,0
2026-03-08 18:02:00,72.56,2.903,5.767,0
2026-03-08 18:03:00,72.04,3.077,5.621,0
2026-03-08 18:04:00,71.73,2.649,5.62,0
2026-03-08 18:05:00,71.84,2.943,5.764,0
2026-03-08 18:06:00,71.36,2.812,5.508,0
2026-03-08 18:07:00,71.32,2.558,5.522,0
2026-03-08 18:08:00,71.37,3.095,5.567,0
2026-03-08 18:09:00,71.96,2.936,5.485,0
2026-03-08 18:10:00,71.29,2.902,5.749,0
2026-03-08 18:11:00,71.16,2.768,5.499,0
2026-03-08 18:12:00,71.73,3.091,5.613,0
2026-03-08 18:13:00,72.17,2.831,5.586,1
2026-03-08 18:14:00,71.85,2.264,5.395,0
2026-03-08 18:15:00,72.06,2.451,5.578,0
2026-03-08 18:16:00,72.42,2.842,5.674,0
2026-03-08 18:17:00,73.66,2.596,5.837,0
2026-03-08 18:18:00,72.92,2.791,5.673,0
2026-03-08 18:19:00,72.56,2.776,5.704,0
2026-03-08 18:20:00,73.12,2.908,5.573,0
2026-03-08 18:21:00,73.2,2.748,5.594,0
2026-03-08 18:22:00,72.23,2.794,5.565,0
2026-03-08 18:23:00,72.56,2.659,5.438,0
2026-03-08 18:24:00,72.96,2.538,5.568,0
2026-03-08 18:25:00,73.83,2.552,5.726,0
2026-03-08 18:26:00,73.17,2.723,5.695,0
2026-03-08 18:27:00,73.73,2.62,5.705,0
2026-03-08 18:28:00,73.86,2.627,5.849,0
2026-03-08 18:29:00,73.4,3.094,5.62,1
2026-03-08 18:30:00,72.91,2.81,5.799,0
2026-03-08 18:31:00,73.08,3.006,5.796,0
2026-03-08 18:32:00,72.22,2.811,5.591,0
2026-03-08 18:33:00,72.81,2.784,5.597,0
2026-03-08 18:34:00,71.9,2.758,5.652,0
2026-03-08 18:35:00,72.01,2.319,5.509,0
2026-03-08 18:36:00,72.49,2.793,5.546,0
2026-03-08 18:37:00,72.84,2.742,5.658,0
2026-03-08 18:38:00,72.37,2.367,5.666,0
2026-03-08 18:39:00,72.14,2.917,5.637,0
2026-03-08 18:40:00,71.58,2.728,5.557,0
2026-03-08 18:41:00,71.96,2.778,5.557,0
2026-03-08 18:42:00,72.41,2.541,5.604,0
2026-03-08 18:43:00,72.15,2.774,5.389,0
2026-03-08 18:44:00,72.61,2.658,5.671,0
2026-03-08 18:45:00,72.37,2.79,5.643,0
2026-03-08 18:46:00,72.46,2.712,5.279,0
2026-03-08 18:47:00,72.56,2.511,5.59,0
2026-03-08 18:48:00,72.41,2.793,5.491,0
2026-03-08 18:49:00,71.87,2.564,5.442,0
2026-03-08 18:50:00,72.38,2.969,5.538,0
2026-03-08 18:51:00,72.56,2.941,5.613,0
2026-03-08 18:52:00,72.65,2.549,5.548,0
2026-03-08 18:53:00,72.25,2.739,5.538,0
2026-03-08 18:54:00,72.98,2.547,5.382,0
2026-03-08 18:55:00,72.84,2.797,5.642,0
2026-03-08 18:56:00,72.85,2.777,5.733,1
2026-03-08 18:57:00,72.59,2.614,5.683,0
2026-03-08 18:58:00,73.01,2.725,5.634,0
2026-03-08 18:59:00,72.91,2.824,5.858,0
2026-03-08 19:00:00,72.84,2.979,5.655,0
2026-03-08 19:01:00,72.74,2.515,5.43,0
2026-03-08 19:02:00,72.08,2.754,5.743,0
2026-03-08 19:03:00,72.71,2.811,5.567,0
2026-03-08 19:04:00,72.51,2.726,5.561,0
2026-03-08 19:05:00,72.94,2.685,5.461,0
2026-03-08 19:06:00,73.08,2.816,5.501,0
2026-03-08 19:07:00,72.71,2.47,5.508,0
2026-03-08 19:08:00,72.39,3.07,5.481,0
2026-03-08 19:09:00,71.82,3.197,5.48,0
2026-03-08 19:10:00,71.22,2.95,5.614,0
2026-03-08 19:11:00,71.57,2.677,5.725,0
2026-03-08 19:12:00,71.4,2.791,5.738,0
2026-03-08 19:13:00,71.19,2.485,5.571,0
2026-03-08 19:14:00,70.53,2.607,5.574,0
2026-03-08 19:15:00,70.58,2.45,5.62,0
2026-03-08 19:16:00,70.6,2.671,5.569,0
2026-03-08 19:17:00,70.86,2.575,5.586,0
2026-03-08 19:18:00,71.49,2.749,5.625,0
2026-03-08 19:19:00,71.24,2.487,5.766,0
2026-03-08 19:20:00,71.4,3.137,5.729,0
2026-03-08 19:21:00,71.68,2.882,5.591,0
2026-03-08 19:22:00,71.76,3.14,5.868,0
2026-03-08 19:23:00,71.65,2.74,5.497,0
2026-03-08 19:24:00,71.53,2.713,5.628,0
2026-03-08 19:25:00,70.93,2.584,5.396,0
2026-03-08 19:26:00,70.86,2.545,5.5,0
2026-03-08 19:27:00,71.42,2.614,5.499,0
2026-03-08 19:28:00,70.96,2.627,5.701,0
2026-03-08 19:29:00,71.79,3.075,5.61,0
2026-03-08 19:30:00,71.85,2.904,5.509,0
2026-03-08 19:31:00,72.04,2.723,5.543,0
2026-03-08 19:32:00,71.83,2.685,5.695,0
2026-03-08 19:33:00,71.41,2.901,5.588,0
2026-03-08 19:34:00,71.62,2.938,5.651,0
2026-03-08 19:35:00,71.24,2.922,5.668,0
2026-03-08 19:36:00,71.58,2.681,5.483,0
2026-03-08 19:37:00,71.17,2.623,5.853,0
2026-03-08 19:38:00,71.58,2.67,5.789,0
2026-03-08 19:39:00,71.99,2.817,5.485,0
2026-03-08 19:40:00,72.78,3.093,5.616,0
2026-03-08 19:41:00,72.07,2.828,5.902,0
2026-03-08 19:42:00,72.93,2.667,5.285,0
2026-03-08 19:43:00,72.17,3.062,5.497,0
2026-03-08 19:44:00,72.69,2.703,5.65,0
2026-03-08 19:45:00,72.62,2.983,5.577,0
2026-03-08 19:46:00,72.96,3.072,5.826,0
2026-03-08 19:47:00,73.35,2.78,5.746,0
2026-03-08 19:48:00,73.3,2.621,5.796,0
2026-03-08 19:49:00,73.99,3.194,5.675,0
2026-03-08 19:50:00,73.43,3.266,5.63,0
2026-03-08 19:51:00,73.05,2.818,5.614,0
2026-03-08 19:52:00,72.72,2.805,5.746,0
2026-03-08 19:53:00,72.58,2.947,5.814,0
2026-03-08 19:54:00,73.11,2.771,5.807,0
2026-03-08 19:55:00,72.66,3.064,5.786,0
2026-03-08 19:56:00,73.41,2.757,5.799,0
2026-03-08 19:57:00,73.21,3.006,5.81,0
2026-03-08 19:58:00,73.21,3.472,5.728,0
2026-03-08 19:59:00,73.62,2.692,5.779,0
2026-03-08 20:00:00,73.97,3.16,5.762,0
2026-03-08 20:01:00,74.61,3.383,5.938,0
2026-03-08 20:02:00,74.78,3.18,5.86,0
2026-03-08 20:03:00,74.35,2.535,5.767,0
2026-03-08 20:04:00,74.65,2.845,5.861,0
2026-03-08 20:05:00,74.36,3.056,5.752,0
2026-03-08 20:06:00,74.29,2.78,5.835,0
2026-03-08 20:07:00,74.94,2.753,5.831,0
2026-03-08 20:08:00,75.43,3.132,5.72,0
2026-03-08 20:09:00,75.05,3.045,5.671,0
2026-03-08 20:10:00,75.79,2.994,5.892,0
2026-03-08 20:11:00,76.06,3.125,5.882,0
2026-03-08 20:12:00,76.41,2.818,5.804,0
2026-03-08 20:13:00,76.66,2.848,5.763,0
2026-03-08 20:14:00,76.06,3.002,5.592,0
2026-03-08 20:15:00,76.38,3.094,5.742,0
2026-03-08 20:16:00,76.32,2.989,5.661,0
2026-03-08 20:17:00,76.33,3.063,6.008,0
2026-03-08 20:18:00,75.91,2.936,6.043,0
2026-03-08 20:19:00,76.18,3.108,5.893,0
2026-03-08 20:20:00,76.12,2.963,5.776,0
2026-03-08 20:21:00,74.97,2.978,5.899,0
2026-03-08 20:22:00,75.08,3.235,5.886,0
2026-03-08 20:23:00,76.09,3.225,5.862,0
2026-03-08 20:24:00,74.59,2.973,5.649,0
2026-03-08 20:25:00,75.69,2.946,5.869,0
2026-03-08 20:26:00,75.3,3.001,5.85,0
2026-03-08 20:27:00,75.21,2.773,5.656,0
2026-03-08 20:28:00,74.85,2.841,5.886,0
2026-03-08 20:29:00,74.65,2.912,5.529,0
2026-03-08 20:30:00,75.07,3.094,5.524,0
2026-03-08 20:31:00,75.37,2.911,5.709,0
2026-03-08 20:32:00,75.24,2.736,5.882,1
2026-03-08 20:33:00,75.13,2.93,5.527,0
2026-03-08 20:34:00,74.9,2.674,5.758,0
2026-03-08 20:35:00,75.13,3.294,5.882,0
2026-03-08 20:36:00,76.42,3.478,5.658,1
2026-03-08 20:37:00,76.36,2.531,5.822,0
2026-03-08 20:38:00,75.65,2.794,5.603,0
2026-03-08 20:39:00,75.8,2.727,6.067,0
2026-03-08 20:40:00,75.41,2.858,5.962,0
2026-03-08 20:41:00,75.09,3.242,5.823,0
2026-03-08 20:42:00,75.66,3.001,5.871,0
2026-03-08 20:43:00,74.85,2.748,5.644,0
2026-03-08 20:44:00,74.7,2.898,6.028,0
2026-03-08 20:45:00,75.43,3.261,5.838,0
2026-03-08 20:46:00,75.64,2.775,5.967,0
2026-03-08 20:47:00,75.18,2.908,5.819,0
2026-03-08 20:48:00,75.04,3.333,5.94,0
2026-03-08 20:49:00,75.04,3.08,5.793,0
2026-03-08 20:50:00,74.36,2.773,5.613,0
2026-03-08 20:51:00,74.32,2.629,5.731,0
2026-03-08 20:52:00,74.68,3.12,5.739,0
2026-03-08 20:53:00,74.24,2.975,5.684,0
2026-03-08 20:54:00,73.74,2.353,5.748,0
2026-03-08 20:55:00,74.18,2.627,5.842,0
2026-03-08 20:56:00,73.46,3.004,5.713,0
2026-03-08 20:57:00,73.39,2.772,5.843,0
2026-03-08 20:58:00,73.22,3.278,5.706,0
2026-03-08 20:59:00,72.88,2.557,5.632,0
2026-03-08 21:00:00,72.42,3.258,5.7,0
2026-03-08 21:01:00,72.73,3.136,5.827,0
2026-03-08 21:02:00,72.2,3.118,5.837,0
2026-03-08 21:03:00,72.45,3.063,5.624,0
2026-03-08 21:04:00,72.73,3.076,5.671,0
2026-03-08 21:05:00,72.49,3.243,6.072,0
2026-03-08 21:06:00,72.89,2.505,5.889,0
2026-03-08 21:07:00,72.98,2.676,5.79,0
2026-03-08 21:08:00,72.68,3.025,5.87,0
2026-03-08 21:09:00,72.49,2.654,5.83,0
2026-03-08 21:10:00,73.1,2.627,5.668,0
2026-03-08 21:11:00,72.82,2.892,5.819,0
2026-03-08 21:12:00,72.55,2.773,5.546,0
2026-03-08 21:13:00,73.1,2.628,5.644,0
2026-03-08 21:14:00,72.96,2.928,5.83,0
2026-03-08 21:15:00,73.17,3.137,5.645,0
2026-03-08 21:16:00,73.78,2.826,5.878,0
2026-03-08 21:17:00,72.86,3.14,5.483,0
2026-03-08 21:18:00,72.4,2.757,5.581,0
2026-03-08 21:19:00,73.41,3.019,5.718,0
2026-03-08 21:20:00,73.27,2.656,5.598,0
2026-03-08 21:21:00,73.01,3.258,5.763,0
2026-03-08 21:22:00,74.0,3.512,5.815,0
2026-03-08 21:23:00,74.12,2.82,5.653,0
2026-03-08 21:24:00,74.31,2.84,5.976,0
2026-03-08 21:25:00,74.56,2.84,5.678,0
2026-03-08 21:26:00,74.35,3.182,5.882,0
2026-03-08 21:27:00,74.07,2.534,5.726,0
2026-03-08 21:28:00,75.07,3.015,5.807,0
2026-03-08 21:29:00,74.65,3.329,5.852,0
2026-03-08 21:30:00,74.71,2.985,5.758,0
2026-03-08 21:31:00,75.21,3.201,5.716,1
2026-03-08 21:32:00,75.64,2.892,5.856,0
2026-03-08 21:33:00,75.57,3.026,5.454,0
2026-03-08 21:34:00,75.45,2.688,5.824,0
2026-03-08 21:35:00,74.49,3.124,5.567,0
2026-03-08 21:36:00,73.98,2.653,5.736,0
2026-03-08 21:37:00,74.05,2.782,5.861,0
2026-03-08 21:38:00,74.56,2.853,5.82,0
2026-03-08 21:39:00,75.02,3.103,5.953,0
2026-03-08 21:40:00,74.88,2.904,5.747,0
2026-03-08 21:41:00,74.78,2.984,5.75,0
2026-03-08 21:42:00,74.91,3.529,5.89,0
2026-03-08 21:43:00,74.88,3.345,5.827,0
2026-03-08 21:44:00,74.79,3.099,5.997,0
2026-03-08 21:45:00,75.53,2.572,5.691,0
2026-03-08 21:46:00,75.66,2.457,6.035,0
2026-03-08 21:47:00,74.7,3.189,5.803,0
2026-03-08 21:48:00,75.18,2.783,5.774,0
2026-03-08 21:49:00,74.89,3.347,5.585,1
2026-03-08 21:50:00,74.3,2.802,5.935,0
2026-03-08 21:51:00,74.64,2.775,5.771,0
2026-03-08 21:52:00,75.21,3.046,5.654,0
2026-03-08 21:53:00,74.14,2.983,5.862,0
2026-03-08 21:54:00,74.55,2.957,5.765,0
2026-03-08 21:55:00,73.53,3.141,5.844,0
2026-03-08 21:56:00,73.18,2.696,5.635,0
2026-03-08 21:57:00,74.23,3.027,5.973,0
2026-03-08 21:58:00,74.36,2.891,5.864,0
2026-03-08 21:59:00,73.39,2.912,5.842,0
2026-03-08 22:00:00,73.79,2.833,5.711,0
2026-03-08 22:01:00,73.28,3.07,5.544,0
2026-03-08 22:02:00,73.42,3.051,5.661,0
2026-03-08 22:03:00,72.47,2.658,5.627,0
2026-03-08 22:04:00,73.19,2.875,5.797,0
2026-03-08 22:05:00,73.79,2.778,5.679,0
2026-03-08 22:06:00,73.86,3.021,5.843,0
2026-03-08 22:07:00,73.89,2.723,5.614,0
2026-03-08 22:08:00,73.61,3.258,5.648,0
2026-03-08 22:09:00,74.42,3.024,5.742,0
2026-03-08 22:10:00,74.45,2.751,5.756,0
2026-03-08 22:11:00,74.52,3.062,5.535,0
2026-03-08 22:12:00,73.87,2.937,5.605,0
2026-03-08 22:13:00,74.06,2.891,5.669,0
2026-03-08 22:14:00,73.94,2.453,5.875,0
2026-03-08 22:15:00,74.47,2.702,5.494,0
2026-03-08 22:16:00,73.82,3.308,5.637,0
2026-03-08 22:17:00,73.71,3.48,5.641,0
2026-03-08 22:18:00,73.72,2.912,5.687,0
2026-03-08 22:19:00,73.31,2.808,5.526,0
2026-03-08 22:20:00,73.62,2.421,5.828,0
2026-03-08 22:21:00,73.91,2.947,5.478,0
2026-03-08 22:22:00,74.08,2.91,5.795,0
2026-03-08 22:23:00,74.53,2.677,5.836,0
2026-03-08 22:24:00,74.35,2.992,5.838,0
2026-03-08 22:25:00,74.68,3.235,5.73,0
2026-03-08 22:26:00,74.25,3.35,6.023,0
2026-03-08 22:27:00,74.16,3.182,5.629,0
2026-03-08 22:28:00,74.56,3.429,5.844,1
2026-03-08 22:29:00,75.05,2.888,5.869,0
2026-03-08 22:30:00,75.16,3.052,5.636,0
2026-03-08 22:31:00,75.8,3.115,6.087,0
2026-03-08 22:32:00,75.59,3.487,5.8,0
2026-03-08 22:33:00,75.56,3.128,5.679,0
2026-03-08 22:34:00,75.18,3.129,5.531,0
2026-03-08 22:35:00,75.32,3.227,5.844,0
2026-03-08 22:36:00,75.66,3.178,5.58,0
2026-03-08 22:37:00,75.28,3.285,5.795,0
2026-03-08 22:38:00,76.06,2.875,5.691,0
2026-03-08 22:39:00,75.63,3.086,5.705,0
2026-03-08 22:40:00,75.54,3.107,5.704,0
2026-03-08 22:41:00,76.02,2.857,5.921,0
2026-03-08 22:42:00,76.68,2.988,5.864,0
2026-03-08 22:43:00,76.77,3.279,5.795,0
2026-03-08 22:44:00,76.64,3.431,5.716,0
2026-03-08 22:45:00,77.5,3.169,5.702,0
2026-03-08 22:46:00,77.46,3.035,5.717,0
2026-03-08 22:47:00,76.17,2.575,5.698,0
2026-03-08 22:48:00,75.89,2.584,5.61,0
2026-03-08 22:49:00,76.24,2.614,5.674,0
2026-03-08 22:50:00,75.34,3.168,5.727,0
2026-03-08 22:51:00,74.17,3.023,5.637,0
2026-03-08 22:52:00,75.0,2.979,5.816,0
2026-03-08 22:53:00,73.3,2.838,5.515,0
2026-03-08 22:54:00,73.69,3.011,5.57,0
2026-03-08 22:55:00,73.38,2.847,5.723,0
2026-03-08 22:56:00,73.85,2.724,5.774,0
2026-03-08 22:57:00,73.48,2.441,5.794,0
2026-03-08 22:58:00,73.79,2.804,5.755,0
2026-03-08 22:59:00,73.36,3.257,5.611,0
2026-03-08 23:00:00,73.21,2.95,5.614,0
2026-03-08 23:01:00,73.13,2.841,5.82,0
2026-03-08 23:02:00,73.11,3.077,5.468,0
2026-03-08 23:03:00,71.98,2.872,5.586,0
2026-03-08 23:04:00,72.03,2.741,5.645,0
2026-03-08 23:05:00,72.46,2.699,5.614,0
2026-03-08 23:06:00,72.13,3.072,5.852,0
2026-03-08 23:07:00,72.38,3.003,5.833,0
2026-03-08 23:08:00,72.85,2.788,5.861,0
2026-03-08 23:09:00,72.59,2.645,5.904,0
2026-03-08 23:10:00,72.63,2.882,5.603,0
2026-03-08 23:11:00,71.98,2.609,5.858,0
2026-03-08 23:12:00,72.09,2.474,5.71,0
2026-03-08 23:13:00,72.52,2.904,5.589,0
2026-03-08 23:14:00,72.54,2.51,5.583,0
2026-03-08 23:15:00,72.92,2.581,5.907,0
2026-03-08 23:16:00,73.8,3.21,5.863,0
2026-03-08 23:17:00,73.24,3.253,5.709,0
2026-03-08 23:18:00,73.83,2.919,5.936,0
2026-03-08 23:19:00,73.95,3.066,5.639,0
2026-03-08 23:20:00,73.44,2.76,5.739,0
2026-03-08 23:21:00,73.05,2.317,5.823,0
2026-03-08 23:22:00,73.5,2.934,5.775,0
2026-03-08 23:23:00,73.9,3.016,5.769,0
2026-03-08 23:24:00,74.64,2.936,5.78,0
2026-03-08 23:25:00,74.51,2.678,5.757,0
2026-03-08 23:26:00,74.43,3.023,5.786,0
2026-03-08 23:27:00,74.64,3.199,5.605,0
2026-03-08 23:28:00,74.79,3.102,5.929,0
2026-03-08 23:29:00,74.37,3.371,5.784,0
2026-03-08 23:30:00,74.79,3.472,5.638,0
2026-03-08 23:31:00,74.6,2.922,5.912,0
2026-03-08 23:32:00,74.99,3.077,6.105,1
2026-03-08 23:33:00,74.43,2.971,5.999,1
2026-03-08 23:34:00,74.57,2.712,5.642,0
2026-03-08 23:35:00,74.36,2.965,5.631,0
2026-03-08 23:36:00,73.91,3.167,5.608,1
2026-03-08 23:37:00,74.1,2.906,5.803,0
2026-03-08 23:38:00,73.29,3.117,5.599,0
2026-03-08 23:39:00,73.63,2.667,5.814,0
2026-03-08 23:40:00,72.98,2.876,5.759,0
2026-03-08 23:41:00,73.12,3.012,5.578,0
2026-03-08 23:42:00,73.25,2.895,5.521,0
2026-03-08 23:43:00,73.72,2.651,5.851,0
2026-03-08 23:44:00,73.94,2.975,5.586,0
2026-03-08 23:45:00,74.03,2.555,5.936,0
2026-03-08 23:46:00,73.85,2.541,5.684,0
2026-03-08 23:47:00,74.7,2.973,5.762,0
2026-03-08 23:48:00,74.59,2.591,5.836,0
2026-03-08 23:49:00,74.78,3.067,5.645,0
2026-03-08 23:50:00,75.14,2.953,5.66,0
2026-03-08 23:51:00,75.27,2.916,5.812,0
2026-03-08 23:52:00,74.85,2.781,5.652,0
2026-03-08 23:53:00,74.87,2.705,5.513,1
2026-03-08 23:54:00,74.82,2.936,5.781,0
2026-03-08 23:55:00,74.91,2.649,5.663,1
2026-03-08 23:56:00,75.95,3.005,5.788,0
2026-03-08 23:57:00,75.39,2.728,5.63,0
2026-03-08 23:58:00,75.25,3.093,5.711,0
2026-03-08 23:59:00,75.28,2.965,5.746,0
2026-03-09 00:00:00,75.98,3.31,5.476,0
2026-03-09 00:01:00,75.71,2.606,5.694,0
2026-03-09 00:02:00,74.27,3.142,5.504,0
2026-03-09 00:03:00,75.81,3.016,5.637,0
2026-03-09 00:04:00,75.07,3.037,5.915,0
2026-03-09 00:05:00,74.76,2.738,5.42,0
2026-03-09 00:06:00,75.0,2.79,5.919,0
2026-03-09 00:07:00,75.46,3.117,5.746,0
2026-03-09 00:08:00,74.66,3.068,5.88,0
2026-03-09 00:09:00,74.99,3.429,5.92,0
2026-03-09 00:10:00,76.04,3.152,5.78,0
2026-03-09 00:11:00,74.82,2.983,5.726,0
2026-03-09 00:12:00,76.23,2.777,5.694,0
2026-03-09 00:13:00,75.41,2.968,5.623,1
2026-03-09 00:14:00,74.26,2.573,5.708,0
2026-03-09 00:15:00,74.6,3.004,5.56,0
2026-03-09 00:16:00,74.23,3.033,5.718,0
2026-03-09 00:17:00,74.07,2.783,5.847,0
2026-03-09 00:18:00,74.25,3.002,5.608,0
2026-03-09 00:19:00,73.97,2.746,5.957,0
2026-03-09 00:20:00,74.08,2.929,5.755,0
2026-03-09 00:21:00,73.67,3.077,5.643,0
2026-03-09 00:22:00,73.9,2.627,5.903,0
2026-03-09 00:23:00,73.94,3.036,5.839,0
2026-03-09 00:24:00,73.94,3.311,5.461,0
2026-03-09 00:25:00,73.93,2.673,5.72,0
2026-03-09 00:26:00,74.32,2.972,5.479,0
2026-03-09 00:27:00,73.54,3.032,5.658,0
2026-03-09 00:28:00,74.04,3.232,5.513,0
2026-03-09 00:29:00,74.58,2.705,5.77,0
2026-03-09 00:30:00,74.29,2.998,5.635,0
2026-03-09 00:31:00,74.84,2.92,5.529,0
2026-03-09 00:32:00,74.88,2.985,5.71,0
2026-03-09 00:33:00,74.54,2.862,5.855,0
2026-03-09 00:34:00,75.14,3.015,5.631,0
2026-03-09 00:35:00,75.09,2.695,5.736,0
2026-03-09 00:36:00,74.58,2.506,5.397,0
2026-03-09 00:37:00,74.17,2.95,5.72,0
2026-03-09 00:38:00,73.55,2.876,5.644,0
2026-03-09 00:39:00,74.17,2.697,5.673,0
2026-03-09 00:40:00,73.48,2.994,5.665,0
2026-03-09 00:41:00,73.69,2.542,5.581,0
2026-03-09 00:42:00,73.33,3.162,5.814,0
2026-03-09 00:43:00,74.13,2.915,5.459,0
2026-03-09 00:44:00,74.34,2.894,5.554,0
2026-03-09 00:45:00,73.89,3.049,5.8,0
2026-03-09 00:46:00,74.13,2.69,5.83,0
2026-03-09 00:47:00,73.94,3.178,5.602,0
2026-03-09 00:48:00,73.93,2.639,5.623,0
2026-03-09 00:49:00,73.64,3.05,5.469,0
2026-03-09 00:50:00,74.99,2.603,5.532,0
2026-03-09 00:51:00,74.69,2.639,5.721,0
2026-03-09 00:52:00,74.04,2.684,5.69,0
2026-03-09 00:53:00,73.98,3.039,5.48,0
2026-03-09 00:54:00,73.61,2.644,5.842,0
2026-03-09 00:55:00,73.68,3.016,5.715,0
2026-03-09 00:56:00,72.75,2.679,5.467,0
2026-03-09 00:57:00,72.81,2.731,5.426,0
2026-03-09 00:58:00,73.15,2.977,5.638,0
2026-03-09 00:59:00,72.63,2.694,5.697,0
2026-03-09 01:00:00,72.82,2.464,5.736,0
2026-03-09 01:01:00,72.44,3.094,5.556,0
2026-03-09 01:02:00,72.83,2.721,5.642,0
2026-03-09 01:03:00,72.82,2.612,5.425,0
2026-03-09 01:04:00,72.81,2.745,5.475,0
2026-03-09 01:05:00,72.77,2.792,5.714,0
2026-03-09 01:06:00,72.74,2.985,5.608,0
2026-03-09 01:07:00,71.94,2.922,5.625,0
2026-03-09 01:08:00,72.53,2.627,5.495,0
2026-03-09 01:09:00,72.07,2.753,5.392,0
2026-03-09 01:10:00,71.22,2.867,5.826,0
2026-03-09 01:11:00,71.27,2.87,5.719,0
2026-03-09 01:12:00,72.07,2.73,5.593,0
2026-03-09 01:13:00,72.73,3.022,5.641,0
2026-03-09 01:14:00,73.53,2.719,5.868,0
2026-03-09 01:15:00,72.43,3.272,5.724,0
2026-03-09 01:16:00,72.43,2.96,5.669,0
2026-03-09 01:17:00,72.47,2.766,5.503,0
2026-03-09 01:18:00,72.3,2.773,5.568,0
2026-03-09 01:19:00,72.12,3.448,5.542,0
2026-03-09 01:20:00,71.39,2.678,5.614,0
2026-03-09 01:21:00,72.21,2.488,5.876,0
2026-03-09 01:22:00,73.03,3.069,5.698,0
2026-03-09 01:23:00,72.65,2.99,5.556,0
2026-03-09 01:24:00,72.05,2.225,5.474,0
2026-03-09 01:25:00,72.4,2.675,5.822,0
2026-03-09 01:26:00,72.48,2.687,5.613,0
2026-03-09 01:27:00,72.15,2.527,5.694,0
2026-03-09 01:28:00,71.72,2.883,5.528,0
2026-03-09 01:29:00,72.56,2.819,5.42,0
2026-03-09 01:30:00,72.0,2.599,5.526,0
2026-03-09 01:31:00,72.51,2.871,5.576,0
2026-03-09 01:32:00,72.5,2.764,5.358,0
2026-03-09 01:33:00,72.28,2.603,5.377,0
2026-03-09 01:34:00,72.92,3.221,5.436,0
2026-03-09 01:35:00,72.72,2.459,5.503,0
2026-03-09 01:36:00,72.26,2.684,5.439,0
2026-03-09 01:37:00,72.57,2.636,5.593,0
2026-03-09 01:38:00,72.7,2.673,5.454,0
2026-03-09 01:39:00,72.48,2.559,5.584,0
2026-03-09 01:40:00,72.7,2.749,5.436,0
2026-03-09 01:41:00,71.58,2.958,5.241,0
2026-03-09 01:42:00,70.94,2.576,5.455,0
2026-03-09 01:43:00,71.09,2.445,5.234,0
2026-03-09 01:44:00,70.87,2.576,5.344,0
2026-03-09 01:45:00,71.1,2.59,5.291,0
2026-03-09 01:46:00,70.95,2.73,5.675,0
2026-03-09 01:47:00,70.5,2.857,5.402,0
2026-03-09 01:48:00,69.85,2.705,5.486,0
2026-03-09 01:49:00,70.35,2.484,5.415,0
2026-03-09 01:50:00,69.93,2.518,5.436,0
2026-03-09 01:51:00,70.95,2.567,5.573,0
2026-03-09 01:52:00,70.28,2.386,5.56,0
2026-03-09 01:53:00,70.29,2.426,5.326,0
2026-03-09 01:54:00,70.65,2.373,5.328,0
2026-03-09 01:55:00,69.79,2.559,5.274,0
2026-03-09 01:56:00,71.18,2.795,5.41,0
2026-03-09 01:57:00,70.27,2.288,5.482,0
2026-03-09 01:58:00,70.05,2.635,5.278,0
2026-03-09 01:59:00,69.96,2.275,5.413,0
2026-03-09 02:00:00,70.09,2.537,5.467,0
2026-03-09 02:01:00,69.76,2.419,5.604,0
2026-03-09 02:02:00,69.74,2.7,5.419,0
2026-03-09 02:03:00,70.2,2.771,5.622,0
2026-03-09 02:04:00,70.1,2.419,5.377,0
2026-03-09 02:05:00,69.66,2.358,5.436,0
2026-03-09 02:06:00,70.14,2.737,5.428,0
2026-03-09 02:07:00,69.76,2.736,5.526,0
2026-03-09 02:08:00,70.19,2.769,5.568,0
2026-03-09 02:09:00,70.87,2.78,5.637,0
2026-03-09 02:10:00,71.08,2.618,5.576,0
2026-03-09 02:11:00,72.21,2.725,5.517,0
2026-03-09 02:12:00,71.87,2.664,5.294,0
2026-03-09 02:13:00,71.84,2.395,5.474,0
2026-03-09 02:14:00,71.34,2.511,5.512,0
2026-03-09 02:15:00,71.59,2.762,5.28,0
2026-03-09 02:16:00,71.84,2.508,5.572,0
2026-03-09 02:17:00,71.35,2.987,5.476,0
2026-03-09 02:18:00,72.09,3.084,5.42,0
2026-03-09 02:19:00,71.76,2.913,5.571,0
2026-03-09 02:20:00,72.8,2.702,5.719,0
2026-03-09 02:21:00,72.0,2.89,5.432,1
2026-03-09 02:22:00,72.8,2.62,5.719,0
2026-03-09 02:23:00,72.06,2.646,5.592,0
2026-03-09 02:24:00,72.83,2.632,5.512,0
2026-03-09 02:25:00,72.39,2.577,5.681,0
2026-03-09 02:26:00,72.07,2.674,5.646,0
2026-03-09 02:27:00,71.66,2.954,5.582,0
2026-03-09 02:28:00,72.14,2.724,5.563,0
2026-03-09 02:29:00,72.13,2.576,5.499,0
2026-03-09 02:30:00,72.03,2.449,5.628,0
2026-03-09 02:31:00,72.54,3.137,5.697,0
2026-03-09 02:32:00,72.11,2.843,5.635,0
2026-03-09 02:33:00,72.84,2.876,5.702,0
2026-03-09 02:34:00,73.86,2.951,5.454,0
2026-03-09 02:35:00,73.54,2.702,5.507,0
2026-03-09 02:36:00,73.86,2.875,5.481,0
2026-03-09 02:37:00,73.97,2.875,5.879,0
2026-03-09 02:38:00,73.97,2.389,5.426,0
2026-03-09 02:39:00,72.7,2.699,5.477,0
2026-03-09 02:40:00,72.22,2.321,5.675,0
2026-03-09 02:41:00,72.9,2.585,5.559,0
2026-03-09 02:42:00,72.64,2.839,5.582,0
2026-03-09 02:43:00,72.33,2.864,5.35,0
2026-03-09 02:44:00,72.4,3.033,5.538,0
2026-03-09 02:45:00,72.29,2.752,5.521,0
2026-03-09 02:46:00,71.84,2.477,5.582,0
2026-03-09 02:47:00,71.59,2.652,5.663,0
2026-03-09 02:48:00,71.82,2.442,5.624,0
2026-03-09 02:49:00,71.77,2.459,5.763,0
2026-03-09 02:50:00,71.55,2.498,5.485,0
2026-03-09 02:51:00,72.22,2.843,5.728,0
2026-03-09 02:52:00,72.01,2.718,5.489,0
2026-03-09 02:53:00,72.22,2.726,5.379,0
2026-03-09 02:54:00,73.06,2.806,5.587,0
2026-03-09 02:55:00,73.45,2.934,5.489,0
2026-03-09 02:56:00,73.87,2.892,5.444,0
2026-03-09 02:57:00,73.38,3.2,5.506,0
2026-03-09 02:58:00,73.12,2.731,5.551,0
2026-03-09 02:59:00,72.21,2.937,5.733,0
2026-03-09 03:00:00,72.47,3.062,5.605,0
2026-03-09 03:01:00,72.7,2.875,5.659,0
2026-03-09 03:02:00,72.68,2.781,5.634,0
2026-03-09 03:03:00,72.64,2.61,5.422,0
2026-03-09 03:04:00,72.42,3.01,5.255,0
2026-03-09 03:05:00,72.23,2.698,5.494,0
2026-03-09 03:06:00,72.09,2.57,5.423,0
2026-03-09 03:07:00,72.13,2.641,5.487,0
2026-03-09 03:08:00,71.9,2.757,5.609,0
2026-03-09 03:09:00,72.2,2.833,5.728,0
2026-03-09 03:10:00,72.02,2.942,5.535,0
2026-03-09 03:11:00,71.56,2.241,5.27,0
2026-03-09 03:12:00,71.2,2.655,5.535,0
2026-03-09 03:13:00,72.06,2.68,5.403,0
2026-03-09 03:14:00,71.72,2.683,5.377,0
2026-03-09 03:15:00,71.82,2.884,5.333,0
2026-03-09 03:16:00,72.4,2.513,5.498,0
2026-03-09 03:17:00,73.09,2.651,5.674,0
2026-03-09 03:18:00,72.96,2.699,5.639,0
2026-03-09 03:19:00,72.88,2.987,5.616,0
2026-03-09 03:20:00,72.88,2.962,5.581,0
2026-03-09 03:21:00,71.68,2.585,5.435,0
2026-03-09 03:22:00,71.77,2.563,5.404,0
2026-03-09 03:23:00,72.26,2.646,5.627,0
2026-03-09 03:24:00,71.72,2.871,5.537,0
2026-03-09 03:25:00,71.71,2.957,5.543,0
2026-03-09 03:26:00,72.01,2.873,5.535,0
2026-03-09 03:27:00,72.28,2.732,5.612,0
2026-03-09 03:28:00,71.52,2.278,5.58,0
2026-03-09 03:29:00,70.9,2.688,5.542,0
2026-03-09 03:30:00,72.14,2.565,5.788,0
2026-03-09 03:31:00,72.01,2.696,5.23,0
2026-03-09 03:32:00,71.73,2.79,5.725,0
2026-03-09 03:33:00,71.1,2.724,5.513,0
2026-03-09 03:34:00,71.22,2.513,5.318,0
2026-03-09 03:35:00,71.81,2.637,5.778,0
2026-03-09 03:36:00,71.41,2.319,5.609,0
2026-03-09 03:37:00,71.92,2.548,5.473,0
2026-03-09 03:38:00,72.34,2.616,5.442,0
2026-03-09 03:39:00,72.13,2.737,5.709,1
2026-03-09 03:40:00,72.31,2.65,5.326,0
2026-03-09 03:41:00,72.41,2.721,5.402,0
2026-03-09 03:42:00,72.33,2.932,5.478,0
2026-03-09 03:43:00,72.68,2.469,5.332,0
2026-03-09 03:44:00,72.79,2.495,5.593,0
2026-03-09 03:45:00,73.15,2.936,5.658,0
2026-03-09 03:46:00,72.96,3.152,5.664,0
2026-03-09 03:47:00,73.2,2.398,5.579,0
2026-03-09 03:48:00,72.55,2.566,5.606,0
2026-03-09 03:49:00,72.99,2.757,5.618,0
2026-03-09 03:50:00,72.71,2.697,5.525,0
2026-03-09 03:51:00,72.31,2.676,5.36,0
2026-03-09 03:52:00,73.2,2.496,5.396,0
2026-03-09 03:53:00,72.67,2.264,5.669,0
2026-03-09 03:54:00,72.52,2.855,5.546,0
2026-03-09 03:55:00,73.09,2.612,5.4,0
2026-03-09 03:56:00,73.21,2.769,5.499,0
2026-03-09 03:57:00,73.29,2.851,5.567,0
2026-03-09 03:58:00,72.83,2.729,5.501,0
2026-03-09 03:59:00,72.86,2.356,5.479,0
2026-03-09 04:00:00,72.89,2.375,5.513,0
2026-03-09 04:01:00,73.18,2.478,5.518,0
2026-03-09 04:02:00,73.53,2.925,5.217,0
2026-03-09 04:03:00,73.25,2.64,5.528,0
2026-03-09 04:04:00,73.14,2.8,5.462,0
2026-03-09 04:05:00,72.6,2.897,5.526,1
2026-03-09 04:06:00,72.24,2.724,5.571,0
2026-03-09 04:07:00,71.95,2.896,5.395,0
2026-03-09 04:08:00,72.19,2.786,5.5,0
2026-03-09 04:09:00,72.69,2.515,5.524,0
2026-03-09 04:10:00,72.46,2.701,5.334,0
2026-03-09 04:11:00,73.08,2.635,5.371,0
2026-03-09 04:12:00,72.75,2.799,5.554,0
2026-03-09 04:13:00,72.8,3.152,5.633,0
2026-03-09 04:14:00,71.96,2.814,5.667,0
2026-03-09 04:15:00,72.77,2.668,5.37,0
2026-03-09 04:16:00,71.95,2.385,5.368,0
2026-03-09 04:17:00,72.21,2.577,5.445,0
2026-03-09 04:18:00,72.9,2.885,5.424,0
2026-03-09 04:19:00,72.34,2.713,5.342,0
2026-03-09 04:20:00,72.71,2.88,5.408,0
2026-03-09 04:21:00,72.71,2.883,5.375,0
2026-03-09 04:22:00,72.58,2.761,5.262,0
2026-03-09 04:23:00,72.46,2.516,5.214,0
2026-03-09 04:24:00,72.72,2.975,5.424,0
2026-03-09 04:25:00,72.65,3.047,5.366,0
2026-03-09 04:26:00,72.79,2.643,5.38,0
2026-03-09 04:27:00,73.6,2.355,5.424,1
2026-03-09 04:28:00,73.29,2.712,5.359,0
2026-03-09 04:29:00,72.77,2.389,5.436,0
2026-03-09 04:30:00,73.16,2.282,5.426,0
2026-03-09 04:31:00,72.72,2.773,5.566,0
2026-03-09 04:32:00,72.46,2.577,5.474,0
2026-03-09 04:33:00,72.17,3.006,5.595,0
2026-03-09 04:34:00,72.31,2.579,5.405,0
2026-03-09 04:35:00,72.5,3.105,5.429,0
2026-03-09 04:36:00,73.47,3.173,5.409,0
2026-03-09 04:37:00,72.79,2.619,5.54,0
2026-03-09 04:38:00,72.76,2.647,5.195,0
2026-03-09 04:39:00,72.48,2.733,5.705,0
2026-03-09 04:40:00,71.92,2.497,5.868,0
2026-03-09 04:41:00,72.27,2.829,5.526,0
2026-03-09 04:42:00,72.57,2.563,5.624,0
2026-03-09 04:43:00,71.93,2.645,5.537,0
2026-03-09 04:44:00,72.57,3.131,5.703,0
2026-03-09 04:45:00,72.86,2.963,5.69,0
2026-03-09 04:46:00,72.42,2.662,5.697,0
2026-03-09 04:47:00,72.92,2.749,5.707,0
2026-03-09 04:48:00,73.54,2.777,5.954,1
2026-03-09 04:49:00,73.32,2.924,5.498,0
2026-03-09 04:50:00,73.99,2.51,5.781,0
2026-03-09 04:51:00,73.31,2.765,5.644,0
2026-03-09 04:52:00,73.61,3.058,5.345,0
2026-03-09 04:53:00,73.84,2.506,5.601,0
2026-03-09 04:54:00,73.73,2.831,5.73,0
2026-03-09 04:55:00,74.4,4.225,5.621,0
2026-03-09 04:56:00,73.82,2.732,5.663,0
2026-03-09 04:57:00,73.81,2.51,5.644,0
2026-03-09 04:58:00,73.87,2.805,5.396,0
2026-03-09 04:59:00,74.27,2.695,5.52,0
2026-03-09 05:00:00,73.76,2.481,5.516,0
2026-03-09 05:01:00,73.95,2.87,5.563,0
2026-03-09 05:02:00,73.71,2.806,5.558,1
2026-03-09 05:03:00,73.85,3.016,5.368,0
2026-03-09 05:04:00,73.2,2.55,5.519,0
2026-03-09 05:05:00,72.34,2.625,5.495,0
2026-03-09 05:06:00,72.48,2.48,5.542,1
2026-03-09 05:07:00,72.03,2.463,5.425,0
2026-03-09 05:08:00,72.54,2.622,5.281,0
2026-03-09 05:09:00,72.29,2.849,5.508,0
2026-03-09 05:10:00,72.39,2.66,5.531,0
2026-03-09 05:11:00,72.87,2.623,5.573,0
2026-03-09 05:12:00,72.46,2.639,5.492,1
2026-03-09 05:13:00,73.54,2.944,5.263,0
2026-03-09 05:14:00,73.28,2.365,5.412,0
2026-03-09 05:15:00,72.53,2.734,5.276,0
2026-03-09 05:16:00,72.83,2.938,5.277,0
2026-03-09 05:17:00,73.21,2.431,5.5,0
2026-03-09 05:18:00,72.77,2.906,5.635,1
2026-03-09 05:19:00,73.05,2.565,5.301,0
2026-03-09 05:20:00,71.73,2.429,5.404,0
2026-03-09 05:21:00,71.99,2.573,5.299,0
2026-03-09 05:22:00,71.96,2.201,5.384,0
2026-03-09 05:23:00,72.3,2.498,5.433,0
2026-03-09 05:24:00,72.11,2.816,5.604,0
2026-03-09 05:25:00,72.53,2.719,5.511,0
2026-03-09 05:26:00,72.03,2.932,5.293,0
2026-03-09 05:27:00,72.48,2.86,5.491,0
2026-03-09 05:28:00,73.22,2.998,5.487,0
2026-03-09 05:29:00,73.98,2.623,5.602,0
2026-03-09 05:30:00,72.93,2.936,5.337,0
2026-03-09 05:31:00,72.62,3.036,5.489,0
2026-03-09 05:32:00,72.59,2.455,5.31,0
2026-03-09 05:33:00,72.6,2.76,5.359,0
2026-03-09 05:34:00,72.48,2.923,5.531,0
2026-03-09 05:35:00,72.58,2.383,5.461,0
2026-03-09 05:36:00,73.21,2.46,5.346,0
2026-03-09 05:37:00,73.18,2.287,5.412,0
2026-03-09 05:38:00,73.27,2.743,5.422,0
2026-03-09 05:39:00,74.02,2.534,5.28,0
2026-03-09 05:40:00,73.67,2.693,5.448,0
2026-03-09 05:41:00,74.32,2.871,5.468,0
2026-03-09 05:42:00,74.88,2.449,5.426,0
2026-03-09 05:43:00,74.37,2.967,5.509,0
2026-03-09 05:44:00,74.48,2.526,5.657,0
2026-03-09 05:45:00,73.97,2.804,5.571,0
2026-03-09 05:46:00,74.17,3.018,5.572,0
2026-03-09 05:47:00,73.77,2.584,5.589,0
2026-03-09 05:48:00,73.32,3.41,5.578,1
2026-03-09 05:49:00,73.46,2.594,5.56,0
2026-03-09 05:50:00,73.03,2.653,5.472,0
2026-03-09 05:51:00,73.03,2.635,5.591,0
2026-03-09 05:52:00,73.42,2.222,5.407,0
2026-03-09 05:53:00,74.04,2.634,5.473,0
2026-03-09 05:54:00,74.44,2.526,5.373,0
2026-03-09 05:55:00,73.88,2.787,5.421,0
2026-03-09 05:56:00,73.64,2.729,5.26,0
2026-03-09 05:57:00,73.08,2.972,5.412,0
2026-03-09 05:58:00,72.57,2.861,5.558,0
2026-03-09 05:59:00,72.27,2.433,5.422,0
2026-03-09 06:00:00,72.38,2.58,5.564,0
2026-03-09 06:01:00,72.68,2.871,5.472,0
2026-03-09 06:02:00,72.87,2.702,5.424,0
2026-03-09 06:03:00,72.79,2.645,5.442,0
2026-03-09 06:04:00,72.41,2.632,5.431,0
2026-03-09 06:05:00,72.62,3.116,5.479,0
2026-03-09 06:06:00,72.42,2.609,5.838,0
2026-03-09 06:07:00,72.92,2.398,5.308,0
2026-03-09 06:08:00,72.9,2.803,5.303,0
2026-03-09 06:09:00,73.04,2.369,5.454,0
2026-03-09 06:10:00,72.75,2.709,5.432,0
2026-03-09 06:11:00,72.91,2.836,5.561,0
2026-03-09 06:12:00,72.67,2.489,5.633,0
2026-03-09 06:13:00,73.0,2.826,5.576,0
2026-03-09 06:14:00,73.1,2.668,5.511,0
2026-03-09 06:15:00,73.31,2.803,5.641,0
2026-03-09 06:16:00,72.96,2.999,5.483,0
2026-03-09 06:17:00,73.97,2.653,5.597,0
2026-03-09 06:18:00,74.41,2.622,5.657,0
2026-03-09 06:19:00,74.01,2.838,5.682,0
2026-03-09 06:20:00,74.72,3.029,5.654,0
2026-03-09 06:21:00,74.8,2.854,5.519,0
2026-03-09 06:22:00,74.74,2.972,5.353,0
2026-03-09 06:23:00,74.88,2.888,5.507,0
2026-03-09 06:24:00,74.13,3.102,5.596,0
2026-03-09 06:25:00,74.35,2.771,5.296,0
2026-03-09 06:26:00,74.51,2.718,5.474,0
2026-03-09 06:27:00,74.81,2.922,5.625,0
2026-03-09 06:28:00,75.06,2.665,5.486,0
2026-03-09 06:29:00,74.88,2.796,5.545,0
2026-03-09 06:30:00,75.16,2.87,5.649,0
2026-03-09 06:31:00,75.75,3.167,5.498,0
2026-03-09 06:32:00,75.52,2.973,5.472,0
2026-03-09 06:33:00,75.51,2.994,5.66,0
2026-03-09 06:34:00,75.21,2.734,5.663,0
2026-03-09 06:35:00,75.06,2.563,5.73,0
2026-03-09 06:36:00,74.95,2.798,5.631,0
2026-03-09 06:37:00,75.09,2.731,5.487,0
2026-03-09 06:38:00,74.36,2.864,5.472,0
2026-03-09 06:39:00,74.93,3.036,5.552,0
2026-03-09 06:40:00,75.03,2.901,5.456,0
2026-03-09 06:41:00,75.08,2.875,5.578,0
2026-03-09 06:42:00,74.59,2.747,5.504,0
2026-03-09 06:43:00,74.01,2.823,5.553,0
2026-03-09 06:44:00,73.09,2.908,5.616,0
2026-03-09 06:45:00,73.84,2.782,5.67,0
2026-03-09 06:46:00,74.1,2.997,5.743,0
2026-03-09 06:47:00,73.77,3.111,5.632,0
2026-03-09 06:48:00,73.64,2.755,5.412,0
2026-03-09 06:49:00,74.19,3.149,5.555,0
2026-03-09 06:50:00,73.74,2.695,5.278,0
2026-03-09 06:51:00,72.91,2.441,5.472,0
2026-03-09 06:52:00,72.9,2.464,5.532,0
2026-03-09 06:53:00,72.66,2.637,5.54,0
2026-03-09 06:54:00,73.01,2.592,5.556,0
2026-03-09 06:55:00,72.78,2.253,5.345,0
2026-03-09 06:56:00,72.33,2.36,5.637,0
2026-03-09 06:57:00,73.36,2.817,5.314,0
2026-03-09 06:58:00,72.44,2.379,5.402,0
2026-03-09 06:59:00,72.26,2.44,5.58,1
2026-03-09 07:00:00,72.88,2.684,5.292,0
2026-03-09 07:01:00,72.31,2.802,5.605,0
2026-03-09 07:02:00,72.49,2.732,5.686,0
2026-03-09 07:03:00,73.34,2.724,5.586,0
2026-03-09 07:04:00,72.67,2.849,5.435,0
2026-03-09 07:05:00,72.19,2.884,5.608,0
2026-03-09 07:06:00,72.53,2.763,5.63,0
2026-03-09 07:07:00,72.4,2.306,5.279,0
2026-03-09 07:08:00,72.65,2.737,5.52,0
2026-03-09 07:09:00,72.41,3.388,5.466,0
2026-03-09 07:10:00,71.85,2.777,5.573,0
2026-03-09 07:11:00,72.86,2.964,5.108,0
2026-03-09 07:12:00,72.52,2.883,5.561,0
2026-03-09 07:13:00,72.67,2.868,5.457,0
2026-03-09 07:14:00,72.61,2.892,5.346,0
2026-03-09 07:15:00,72.13,2.407,5.587,0
2026-03-09 07:16:00,72.28,3.016,5.376,0
2026-03-09 07:17:00,72.41,2.584,5.392,0
2026-03-09 07:18:00,72.23,2.615,5.467,0
2026-03-09 07:19:00,72.02,2.521,5.528,0
2026-03-09 07:20:00,71.73,2.929,5.452,0
2026-03-09 07:21:00,72.07,2.605,5.339,0
2026-03-09 07:22:00,71.89,2.731,5.373,0
2026-03-09 07:23:00,71.25,2.401,5.63,0
2026-03-09 07:24:00,71.99,2.852,5.375,0
2026-03-09 07:25:00,72.58,3.065,5.603,0
2026-03-09 07:26:00,71.9,2.779,5.609,0
2026-03-09 07:27:00,71.14,2.57,5.519,0
2026-03-09 07:28:00,72.09,2.761,5.446,0
2026-03-09 07:29:00,71.85,2.581,5.502,0
2026-03-09 07:30:00,72.32,2.673,5.605,0
2026-03-09 07:31:00,72.47,2.493,5.535,0
2026-03-09 07:32:00,71.68,2.351,5.459,0
2026-03-09 07:33:00,72.06,2.648,5.454,0
2026-03-09 07:34:00,72.83,2.528,5.237,0
2026-03-09 07:35:00,73.07,2.558,5.512,0
2026-03-09 07:36:00,73.05,3.207,5.444,0
2026-03-09 07:37:00,73.97,2.534,5.647,0
2026-03-09 07:38:00,74.25,2.826,5.572,0
2026-03-09 07:39:00,74.09,2.609,5.553,0
2026-03-09 07:40:00,74.07,2.803,5.559,0
2026-03-09 07:41:00,73.6,2.848,5.333,1
2026-03-09 07:42:00,73.91,2.713,5.451,0
2026-03-09 07:43:00,73.66,2.69,5.544,0
2026-03-09 07:44:00,73.5,2.557,5.328,0
2026-03-09 07:45:00,73.36,2.719,5.669,0
2026-03-09 07:46:00,73.28,2.494,5.377,0
2026-03-09 07:47:00,73.49,2.574,5.404,0
2026-03-09 07:48:00,73.15,2.518,5.432,0
2026-03-09 07:49:00,73.37,2.777,5.661,0
2026-03-09 07:50:00,73.6,2.686,5.463,0
2026-03-09 07:51:00,73.5,2.891,5.583,0
2026-03-09 07:52:00,73.84,2.362,5.427,0
2026-03-09 07:53:00,73.45,2.644,5.248,0
2026-03-09 07:54:00,73.6,2.75,5.379,0
2026-03-09 07:55:00,73.8,2.985,5.591,0
2026-03-09 07:56:00,73.32,2.605,5.7,0
2026-03-09 07:57:00,72.84,2.725,5.379,0
2026-03-09 07:58:00,72.87,2.604,5.532,0
2026-03-09 07:59:00,73.15,2.581,5.432,0
2026-03-09 08:00:00,73.07,3.355,5.394,0
2026-03-09 08:01:00,72.53,2.683,5.573,0
2026-03-09 08:02:00,73.29,2.672,5.443,0
2026-03-09 08:03:00,73.24,2.879,5.53,0
2026-03-09 08:04:00,73.7,3.017,5.437,0
2026-03-09 08:05:00,73.77,2.668,5.522,0
2026-03-09 08:06:00,73.37,2.81,5.504,0
2026-03-09 08:07:00,74.08,2.494,5.49,0
2026-03-09 08:08:00,73.95,2.751,5.555,0
2026-03-09 08:09:00,73.74,3.107,5.688,0
2026-03-09 08:10:00,73.85,2.645,5.43,1
2026-03-09 08:11:00,73.22,2.62,5.423,0
2026-03-09 08:12:00,73.39,2.479,5.582,0
2026-03-09 08:13:00,73.31,2.401,5.43,0
2026-03-09 08:14:00,73.22,2.652,5.606,0
2026-03-09 08:15:00,73.23,2.668,5.388,0
2026-03-09 08:16:00,73.75,2.739,5.664,0
2026-03-09 08:17:00,73.25,2.793,5.719,0
2026-03-09 08:18:00,72.88,3.15,5.455,0
2026-03-09 08:19:00,72.35,2.629,5.571,0
2026-03-09 08:20:00,72.97,2.795,5.376,0
2026-03-09 08:21:00,72.61,2.743,5.507,0
2026-03-09 08:22:00,72.31,2.626,5.631,0
2026-03-09 08:23:00,72.85,2.537,5.57,0
2026-03-09 08:24:00,72.63,2.383,5.573,0
2026-03-09 08:25:00,72.57,2.698,5.466,0
2026-03-09 08:26:00,72.46,2.575,5.483,0
2026-03-09 08:27:00,71.35,2.563,5.515,0
2026-03-09 08:28:00,71.34,2.776,5.432,0
2026-03-09 08:29:00,71.15,2.555,5.27,0
2026-03-09 08:30:00,71.88,2.47,5.456,0
2026-03-09 08:31:00,71.4,2.282,5.32,0
2026-03-09 08:32:00,71.93,2.697,5.508,0
2026-03-09 08:33:00,71.73,2.283,5.385,0
2026-03-09 08:34:00,71.18,2.649,5.308,0
2026-03-09 08:35:00,71.81,2.37,5.561,0
2026-03-09 08:36:00,71.63,2.872,5.333,0
2026-03-09 08:37:00,71.88,2.856,5.42,0
2026-03-09 08:38:00,71.41,2.65,5.611,0
2026-03-09 08:39:00,72.18,2.807,5.475,0
2026-03-09 08:40:00,72.61,2.845,5.631,0
2026-03-09 08:41:00,72.44,2.57,5.436,0
2026-03-09 08:42:00,72.67,2.784,5.395,0
2026-03-09 08:43:00,72.61,2.467,5.486,0
2026-03-09 08:44:00,72.6,2.769,5.244,0
2026-03-09 08:45:00,71.69,2.303,5.489,0
2026-03-09 08:46:00,71.65,2.745,5.576,0
2026-03-09 08:47:00,71.85,2.183,5.594,0
2026-03-09 08:48:00,71.75,2.412,5.59,0
2026-03-09 08:49:00,71.79,2.357,5.507,0
2026-03-09 08:50:00,71.38,2.846,5.27,0
2026-03-09 08:51:00,71.71,2.904,5.452,0
2026-03-09 08:52:00,72.01,3.777,5.159,1
2026-03-09 08:53:00,72.69,2.845,5.399,0
2026-03-09 08:54:00,73.61,2.482,5.577,0
2026-03-09 08:55:00,74.32,2.958,5.481,0
2026-03-09 08:56:00,74.79,2.602,5.402,1
2026-03-09 08:57:00,73.91,2.773,5.351,0
2026-03-09 08:58:00,73.34,2.672,5.555,0
2026-03-09 08:59:00,72.63,2.866,5.31,0
2026-03-09 09:00:00,72.8,3.007,5.38,0
2026-03-09 09:01:00,71.51,2.93,5.325,0
2026-03-09 09:02:00,72.51,2.804,5.153,0
2026-03-09 09:03:00,72.71,2.378,5.16,0
2026-03-09 09:04:00,71.72,2.646,5.282,0
2026-03-09 09:05:00,72.27,2.309,5.373,0
2026-03-09 09:06:00,72.57,2.76,5.295,0
2026-03-09 09:07:00,71.41,2.258,5.295,0
2026-03-09 09:08:00,71.79,2.8,5.372,0
2026-03-09 09:09:00,71.46,2.604,5.304,0
2026-03-09 09:10:00,71.47,2.889,5.425,0
2026-03-09 09:11:00,71.63,2.642,5.518,0
2026-03-09 09:12:00,72.43,2.367,5.648,0
2026-03-09 09:13:00,72.0,2.399,5.55,0
2026-03-09 09:14:00,71.72,2.53,5.416,0
2026-03-09 09:15:00,72.64,2.758,5.383,0
2026-03-09 09:16:00,71.98,2.587,5.371,0
2026-03-09 09:17:00,71.68,2.577,5.423,0
2026-03-09 09:18:00,71.56,2.671,5.399,0
2026-03-09 09:19:00,71.86,2.308,5.449,0
2026-03-09 09:20:00,71.94,2.753,5.619,0
2026-03-09 09:21:00,71.26,2.868,5.628,0
2026-03-09 09:22:00,71.26,2.38,5.45,0
2026-03-09 09:23:00,70.98,2.629,5.197,0
2026-03-09 09:24:00,70.89,2.438,5.58,0
2026-03-09 09:25:00,71.11,2.595,5.506,0
2026-03-09 09:26:00,71.56,2.503,5.432,0
2026-03-09 09:27:00,71.73,2.739,5.607,0
2026-03-09 09:28:00,72.06,2.399,5.318,0
2026-03-09 09:29:00,71.95,2.654,5.469,0
2026-03-09 09:30:00,71.42,2.708,5.465,0
2026-03-09 09:31:00,72.09,2.311,5.576,0
2026-03-09 09:32:00,71.52,2.124,5.404,0
2026-03-09 09:33:00,72.23,2.753,5.416,0
2026-03-09 09:34:00,71.91,2.714,5.632,0
2026-03-09 09:35:00,71.5,2.557,5.572,0
2026-03-09 09:36:00,71.94,2.587,5.747,0
2026-03-09 09:37:00,72.32,2.919,5.299,0
2026-03-09 09:38:00,72.22,2.864,5.555,0
2026-03-09 09:39:00,72.11,2.409,5.454,0
2026-03-09 09:40:00,71.95,2.702,5.244,0
2026-03-09 09:41:00,71.42,2.68,5.438,0
2026-03-09 09:42:00,71.45,3.047,5.433,0
2026-03-09 09:43:00,71.46,2.792,5.521,0
2026-03-09 09:44:00,71.58,2.955,5.779,0
2026-03-09 09:45:00,70.3,2.597,5.617,0
2026-03-09 09:46:00,71.27,3.131,5.425,0
2026-03-09 09:47:00,70.45,2.741,5.417,0
2026-03-09 09:48:00,71.53,2.874,5.803,0
2026-03-09 09:49:00,71.26,2.75,5.52,0
2026-03-09 09:50:00,72.1,2.964,5.66,0
2026-03-09 09:51:00,71.46,2.601,5.164,0
2026-03-09 09:52:00,71.7,4.438,5.313,0
2026-03-09 09:53:00,72.59,2.92,5.579,0
2026-03-09 09:54:00,73.14,2.818,5.766,0
2026-03-09 09:55:00,72.94,2.666,5.574,0
2026-03-09 09:56:00,73.49,2.994,5.437,0
2026-03-09 09:57:00,74.04,2.853,5.712,0
2026-03-09 09:58:00,73.58,2.663,5.59,0
2026-03-09 09:59:00,74.12,2.895,5.468,0
2026-03-09 10:00:00,74.22,2.797,5.482,0
2026-03-09 10:01:00,74.22,2.754,5.463,0
2026-03-09 10:02:00,74.05,2.477,5.416,0
2026-03-09 10:03:00,73.35,2.958,5.767,0
2026-03-09 10:04:00,74.31,3.024,5.473,0
2026-03-09 10:05:00,73.83,2.849,5.497,0
2026-03-09 10:06:00,74.22,2.944,5.287,0
2026-03-09 10:07:00,74.81,3.261,5.641,0
2026-03-09 10:08:00,74.81,2.949,5.755,0
2026-03-09 10:09:00,74.8,2.942,5.747,0
2026-03-09 10:10:00,74.24,3.06,5.547,0
2026-03-09 10:11:00,73.91,3.344,5.66,0
2026-03-09 10:12:00,74.54,2.846,5.495,0
2026-03-09 10:13:00,74.69,2.86,5.725,0
2026-03-09 10:14:00,74.72,3.132,5.399,0
2026-03-09 10:15:00,74.14,2.485,5.33,0
2026-03-09 10:16:00,73.79,2.538,5.744,0
2026-03-09 10:17:00,73.96,2.922,5.519,0
2026-03-09 10:18:00,74.62,2.654,5.51,0
2026-03-09 10:19:00,74.6,2.781,5.895,0
2026-03-09 10:20:00,74.25,2.938,5.541,0
2026-03-09 10:21:00,74.22,2.966,5.804,0
2026-03-09 10:22:00,74.42,2.709,5.579,0
2026-03-09 10:23:00,73.79,2.792,5.649,0
2026-03-09 10:24:00,74.06,2.79,5.782,0
2026-03-09 10:25:00,73.9,2.576,5.238,0
2026-03-09 10:26:00,74.37,2.706,5.512,0
2026-03-09 10:27:00,73.89,2.616,5.673,0
2026-03-09 10:28:00,74.44,3.231,5.679,0
2026-03-09 10:29:00,75.43,3.165,5.586,0
2026-03-09 10:30:00,76.26,3.334,5.542,0
2026-03-09 10:31:00,76.39,3.282,5.676,0
2026-03-09 10:32:00,76.42,3.132,5.627,0
2026-03-09 10:33:00,76.31,3.093,5.815,0
2026-03-09 10:34:00,76.43,3.23,5.773,0
2026-03-09 10:35:00,76.28,3.004,5.563,0
2026-03-09 10:36:00,76.32,2.814,5.633,0
2026-03-09 10:37:00,76.33,3.048,5.822,0
2026-03-09 10:38:00,76.2,3.157,5.68,0
2026-03-09 10:39:00,76.51,3.197,5.828,0
2026-03-09 10:40:00,77.07,3.111,5.819,0
2026-03-09 10:41:00,76.92,2.561,5.772,0
2026-03-09 10:42:00,77.01,2.893,5.681,0
2026-03-09 10:43:00,76.53,2.742,5.483,0
2026-03-09 10:44:00,76.92,3.249,5.744,0
2026-03-09 10:45:00,76.87,2.747,5.804,0
2026-03-09 10:46:00,76.7,3.164,5.794,0
2026-03-09 10:47:00,76.65,2.949,5.485,0
2026-03-09 10:48:00,76.5,3.084,5.625,0
2026-03-09 10:49:00,76.8,2.984,5.6,0
2026-03-09 10:50:00,77.03,3.259,5.735,0
2026-03-09 10:51:00,76.88,3.18,5.897,0
2026-03-09 10:52:00,77.1,3.02,5.77,0
2026-03-09 10:53:00,77.92,2.859,5.551,0
2026-03-09 10:54:00,77.51,3.334,5.754,0
2026-03-09 10:55:00,77.52,2.852,5.697,0
2026-03-09 10:56:00,77.8,3.161,5.818,0
2026-03-09 10:57:00,77.73,3.239,5.666,0
2026-03-09 10:58:00,77.48,2.939,5.8,0
2026-03-09 10:59:00,78.01,2.663,5.35,0
2026-03-09 11:00:00,78.54,3.013,5.876,0
2026-03-09 11:01:00,77.73,3.112,5.522,0
2026-03-09 11:02:00,77.1,3.216,5.874,0
2026-03-09 11:03:00,77.51,2.896,5.843,0
2026-03-09 11:04:00,77.94,2.848,5.651,0
2026-03-09 11:05:00,77.54,2.962,5.771,0
2026-03-09 11:06:00,77.78,3.346,5.614,0
2026-03-09 11:07:00,77.03,3.008,5.528,0
2026-03-09 11:08:00,76.87,3.637,5.672,0
2026-03-09 11:09:00,75.96,3.064,5.439,1
2026-03-09 11:10:00,75.62,3.146,5.875,0
2026-03-09 11:11:00,75.55,3.148,5.665,0
2026-03-09 11:12:00,75.33,2.714,5.729,0
2026-03-09 11:13:00,75.11,2.93,5.412,0
2026-03-09 11:14:00,75.8,2.898,5.744,0
2026-03-09 11:15:00,75.61,3.172,5.475,0
2026-03-09 11:16:00,74.97,2.957,5.608,0
2026-03-09 11:17:00,75.06,2.503,5.948,0
2026-03-09 11:18:00,75.3,2.942,5.64,0
2026-03-09 11:19:00,74.51,2.743,5.935,0
2026-03-09 11:20:00,74.52,2.875,5.902,0
2026-03-09 11:21:00,75.43,3.219,5.98,0
2026-03-09 11:22:00,75.0,3.104,5.737,0
2026-03-09 11:23:00,75.83,3.022,5.804,0
2026-03-09 11:24:00,75.09,3.212,5.679,0
2026-03-09 11:25:00,74.8,3.41,5.624,0
2026-03-09 11:26:00,75.59,2.862,5.745,0
2026-03-09 11:27:00,75.72,3.303,5.616,1
2026-03-09 11:28:00,77.05,3.385,5.678,1
2026-03-09 11:29:00,75.81,2.956,5.656,0
2026-03-09 11:30:00,76.04,3.132,5.712,0
2026-03-09 11:31:00,76.28,3.068,5.767,0
2026-03-09 11:32:00,76.39,3.196,5.673,0
2026-03-09 11:33:00,76.61,3.369,5.862,0
2026-03-09 11:34:00,75.93,2.969,5.779,0
2026-03-09 11:35:00,76.01,3.095,5.737,0
2026-03-09 11:36:00,76.32,3.075,5.685,0
2026-03-09 11:37:00,76.42,3.012,5.843,0
2026-03-09 11:38:00,76.63,3.043,6.021,0
2026-03-09 11:39:00,76.88,3.394,5.911,1
2026-03-09 11:40:00,77.32,3.073,5.543,0
2026-03-09 11:41:00,77.52,3.296,5.897,0
2026-03-09 11:42:00,77.33,2.736,5.852,0
2026-03-09 11:43:00,76.79,3.649,5.962,0
2026-03-09 11:44:00,77.0,3.257,5.723,0
2026-03-09 11:45:00,76.7,3.398,5.818,0
2026-03-09 11:46:00,77.19,3.261,5.868,0
2026-03-09 11:47:00,77.26,2.727,6.018,0
2026-03-09 11:48:00,77.24,3.27,5.884,0
2026-03-09 11:49:00,76.76,2.941,5.841,0
2026-03-09 11:50:00,76.72,3.205,6.011,0
2026-03-09 11:51:00,76.95,3.374,5.76,0
2026-03-09 11:52:00,77.04,3.072,5.728,0
2026-03-09 11:53:00,76.82,3.043,5.806,0
2026-03-09 11:54:00,77.13,3.609,5.905,0
2026-03-09 11:55:00,76.95,3.378,5.903,0
2026-03-09 11:56:00,77.57,2.77,5.848,0
2026-03-09 11:57:00,78.2,3.064,5.778,0
2026-03-09 11:58:00,78.56,3.291,5.753,0
2026-03-09 11:59:00,78.07,2.929,5.953,0
2026-03-09 12:00:00,78.0,3.199,5.737,0
2026-03-09 12:01:00,78.19,3.486,5.81,1
2026-03-09 12:02:00,76.94,2.637,5.798,1
2026-03-09 12:03:00,76.75,2.564,5.468,0
2026-03-09 12:04:00,77.32,3.055,6.007,0
2026-03-09 12:05:00,77.46,2.934,5.758,0
2026-03-09 12:06:00,77.67,3.154,5.889,0
2026-03-09 12:07:00,77.19,3.022,5.69,0
2026-03-09 12:08:00,77.38,2.866,5.868,0
2026-03-09 12:09:00,77.65,3.162,5.988,1
2026-03-09 12:10:00,78.1,3.626,5.711,1
2026-03-09 12:11:00,77.83,3.27,5.557,0
2026-03-09 12:12:00,77.7,3.21,5.727,0
2026-03-09 12:13:00,78.31,3.605,5.832,1
2026-03-09 12:14:00,78.53,3.056,5.945,0
2026-03-09 12:15:00,78.03,3.621,5.687,0
2026-03-09 12:16:00,78.06,3.283,5.987,1
2026-03-09 12:17:00,78.06,3.173,5.721,0
2026-03-09 12:18:00,76.84,3.193,5.973,0
2026-03-09 12:19:00,77.05,2.93,5.801,0
2026-03-09 12:20:00,77.28,3.279,5.642,0
2026-03-09 12:21:00,77.5,2.931,5.867,0
2026-03-09 12:22:00,77.6,2.993,5.744,0
2026-03-09 12:23:00,77.68,2.813,6.061,0
2026-03-09 12:24:00,76.73,3.136,5.982,0
2026-03-09 12:25:00,76.29,3.081,5.715,0
2026-03-09 12:26:00,76.25,3.12,5.637,1
2026-03-09 12:27:00,76.26,3.317,5.708,0
2026-03-09 12:28:00,75.69,3.166,5.862,0
2026-03-09 12:29:00,76.49,2.853,5.923,0
2026-03-09 12:30:00,75.5,3.379,5.923,0
2026-03-09 12:31:00,76.26,2.778,5.634,0
2026-03-09 12:32:00,75.93,2.587,5.651,0
2026-03-09 12:33:00,75.52,2.875,5.686,0
2026-03-09 12:34:00,75.98,3.156,5.635,0
2026-03-09 12:35:00,75.79,2.794,5.644,0
2026-03-09 12:36:00,75.81,2.881,5.578,0
2026-03-09 12:37:00,75.88,2.875,5.692,1
2026-03-09 12:38:00,75.45,2.762,5.79,0
2026-03-09 12:39:00,74.68,2.799,5.448,0
2026-03-09 12:40:00,75.23,3.261,5.575,0
2026-03-09 12:41:00,75.43,3.02,5.766,0
2026-03-09 12:42:00,76.13,3.105,5.641,0
2026-03-09 12:43:00,75.89,3.083,5.864,0
2026-03-09 12:44:00,75.68,3.068,5.687,0
2026-03-09 12:45:00,75.56,3.377,5.518,0
2026-03-09 12:46:00,76.04,2.872,5.715,0
2026-03-09 12:47:00,75.84,3.319,5.779,0
2026-03-09 12:48:00,75.48,2.806,5.702,1
2026-03-09 12:49:00,75.35,3.068,5.828,0
2026-03-09 12:50:00,75.56,3.081,5.508,0
2026-03-09 12:51:00,75.38,3.126,5.682,0
2026-03-09 12:52:00,75.55,2.761,5.613,0
2026-03-09 12:53:00,75.64,2.726,5.692,0
2026-03-09 12:54:00,75.4,3.253,5.669,0
2026-03-09 12:55:00,75.66,3.329,5.919,0
2026-03-09 12:56:00,75.06,2.922,5.593,0
2026-03-09 12:57:00,75.68,2.581,5.484,0
2026-03-09 12:58:00,75.95,3.215,5.431,0
2026-03-09 12:59:00,74.69,3.161,5.83,1
2026-03-09 13:00:00,75.23,2.95,5.546,0
2026-03-09 13:01:00,75.48,3.147,5.525,0
2026-03-09 13:02:00,75.53,3.211,5.751,0
2026-03-09 13:03:00,76.3,2.906,5.677,0
2026-03-09 13:04:00,75.73,3.346,5.786,0
2026-03-09 13:05:00,76.01,3.295,5.608,0
2026-03-09 13:06:00,75.62,3.186,5.518,0
2026-03-09 13:07:00,76.21,3.244,5.735,0
2026-03-09 13:08:00,76.34,3.248,5.833,0
2026-03-09 13:09:00,75.75,3.19,5.834,0
2026-03-09 13:10:00,75.23,2.866,5.808,0
2026-03-09 13:11:00,75.78,3.277,5.961,0
2026-03-09 13:12:00,75.58,3.038,5.919,0
2026-03-09 13:13:00,75.65,3.216,5.515,0
2026-03-09 13:14:00,75.85,2.746,6.0,0
2026-03-09 13:15:00,75.8,2.944,5.478,0
2026-03-09 13:16:00,75.94,3.4,5.685,0
2026-03-09 13:17:00,76.46,3.176,5.989,0
2026-03-09 13:18:00,75.79,3.148,5.704,1
2026-03-09 13:19:00,76.15,3.3,5.657,0
2026-03-09 13:20:00,75.98,2.778,5.709,0
2026-03-09 13:21:00,75.76,3.131,6.151,0
2026-03-09 13:22:00,76.23,3.111,5.843,0
2026-03-09 13:23:00,76.64,3.114,5.795,1
2026-03-09 13:24:00,75.83,3.813,5.838,0
2026-03-09 13:25:00,75.7,3.231,5.618,0
2026-03-09 13:26:00,75.97,2.921,5.76,0
2026-03-09 13:27:00,75.69,3.078,5.793,0
2026-03-09 13:28:00,76.52,2.987,5.79,0
2026-03-09 13:29:00,76.56,3.002,5.742,0
2026-03-09 13:30:00,76.14,2.817,5.797,0
2026-03-09 13:31:00,76.66,2.888,5.89,0
2026-03-09 13:32:00,75.82,3.381,6.088,1
2026-03-09 13:33:00,76.68,3.258,5.638,1
2026-03-09 13:34:00,76.1,3.231,5.952,0
2026-03-09 13:35:00,75.8,3.013,5.735,0
2026-03-09 13:36:00,76.11,3.489,5.582,0
2026-03-09 13:37:00,76.24,2.987,5.856,0
2026-03-09 13:38:00,75.93,2.982,5.79,0
2026-03-09 13:39:00,76.14,3.334,5.74,0
2026-03-09 13:40:00,76.53,2.983,5.894,0
2026-03-09 13:41:00,76.86,3.238,5.609,0
2026-03-09 13:42:00,76.66,3.037,5.658,0
2026-03-09 13:43:00,76.87,3.286,5.796,0
2026-03-09 13:44:00,77.16,3.442,5.703,0
2026-03-09 13:45:00,76.7,3.443,5.921,0
2026-03-09 13:46:00,76.25,2.86,5.941,0
2026-03-09 13:47:00,76.79,3.043,5.807,0
2026-03-09 13:48:00,76.9,3.136,5.948,0
2026-03-09 13:49:00,76.47,3.314,5.679,0
2026-03-09 13:50:00,77.18,2.998,5.75,0
2026-03-09 13:51:00,77.59,3.208,5.847,0
2026-03-09 13:52:00,77.43,3.135,5.837,0
2026-03-09 13:53:00,78.27,2.716,5.722,0
2026-03-09 13:54:00,77.41,3.121,5.79,0
2026-03-09 13:55:00,77.6,2.919,5.814,0
2026-03-09 13:56:00,77.35,3.74,5.617,0
2026-03-09 13:57:00,76.83,3.357,5.838,0
2026-03-09 13:58:00,77.67,3.422,5.998,0
2026-03-09 13:59:00,77.61,3.069,5.806,0
2026-03-09 14:00:00,76.99,2.874,5.849,0
2026-03-09 14:01:00,77.66,2.751,5.682,0
2026-03-09 14:02:00,77.98,3.071,5.6,0
2026-03-09 14:03:00,77.21,3.296,5.61,0
2026-03-09 14:04:00,76.89,3.097,5.634,0
2026-03-09 14:05:00,76.43,2.997,5.813,1
2026-03-09 14:06:00,76.62,3.211,5.577,0
2026-03-09 14:07:00,75.85,2.641,5.553,0
2026-03-09 14:08:00,75.6,3.262,5.728,0
2026-03-09 14:09:00,74.98,3.445,5.738,0
2026-03-09 14:10:00,75.1,2.965,5.704,0
2026-03-09 14:11:00,74.88,2.56,5.481,0
2026-03-09 14:12:00,75.69,2.877,5.683,0
2026-03-09 14:13:00,74.77,3.079,5.568,0
2026-03-09 14:14:00,74.91,3.178,5.475,0
2026-03-09 14:15:00,74.78,3.128,5.827,1
2026-03-09 14:16:00,75.54,3.149,5.485,1
2026-03-09 14:17:00,75.82,3.221,5.528,1
2026-03-09 14:18:00,75.44,2.673,5.663,0
2026-03-09 14:19:00,75.69,2.874,5.763,0
2026-03-09 14:20:00,75.97,3.353,5.5,0
2026-03-09 14:21:00,74.75,3.113,5.642,0
2026-03-09 14:22:00,75.03,3.323,5.638,0
2026-03-09 14:23:00,75.59,2.633,5.438,0
2026-03-09 14:24:00,75.01,3.039,5.785,0
2026-03-09 14:25:00,75.04,3.218,5.676,0
2026-03-09 14:26:00,74.82,2.616,5.687,0
2026-03-09 14:27:00,74.46,2.822,5.695,0
2026-03-09 14:28:00,74.7,2.88,5.673,0
2026-03-09 14:29:00,74.58,2.954,5.622,0
2026-03-09 14:30:00,75.02,2.991,5.839,0
2026-03-09 14:31:00,75.03,2.729,5.804,0
2026-03-09 14:32:00,74.87,3.141,5.669,0
2026-03-09 14:33:00,75.08,2.921,5.393,0
2026-03-09 14:34:00,75.54,3.191,5.833,0
2026-03-09 14:35:00,76.01,3.057,5.535,0
2026-03-09 14:36:00,76.09,3.477,5.967,0
2026-03-09 14:37:00,76.51,3.009,5.864,0
2026-03-09 14:38:00,77.19,3.207,5.675,0
2026-03-09 14:39:00,76.42,3.024,5.681,0
2026-03-09 14:40:00,76.6,3.336,5.772,0
2026-03-09 14:41:00,77.91,3.011,5.825,0
2026-03-09 14:42:00,77.51,3.475,5.869,0
2026-03-09 14:43:00,76.95,3.201,5.857,0
2026-03-09 14:44:00,77.49,3.358,5.852,0
2026-03-09 14:45:00,77.22,3.022,5.814,0
2026-03-09 14:46:00,76.91,3.33,5.61,0
2026-03-09 14:47:00,77.07,3.255,5.72,0
2026-03-09 14:48:00,77.0,3.08,5.9,1
2026-03-09 14:49:00,76.79,3.31,5.891,1
2026-03-09 14:50:00,76.36,2.994,5.714,0
2026-03-09 14:51:00,77.06,3.256,5.654,0
2026-03-09 14:52:00,76.72,3.034,5.764,0
2026-03-09 14:53:00,77.15,2.873,5.626,0
2026-03-09 14:54:00,76.42,3.454,5.545,0
2026-03-09 14:55:00,76.45,3.145,5.738,1
2026-03-09 14:56:00,75.86,2.961,5.839,0
2026-03-09 14:57:00,75.42,3.46,5.799,0
2026-03-09 14:58:00,75.67,2.859,5.509,0
2026-03-09 14:59:00,77.14,2.931,5.725,0
2026-03-09 15:00:00,75.66,3.271,5.636,0
2026-03-09 15:01:00,75.89,3.146,5.539,1
2026-03-09 15:02:00,75.48,2.806,5.693,0
2026-03-09 15:03:00,75.81,2.887,5.797,0
2026-03-09 15:04:00,75.87,2.758,5.592,0
2026-03-09 15:05:00,76.08,3.016,5.693,0
2026-03-09 15:06:00,75.3,2.894,5.624,0
2026-03-09 15:07:00,76.3,2.821,5.812,0
2026-03-09 15:08:00,75.73,2.871,5.797,0
2026-03-09 15:09:00,75.59,2.763,5.758,0
2026-03-09 15:10:00,75.54,3.243,5.59,0
2026-03-09 15:11:00,74.95,3.299,5.615,0
2026-03-09 15:12:00,75.19,2.718,5.829,0
2026-03-09 15:13:00,75.01,2.791,5.861,0
2026-03-09 15:14:00,74.4,2.678,5.739,0
2026-03-09 15:15:00,75.17,3.154,5.641,0
2026-03-09 15:16:00,74.74,3.863,5.655,0
2026-03-09 15:17:00,74.68,2.974,5.67,0
2026-03-09 15:18:00,74.95,2.83,5.3,0
2026-03-09 15:19:00,74.84,2.973,5.733,1
2026-03-09 15:20:00,75.08,2.978,5.591,0
2026-03-09 15:21:00,74.29,3.199,5.79,1
2026-03-09 15:22:00,75.08,2.814,5.81,1
2026-03-09 15:23:00,74.95,2.973,5.988,0
2026-03-09 15:24:00,75.3,3.213,5.811,0
2026-03-09 15:25:00,75.37,2.63,5.75,0
2026-03-09 15:26:00,74.95,3.17,5.604,0
2026-03-09 15:27:00,74.91,3.214,5.429,1
2026-03-09 15:28:00,74.36,2.753,5.584,0
2026-03-09 15:29:00,75.22,2.743,5.796,0
2026-03-09 15:30:00,75.88,2.631,5.678,0
2026-03-09 15:31:00,75.71,2.881,5.794,0
2026-03-09 15:32:00,74.48,2.654,5.674,0
2026-03-09 15:33:00,74.76,2.63,5.724,0
2026-03-09 15:34:00,74.04,2.962,5.688,0
2026-03-09 15:35:00,73.83,3.132,5.695,0
2026-03-09 15:36:00,73.87,2.941,5.748,0
2026-03-09 15:37:00,74.02,2.687,5.573,0
2026-03-09 15:38:00,74.43,2.665,5.715,0
2026-03-09 15:39:00,73.88,2.718,5.776,0
2026-03-09 15:40:00,73.74,2.704,5.573,0
2026-03-09 15:41:00,73.18,2.966,5.842,0
2026-03-09 15:42:00,73.89,2.21,5.62,0
2026-03-09 15:43:00,72.72,3.017,5.566,0
2026-03-09 15:44:00,72.43,3.004,5.558,1
2026-03-09 15:45:00,72.75,2.742,5.409,0
2026-03-09 15:46:00,72.23,3.013,5.634,0
2026-03-09 15:47:00,72.41,2.775,5.55,0
2026-03-09 15:48:00,70.86,2.754,5.581,0
2026-03-09 15:49:00,71.21,2.831,5.297,0
2026-03-09 15:50:00,71.28,2.492,5.626,0
2026-03-09 15:51:00,71.81,2.661,5.696,0
2026-03-09 15:52:00,71.84,2.419,5.626,0
2026-03-09 15:53:00,72.06,2.756,5.709,0
2026-03-09 15:54:00,71.68,2.946,5.789,0
2026-03-09 15:55:00,72.03,2.599,5.593,0
2026-03-09 15:56:00,71.62,2.74,5.762,0
2026-03-09 15:57:00,72.88,2.581,5.511,0
2026-03-09 15:58:00,72.68,2.781,5.666,0
2026-03-09 15:59:00,73.14,2.992,5.686,0
2026-03-09 16:00:00,73.17,2.515,5.528,0
2026-03-09 16:01:00,72.69,2.884,5.689,0
2026-03-09 16:02:00,73.32,2.848,5.882,0
2026-03-09 16:03:00,73.29,3.148,5.76,0
2026-03-09 16:04:00,73.69,3.181,5.748,0
2026-03-09 16:05:00,73.76,3.219,5.686,0
2026-03-09 16:06:00,74.3,2.611,5.734,0
2026-03-09 16:07:00,74.0,2.992,5.791,0
2026-03-09 16:08:00,73.88,2.868,5.88,0
2026-03-09 16:09:00,74.2,3.117,5.773,0
2026-03-09 16:10:00,74.32,2.855,5.644,0
2026-03-09 16:11:00,74.01,2.91,5.302,0
2026-03-09 16:12:00,73.87,2.657,5.645,0
2026-03-09 16:13:00,74.52,2.823,5.457,0
2026-03-09 16:14:00,73.67,3.296,5.586,0
2026-03-09 16:15:00,73.8,2.466,5.742,0
2026-03-09 16:16:00,73.79,2.911,5.466,0
2026-03-09 16:17:00,73.55,2.761,5.716,1
2026-03-09 16:18:00,73.46,2.89,5.167,0
2026-03-09 16:19:00,73.85,2.929,5.716,0
2026-03-09 16:20:00,74.01,2.663,5.389,0
2026-03-09 16:21:00,73.85,2.726,5.646,0
2026-03-09 16:22:00,74.25,2.678,5.669,0
2026-03-09 16:23:00,74.63,3.177,5.68,0
2026-03-09 16:24:00,74.75,3.412,5.711,1
2026-03-09 16:25:00,73.21,3.14,5.731,0
2026-03-09 16:26:00,74.15,2.672,5.611,0
2026-03-09 16:27:00,74.41,3.024,5.619,0
2026-03-09 16:28:00,74.31,2.926,5.583,0
2026-03-09 16:29:00,74.58,2.833,5.8,0
2026-03-09 16:30:00,73.9,2.792,5.637,0
2026-03-09 16:31:00,74.35,3.136,5.76,0
2026-03-09 16:32:00,73.67,2.496,5.625,0
2026-03-09 16:33:00,74.45,2.721,5.543,0
2026-03-09 16:34:00,73.75,2.459,5.295,0
2026-03-09 16:35:00,73.71,2.778,5.488,0
2026-03-09 16:36:00,73.12,2.625,5.43,0
2026-03-09 16:37:00,73.17,2.419,5.444,0
2026-03-09 16:38:00,73.53,2.466,5.346,0
2026-03-09 16:39:00,73.22,2.505,5.329,0
2026-03-09 16:40:00,73.4,2.573,5.355,0
2026-03-09 16:41:00,73.04,2.945,5.496,0
2026-03-09 16:42:00,72.71,2.197,5.323,0
2026-03-09 16:43:00,72.66,2.623,5.702,0
2026-03-09 16:44:00,72.06,2.384,5.445,0
2026-03-09 16:45:00,72.32,2.814,5.426,0
2026-03-09 16:46:00,71.77,2.989,5.327,0
2026-03-09 16:47:00,71.5,2.766,5.666,0
2026-03-09 16:48:00,71.92,2.738,5.506,0
2026-03-09 16:49:00,71.11,2.586,5.643,0
2026-03-09 16:50:00,71.78,2.755,5.546,0
2026-03-09 16:51:00,71.43,2.527,5.318,0
2026-03-09 16:52:00,73.05,2.78,5.406,0
2026-03-09 16:53:00,72.37,2.484,5.37,0
2026-03-09 16:54:00,73.1,2.867,5.588,0
2026-03-09 16:55:00,72.55,2.836,5.647,0
2026-03-09 16:56:00,72.83,2.669,5.519,0
2026-03-09 16:57:00,72.55,2.959,5.298,0
2026-03-09 16:58:00,72.55,2.622,5.505,0
2026-03-09 16:59:00,72.54,2.813,5.408,0
2026-03-09 17:00:00,72.37,2.649,5.495,0
2026-03-09 17:01:00,72.84,2.892,5.602,0
2026-03-09 17:02:00,72.17,2.94,5.507,0
2026-03-09 17:03:00,72.6,3.015,5.435,0
2026-03-09 17:04:00,72.75,2.631,5.438,0
2026-03-09 17:05:00,72.3,2.677,5.551,0
2026-03-09 17:06:00,73.25,2.483,5.464,0
2026-03-09 17:07:00,73.21,2.667,5.435,0
2026-03-09 17:08:00,72.47,2.733,5.548,0
2026-03-09 17:09:00,72.9,3.155,5.51,0
2026-03-09 17:10:00,72.47,2.968,5.532,0
2026-03-09 17:11:00,72.42,2.67,5.44,0
2026-03-09 17:12:00,72.36,2.684,5.561,0
2026-03-09 17:13:00,72.43,2.664,5.439,0
2026-03-09 17:14:00,73.17,2.566,5.629,0
2026-03-09 17:15:00,72.65,2.445,5.62,0
2026-03-09 17:16:00,72.67,2.67,5.497,0
2026-03-09 17:17:00,72.83,2.543,5.368,0
2026-03-09 17:18:00,72.36,2.849,5.552,0
2026-03-09 17:19:00,72.28,2.515,5.628,0
2026-03-09 17:20:00,73.02,2.786,5.658,0
2026-03-09 17:21:00,72.74,2.469,5.54,0
2026-03-09 17:22:00,73.47,2.796,5.438,0
2026-03-09 17:23:00,72.98,2.478,5.463,0
2026-03-09 17:24:00,72.61,2.562,5.313,0
2026-03-09 17:25:00,72.98,2.874,5.441,0
2026-03-09 17:26:00,72.88,2.577,5.374,0
2026-03-09 17:27:00,72.15,2.489,5.491,0
2026-03-09 17:28:00,72.9,2.818,5.238,1
2026-03-09 17:29:00,72.83,2.549,5.664,0
2026-03-09 17:30:00,72.69,2.498,5.523,0
2026-03-09 17:31:00,72.4,3.097,5.459,1
2026-03-09 17:32:00,72.23,2.713,5.535,0
2026-03-09 17:33:00,72.26,2.572,5.375,0
2026-03-09 17:34:00,72.23,2.564,5.439,0
2026-03-09 17:35:00,71.47,2.468,5.597,0
2026-03-09 17:36:00,71.46,2.561,5.627,0
2026-03-09 17:37:00,71.54,2.483,5.386,0
2026-03-09 17:38:00,71.51,2.827,5.417,0
2026-03-09 17:39:00,72.17,2.713,5.246,0
2026-03-09 17:40:00,71.35,2.785,5.48,0
2026-03-09 17:41:00,72.08,2.694,5.331,0
2026-03-09 17:42:00,71.37,2.495,5.644,0
2026-03-09 17:43:00,71.26,3.052,5.31,0
2026-03-09 17:44:00,70.88,2.522,5.518,0
2026-03-09 17:45:00,70.18,2.614,5.348,0
2026-03-09 17:46:00,70.02,2.488,5.527,0
2026-03-09 17:47:00,69.35,2.583,5.106,0
2026-03-09 17:48:00,70.04,2.72,5.421,0
2026-03-09 17:49:00,69.8,2.704,5.405,0
2026-03-09 17:50:00,69.54,2.413,5.371,0
2026-03-09 17:51:00,69.68,2.577,5.417,0
2026-03-09 17:52:00,70.03,2.26,5.374,0
2026-03-09 17:53:00,70.45,2.765,5.406,0
2026-03-09 17:54:00,70.44,2.537,5.151,0
2026-03-09 17:55:00,69.44,2.63,5.281,0
2026-03-09 17:56:00,70.16,2.631,5.262,0
2026-03-09 17:57:00,69.67,2.726,5.509,0
2026-03-09 17:58:00,70.77,2.171,5.553,0
2026-03-09 17:59:00,69.68,2.66,5.62,0
2026-03-09 18:00:00,69.52,2.409,5.213,0
2026-03-09 18:01:00,69.92,2.504,5.438,0
2026-03-09 18:02:00,69.71,2.668,5.262,0
2026-03-09 18:03:00,68.86,2.323,5.414,0
2026-03-09 18:04:00,69.63,2.513,5.432,0
2026-03-09 18:05:00,69.78,2.785,5.278,0
2026-03-09 18:06:00,69.93,2.492,5.202,0
2026-03-09 18:07:00,71.66,2.421,5.402,0
2026-03-09 18:08:00,70.52,2.445,5.537,0
2026-03-09 18:09:00,70.14,2.708,5.431,0
2026-03-09 18:10:00,70.58,2.747,5.501,0
2026-03-09 18:11:00,71.38,2.396,5.329,0
2026-03-09 18:12:00,72.29,2.936,5.645,0
2026-03-09 18:13:00,72.39,2.917,5.57,0
2026-03-09 18:14:00,72.66,2.842,5.528,0
2026-03-09 18:15:00,72.67,2.6,5.425,0
2026-03-09 18:16:00,72.98,2.504,5.548,0
2026-03-09 18:17:00,73.52,2.716,5.331,0
2026-03-09 18:18:00,73.44,2.673,5.59,0
2026-03-09 18:19:00,73.34,2.423,5.266,0
2026-03-09 18:20:00,73.01,2.533,5.34,0
2026-03-09 18:21:00,72.26,2.631,5.311,0
2026-03-09 18:22:00,72.48,2.504,5.397,0
2026-03-09 18:23:00,73.24,2.787,5.129,0
2026-03-09 18:24:00,72.76,2.844,5.183,0
2026-03-09 18:25:00,72.51,2.82,5.219,0
2026-03-09 18:26:00,72.71,2.658,5.201,0
2026-03-09 18:27:00,72.17,2.304,5.134,0
2026-03-09 18:28:00,72.57,2.801,5.373,0
2026-03-09 18:29:00,70.87,2.713,5.593,0
2026-03-09 18:30:00,71.25,2.848,5.254,0
2026-03-09 18:31:00,71.11,2.6,5.08,0
2026-03-09 18:32:00,70.9,2.466,5.231,0
2026-03-09 18:33:00,70.78,2.49,5.266,0
2026-03-09 18:34:00,71.05,2.741,5.425,0
2026-03-09 18:35:00,71.73,2.429,5.294,0
2026-03-09 18:36:00,70.61,2.668,5.668,0
2026-03-09 18:37:00,70.86,2.216,5.409,0
2026-03-09 18:38:00,71.1,2.492,5.351,0
2026-03-09 18:39:00,72.05,2.689,5.276,0
2026-03-09 18:40:00,71.74,2.501,5.469,0
2026-03-09 18:41:00,72.52,2.536,5.286,0
2026-03-09 18:42:00,71.69,2.808,5.49,0
2026-03-09 18:43:00,71.36,2.288,5.232,0
2026-03-09 18:44:00,71.14,2.564,5.236,0
2026-03-09 18:45:00,71.51,2.34,5.302,0
2026-03-09 18:46:00,72.31,2.621,5.359,0
2026-03-09 18:47:00,71.6,2.617,5.453,0
2026-03-09 18:48:00,72.39,2.589,5.562,0
2026-03-09 18:49:00,71.98,2.598,5.519,0
2026-03-09 18:50:00,72.61,2.732,5.343,0
2026-03-09 18:51:00,71.58,2.529,5.437,0
2026-03-09 18:52:00,71.79,2.513,5.497,0
2026-03-09 18:53:00,71.68,2.686,5.203,0
2026-03-09 18:54:00,70.73,2.321,5.447,0
2026-03-09 18:55:00,71.34,2.356,5.501,0
2026-03-09 18:56:00,71.31,2.368,5.662,0
2026-03-09 18:57:00,71.38,2.625,5.623,0
2026-03-09 18:58:00,72.45,2.67,5.535,0
2026-03-09 18:59:00,72.45,2.541,5.716,0
2026-03-09 19:00:00,72.26,2.967,5.517,0
2026-03-09 19:01:00,73.06,2.717,5.372,1
2026-03-09 19:02:00,71.9,2.621,5.387,0
2026-03-09 19:03:00,72.15,2.334,5.252,0
2026-03-09 19:04:00,72.33,2.512,5.354,0
2026-03-09 19:05:00,71.75,2.681,5.32,0
2026-03-09 19:06:00,71.97,2.943,5.425,0
2026-03-09 19:07:00,71.7,3.087,5.347,0
2026-03-09 19:08:00,71.49,2.41,5.225,0
2026-03-09 19:09:00,71.56,2.904,5.328,0
2026-03-09 19:10:00,71.56,3.11,5.648,0
2026-03-09 19:11:00,72.07,2.678,5.552,0
2026-03-09 19:12:00,71.94,2.625,5.275,0
2026-03-09 19:13:00,72.3,2.55,5.249,0
2026-03-09 19:14:00,72.2,2.781,5.614,0
2026-03-09 19:15:00,72.06,2.555,5.457,0
2026-03-09 19:16:00,71.82,2.603,5.555,0
2026-03-09 19:17:00,71.63,2.637,5.339,0
2026-03-09 19:18:00,72.12,2.723,5.384,0
2026-03-09 19:19:00,72.87,2.392,5.26,0
2026-03-09 19:20:00,72.4,2.877,5.551,0
2026-03-09 19:21:00,71.94,2.678,5.133,0
2026-03-09 19:22:00,71.95,2.468,5.291,0
2026-03-09 19:23:00,72.33,2.419,5.689,0
2026-03-09 19:24:00,72.4,2.676,5.423,0
2026-03-09 19:25:00,72.73,2.661,5.526,0
2026-03-09 19:26:00,72.3,2.422,5.514,0
2026-03-09 19:27:00,72.94,2.537,5.46,0
2026-03-09 19:28:00,72.27,2.392,5.259,0
2026-03-09 19:29:00,72.6,2.719,5.442,0
2026-03-09 19:30:00,72.58,2.563,5.257,0
2026-03-09 19:31:00,72.84,2.847,5.645,0
2026-03-09 19:32:00,72.78,2.864,5.543,0
2026-03-09 19:33:00,72.59,2.7,5.589,0
2026-03-09 19:34:00,72.96,2.497,5.437,0
2026-03-09 19:35:00,72.62,2.55,5.459,0
2026-03-09 19:36:00,72.78,2.711,5.334,0
2026-03-09 19:37:00,72.66,2.439,5.227,0
2026-03-09 19:38:00,72.02,2.64,5.529,0
2026-03-09 19:39:00,72.02,2.197,5.387,0
2026-03-09 19:40:00,72.09,2.938,5.55,0
2026-03-09 19:41:00,72.65,2.604,5.26,0
2026-03-09 19:42:00,72.59,2.95,5.34,0
2026-03-09 19:43:00,71.82,2.728,5.444,0
2026-03-09 19:44:00,72.07,2.499,5.577,0
2026-03-09 19:45:00,72.26,2.687,5.328,0
2026-03-09 19:46:00,72.31,2.607,5.492,0
2026-03-09 19:47:00,72.11,2.381,5.262,0
2026-03-09 19:48:00,71.68,2.901,5.185,0
2026-03-09 19:49:00,71.88,2.665,5.288,0
2026-03-09 19:50:00,71.67,2.819,5.307,0
2026-03-09 19:51:00,72.01,2.232,5.311,0
2026-03-09 19:52:00,71.56,2.489,5.32,0
2026-03-09 19:53:00,71.43,2.842,5.404,0
2026-03-09 19:54:00,72.54,2.627,5.237,0
2026-03-09 19:55:00,73.1,2.549,5.556,0
2026-03-09 19:56:00,72.04,2.641,5.375,0
2026-03-09 19:57:00,71.81,2.476,5.28,0
2026-03-09 19:58:00,71.86,2.415,5.543,0
2026-03-09 19:59:00,71.05,2.423,5.444,0
2026-03-09 20:00:00,71.87,2.738,5.255,0
2026-03-09 20:01:00,72.13,2.515,5.367,0
2026-03-09 20:02:00,71.59,2.641,5.335,0
2026-03-09 20:03:00,70.27,2.389,5.271,0
2026-03-09 20:04:00,70.46,2.605,5.426,0
2026-03-09 20:05:00,70.23,2.56,5.114,0
2026-03-09 20:06:00,70.68,2.717,5.393,0
2026-03-09 20:07:00,70.46,2.685,5.218,0
2026-03-09 20:08:00,70.32,2.381,5.229,0
2026-03-09 20:09:00,70.93,2.371,5.288,0
2026-03-09 20:10:00,70.57,2.504,5.438,0
2026-03-09 20:11:00,70.49,2.634,5.396,0
2026-03-09 20:12:00,70.36,2.416,5.286,0
2026-03-09 20:13:00,70.48,2.383,5.441,0
2026-03-09 20:14:00,69.98,2.298,5.268,0
2026-03-09 20:15:00,70.03,2.391,5.363,0
2026-03-09 20:16:00,69.72,2.379,5.302,0
2026-03-09 20:17:00,69.27,2.648,5.379,0
2026-03-09 20:18:00,70.12,2.622,5.303,0
2026-03-09 20:19:00,70.27,2.733,5.363,0
2026-03-09 20:20:00,69.62,2.963,5.44,0
2026-03-09 20:21:00,69.66,2.315,5.309,0
2026-03-09 20:22:00,69.92,2.601,5.197,0
2026-03-09 20:23:00,71.67,2.697,5.377,0
2026-03-09 20:24:00,72.01,2.442,5.615,0
2026-03-09 20:25:00,71.76,2.523,5.438,0
2026-03-09 20:26:00,71.32,2.66,5.198,0
2026-03-09 20:27:00,70.95,2.608,5.491,0
2026-03-09 20:28:00,70.6,2.596,5.329,0
2026-03-09 20:29:00,70.96,2.678,5.275,0
2026-03-09 20:30:00,70.39,2.543,5.435,0
2026-03-09 20:31:00,70.96,2.666,5.437,0
2026-03-09 20:32:00,70.5,2.421,5.287,0
2026-03-09 20:33:00,69.74,2.569,5.106,0
2026-03-09 20:34:00,69.81,2.936,5.525,0
2026-03-09 20:35:00,70.89,2.511,5.059,0
2026-03-09 20:36:00,70.59,2.461,5.175,0
2026-03-09 20:37:00,70.44,2.573,5.02,0
2026-03-09 20:38:00,70.21,2.383,5.245,0
2026-03-09 20:39:00,70.05,2.272,5.311,0
2026-03-09 20:40:00,70.26,2.658,5.265,0
2026-03-09 20:41:00,70.2,3.05,5.207,0
2026-03-09 20:42:00,69.67,2.377,5.311,0
2026-03-09 20:43:00,69.39,2.514,5.404,0
2026-03-09 20:44:00,69.68,2.449,5.344,0
2026-03-09 20:45:00,69.34,2.466,5.361,0
2026-03-09 20:46:00,70.08,2.555,5.189,0
2026-03-09 20:47:00,69.44,2.104,5.193,0
2026-03-09 20:48:00,69.2,2.32,5.102,0
2026-03-09 20:49:00,69.04,2.189,5.224,0
2026-03-09 20:50:00,68.84,2.456,5.29,0
2026-03-09 20:51:00,69.4,2.594,5.073,0
2026-03-09 20:52:00,68.36,2.453,5.238,0
2026-03-09 20:53:00,69.12,2.357,5.107,0
2026-03-09 20:54:00,69.69,2.57,4.965,0
2026-03-09 20:55:00,69.39,2.09,5.487,0
2026-03-09 20:56:00,70.49,2.117,5.194,0
2026-03-09 20:57:00,70.32,2.417,5.192,0
2026-03-09 20:58:00,70.18,2.612,5.435,0
2026-03-09 20:59:00,70.11,2.417,5.511,0
2026-03-09 21:00:00,69.36,2.369,5.228,0
2026-03-09 21:01:00,68.32,2.444,5.201,0
2026-03-09 21:02:00,69.06,2.284,5.353,0
2026-03-09 21:03:00,68.01,2.179,5.121,0
2026-03-09 21:04:00,69.21,2.327,5.44,0
2026-03-09 21:05:00,68.79,2.145,5.476,0
2026-03-09 21:06:00,68.28,2.79,5.137,0
2026-03-09 21:07:00,67.72,2.192,5.442,0
2026-03-09 21:08:00,68.35,2.681,5.42,0
2026-03-09 21:09:00,68.16,2.33,5.325,0
2026-03-09 21:10:00,69.54,2.233,5.372,0
2026-03-09 21:11:00,68.96,2.371,5.316,0
2026-03-09 21:12:00,69.03,2.241,5.33,0
2026-03-09 21:13:00,69.39,2.425,5.123,0
2026-03-09 21:14:00,69.01,2.556,5.412,1
2026-03-09 21:15:00,68.61,2.301,5.214,0
2026-03-09 21:16:00,68.54,2.522,5.283,0
2026-03-09 21:17:00,68.72,2.4,5.379,0
2026-03-09 21:18:00,69.48,2.139,5.3,0
2026-03-09 21:19:00,69.57,2.16,5.127,0
2026-03-09 21:20:00,70.2,2.614,5.341,0
2026-03-09 21:21:00,70.07,2.413,5.178,0
2026-03-09 21:22:00,70.76,2.493,5.425,0
2026-03-09 21:23:00,70.56,2.319,5.275,0
2026-03-09 21:24:00,70.27,2.612,5.365,0
2026-03-09 21:25:00,70.4,2.224,5.301,0
2026-03-09 21:26:00,71.26,2.681,5.183,0
2026-03-09 21:27:00,70.48,2.426,5.326,0
2026-03-09 21:28:00,70.31,2.55,5.388,0
2026-03-09 21:29:00,69.95,2.4,5.488,0
2026-03-09 21:30:00,69.73,2.191,5.266,0
2026-03-09 21:31:00,69.46,2.379,5.217,0
2026-03-09 21:32:00,70.05,2.525,5.322,0
2026-03-09 21:33:00,70.05,2.251,5.541,0
2026-03-09 21:34:00,70.17,2.317,5.351,0
2026-03-09 21:35:00,70.2,2.0,5.383,0
2026-03-09 21:36:00,69.58,2.228,5.143,0
2026-03-09 21:37:00,69.41,2.421,5.165,0
2026-03-09 21:38:00,68.96,2.294,5.212,0
2026-03-09 21:39:00,70.14,2.56,5.214,0
2026-03-09 21:40:00,69.04,2.378,5.039,0
2026-03-09 21:41:00,68.39,2.25,5.179,0
2026-03-09 21:42:00,68.96,2.172,5.228,0
2026-03-09 21:43:00,69.34,2.358,5.342,0
2026-03-09 21:44:00,68.94,2.585,5.288,0
2026-03-09 21:45:00,69.25,2.488,5.273,0
2026-03-09 21:46:00,68.81,2.369,5.226,0
2026-03-09 21:47:00,69.33,2.416,5.18,0
2026-03-09 21:48:00,69.45,2.572,5.203,0
2026-03-09 21:49:00,69.89,2.145,5.469,0
2026-03-09 21:50:00,70.02,2.267,5.287,0
2026-03-09 21:51:00,70.06,2.491,5.075,0
2026-03-09 21:52:00,70.12,2.394,5.475,0
2026-03-09 21:53:00,69.39,2.368,5.348,0
2026-03-09 21:54:00,69.64,2.828,5.336,0
2026-03-09 21:55:00,69.79,2.544,5.221,0
2026-03-09 21:56:00,70.17,2.676,5.295,0
2026-03-09 21:57:00,69.76,2.642,5.534,0
2026-03-09 21:58:00,70.24,2.303,5.501,0
2026-03-09 21:59:00,69.75,2.399,5.224,0
2026-03-09 22:00:00,69.88,2.55,5.387,0
2026-03-09 22:01:00,70.71,2.773,5.357,0
2026-03-09 22:02:00,70.71,2.799,5.337,0
2026-03-09 22:03:00,71.34,2.628,5.573,0
2026-03-09 22:04:00,71.22,2.582,5.301,0
2026-03-09 22:05:00,70.33,2.142,5.384,0
2026-03-09 22:06:00,70.22,2.237,5.304,0
2026-03-09 22:07:00,71.08,2.478,5.499,0
2026-03-09 22:08:00,70.91,2.223,5.415,0
2026-03-09 22:09:00,71.13,2.414,5.39,0
2026-03-09 22:10:00,71.0,2.404,5.346,0
2026-03-09 22:11:00,71.39,2.821,5.39,0
2026-03-09 22:12:00,70.77,2.462,5.193,0
2026-03-09 22:13:00,70.38,2.668,5.161,0
2026-03-09 22:14:00,70.8,2.574,5.646,0
2026-03-09 22:15:00,70.7,2.693,5.159,0
2026-03-09 22:16:00,70.25,2.47,5.464,0
2026-03-09 22:17:00,70.96,2.711,5.304,0
2026-03-09 22:18:00,71.24,2.815,5.331,0
2026-03-09 22:19:00,71.62,2.444,5.327,0
2026-03-09 22:20:00,71.39,2.738,5.449,0
2026-03-09 22:21:00,71.19,2.505,5.353,0
2026-03-09 22:22:00,71.98,2.422,5.132,0
2026-03-09 22:23:00,71.62,2.154,5.264,0
2026-03-09 22:24:00,71.88,2.77,5.409,0
2026-03-09 22:25:00,71.12,2.523,5.23,0
2026-03-09 22:26:00,72.23,2.251,5.247,0
2026-03-09 22:27:00,72.19,2.836,5.188,0
2026-03-09 22:28:00,72.31,2.781,5.248,0
2026-03-09 22:29:00,71.61,2.566,5.293,0
2026-03-09 22:30:00,71.03,2.734,5.447,0
2026-03-09 22:31:00,71.71,2.838,5.162,0
2026-03-09 22:32:00,71.81,2.558,5.34,0
2026-03-09 22:33:00,72.23,2.776,5.133,0
2026-03-09 22:34:00,71.88,2.368,5.395,0
2026-03-09 22:35:00,71.87,2.789,5.255,1
2026-03-09 22:36:00,72.19,2.495,5.118,0
2026-03-09 22:37:00,71.9,2.39,5.188,0
2026-03-09 22:38:00,71.7,2.693,5.547,0
2026-03-09 22:39:00,72.39,2.538,5.07,0
2026-03-09 22:40:00,72.06,2.479,5.299,0
2026-03-09 22:41:00,72.03,2.519,5.386,0
2026-03-09 22:42:00,71.95,2.594,5.435,0
2026-03-09 22:43:00,72.61,2.535,5.266,0
2026-03-09 22:44:00,72.27,2.59,5.195,0
2026-03-09 22:45:00,72.08,2.362,5.404,1
2026-03-09 22:46:00,71.62,2.817,5.344,0
2026-03-09 22:47:00,72.34,2.655,5.299,0
2026-03-09 22:48:00,72.42,2.578,5.442,0
2026-03-09 22:49:00,72.53,2.558,5.201,0
2026-03-09 22:50:00,72.71,2.623,5.369,0
2026-03-09 22:51:00,72.47,2.726,5.38,0
2026-03-09 22:52:00,72.6,2.519,5.381,0
2026-03-09 22:53:00,72.83,2.766,5.353,0
2026-03-09 22:54:00,72.92,2.538,5.42,0
2026-03-09 22:55:00,72.68,2.974,5.499,0
2026-03-09 22:56:00,71.9,2.897,5.615,0
2026-03-09 22:57:00,71.23,2.652,5.238,0
2026-03-09 22:58:00,71.06,2.488,5.323,0
2026-03-09 22:59:00,71.81,2.82,5.579,0
2026-03-09 23:00:00,70.75,2.129,5.378,0
2026-03-09 23:01:00,70.12,2.605,5.126,0
2026-03-09 23:02:00,70.38,2.571,5.448,0
2026-03-09 23:03:00,70.01,2.686,5.44,0
2026-03-09 23:04:00,70.01,2.669,5.294,0
2026-03-09 23:05:00,70.22,2.362,5.591,0
2026-03-09 23:06:00,69.86,2.415,5.492,0
2026-03-09 23:07:00,70.4,2.46,5.363,0
2026-03-09 23:08:00,71.19,2.621,5.231,0
2026-03-09 23:09:00,70.29,2.099,5.354,0
2026-03-09 23:10:00,70.64,2.713,5.397,0
2026-03-09 23:11:00,70.19,2.77,5.2,0
2026-03-09 23:12:00,70.95,2.309,5.374,0
2026-03-09 23:13:00,69.99,2.492,5.158,0
2026-03-09 23:14:00,70.17,2.569,5.341,0
2026-03-09 23:15:00,70.25,2.409,5.653,0
2026-03-09 23:16:00,70.66,2.592,5.693,0
2026-03-09 23:17:00,70.72,2.535,5.253,0
2026-03-09 23:18:00,71.18,2.59,5.256,0
2026-03-09 23:19:00,71.18,2.927,5.51,1
2026-03-09 23:20:00,71.34,2.516,5.256,0
2026-03-09 23:21:00,71.51,2.677,5.329,0
2026-03-09 23:22:00,71.55,2.698,5.39,0
2026-03-09 23:23:00,71.57,2.569,5.45,0
2026-03-09 23:24:00,71.6,2.61,5.222,0
2026-03-09 23:25:00,70.58,2.428,5.369,0
2026-03-09 23:26:00,69.58,2.327,5.127,0
2026-03-09 23:27:00,69.56,2.481,5.185,0
2026-03-09 23:28:00,70.25,2.482,5.28,0
2026-03-09 23:29:00,69.77,2.774,5.277,0
2026-03-09 23:30:00,69.5,2.078,4.984,0
2026-03-09 23:31:00,68.99,2.263,5.278,0
2026-03-09 23:32:00,68.43,2.697,5.076,0
2026-03-09 23:33:00,68.29,2.28,5.448,0
2026-03-09 23:34:00,68.81,2.294,5.073,0
2026-03-09 23:35:00,68.73,1.972,5.363,0
2026-03-09 23:36:00,68.68,2.354,5.212,0
2026-03-09 23:37:00,69.06,2.287,5.076,0
2026-03-09 23:38:00,69.33,2.593,5.234,0
2026-03-09 23:39:00,69.84,2.575,4.992,0
2026-03-09 23:40:00,70.28,2.405,5.216,0
2026-03-09 23:41:00,70.05,2.334,5.298,0
2026-03-09 23:42:00,69.96,2.685,5.181,0
2026-03-09 23:43:00,69.05,2.412,5.271,0
2026-03-09 23:44:00,69.46,2.174,5.251,1
2026-03-09 23:45:00,69.31,2.277,5.275,0
2026-03-09 23:46:00,69.73,2.588,5.226,0
2026-03-09 23:47:00,69.15,2.472,5.234,0
2026-03-09 23:48:00,70.21,2.67,5.537,0
2026-03-09 23:49:00,69.88,2.491,5.216,0
2026-03-09 23:50:00,69.19,2.367,5.247,0
2026-03-09 23:51:00,69.28,2.358,5.175,0
2026-03-09 23:52:00,69.76,2.331,5.223,0
2026-03-09 23:53:00,69.38,2.578,5.286,1
2026-03-09 23:54:00,68.61,2.453,5.375,0
2026-03-09 23:55:00,68.75,2.452,5.213,0
2026-03-09 23:56:00,69.69,2.413,5.226,0
2026-03-09 23:57:00,69.76,2.696,5.016,0
2026-03-09 23:58:00,69.57,2.343,5.305,0
2026-03-09 23:59:00,69.95,2.568,5.268,0
2026-03-10 00:00:00,71.06,2.467,5.361,0
2026-03-10 00:01:00,71.54,2.869,5.271,0
2026-03-10 00:02:00,71.7,2.694,5.192,0
2026-03-10 00:03:00,71.68,2.472,5.188,0
2026-03-10 00:04:00,71.32,2.574,5.157,0
2026-03-10 00:05:00,71.26,2.75,5.308,0
2026-03-10 00:06:00,71.52,2.484,5.396,0
2026-03-10 00:07:00,71.14,2.519,5.164,0
2026-03-10 00:08:00,71.31,2.492,5.271,0
2026-03-10 00:09:00,71.81,2.779,5.338,0
2026-03-10 00:10:00,71.16,2.496,5.195,0
2026-03-10 00:11:00,71.69,2.371,5.336,0
2026-03-10 00:12:00,71.18,2.614,5.355,0
2026-03-10 00:13:00,71.82,2.6,5.311,0
2026-03-10 00:14:00,71.3,2.503,5.11,0
2026-03-10 00:15:00,70.86,2.38,5.29,0
2026-03-10 00:16:00,70.26,2.551,4.952,0
2026-03-10 00:17:00,71.22,2.358,5.203,0
2026-03-10 00:18:00,71.55,2.591,5.2,0
2026-03-10 00:19:00,71.56,2.504,5.401,0
2026-03-10 00:20:00,71.6,2.23,5.098,0
2026-03-10 00:21:00,71.5,2.364,5.151,0
2026-03-10 00:22:00,71.12,2.282,5.105,0
2026-03-10 00:23:00,71.41,2.344,5.213,0
2026-03-10 00:24:00,71.29,2.465,5.514,0
2026-03-10 00:25:00,70.61,2.506,5.34,0
2026-03-10 00:26:00,70.69,2.32,5.177,0
2026-03-10 00:27:00,71.07,2.616,5.457,0
2026-03-10 00:28:00,70.27,2.413,5.267,0
2026-03-10 00:29:00,70.41,2.042,5.323,0
2026-03-10 00:30:00,70.48,2.709,5.306,0
2026-03-10 00:31:00,69.72,2.12,5.136,0
2026-03-10 00:32:00,68.76,2.528,5.266,0
2026-03-10 00:33:00,68.99,2.425,5.193,0
2026-03-10 00:34:00,69.06,2.403,4.942,0
2026-03-10 00:35:00,68.07,2.246,5.384,0
2026-03-10 00:36:00,69.05,2.379,5.14,0
2026-03-10 00:37:00,69.15,2.411,5.347,0
2026-03-10 00:38:00,69.09,2.163,5.348,0
2026-03-10 00:39:00,68.89,2.485,5.332,0
2026-03-10 00:40:00,67.94,2.569,5.29,0
2026-03-10 00:41:00,67.7,2.336,5.111,0
2026-03-10 00:42:00,67.57,2.268,5.089,0
2026-03-10 00:43:00,67.52,2.185,5.182,0
2026-03-10 00:44:00,67.23,2.431,5.026,0
2026-03-10 00:45:00,67.86,2.652,5.077,0
2026-03-10 00:46:00,67.2,2.144,5.086,0
2026-03-10 00:47:00,67.57,2.101,5.278,0
2026-03-10 00:48:00,67.6,2.184,5.215,0
2026-03-10 00:49:00,67.54,2.48,5.133,0
2026-03-10 00:50:00,67.92,2.21,5.161,0
2026-03-10 00:51:00,68.09,2.356,5.193,0
2026-03-10 00:52:00,68.25,2.103,5.132,0
2026-03-10 00:53:00,68.14,2.622,4.981,0
2026-03-10 00:54:00,67.98,2.321,5.162,0
2026-03-10 00:55:00,68.16,2.059,4.995,0
2026-03-10 00:56:00,67.69,2.474,5.093,0
2026-03-10 00:57:00,68.44,2.121,5.095,0
2026-03-10 00:58:00,68.53,2.46,5.334,0
2026-03-10 00:59:00,68.37,2.215,5.081,0
2026-03-10 01:00:00,68.97,2.265,5.192,0
2026-03-10 01:01:00,69.56,2.859,5.156,0
2026-03-10 01:02:00,68.93,2.024,5.053,0
2026-03-10 01:03:00,69.36,2.635,5.053,0
2026-03-10 01:04:00,69.36,2.299,5.145,0
2026-03-10 01:05:00,68.76,2.275,5.376,0
2026-03-10 01:06:00,69.29,2.252,5.335,0
2026-03-10 01:07:00,69.35,2.12,5.334,0
2026-03-10 01:08:00,69.17,2.398,5.161,0
2026-03-10 01:09:00,69.28,2.208,5.317,0
2026-03-10 01:10:00,69.39,2.473,5.392,0
2026-03-10 01:11:00,68.81,2.231,5.026,0
2026-03-10 01:12:00,69.22,2.279,5.183,0
2026-03-10 01:13:00,69.96,2.277,5.164,0
2026-03-10 01:14:00,69.52,2.335,5.114,0
2026-03-10 01:15:00,68.7,2.333,5.384,0
2026-03-10 01:16:00,68.71,2.265,5.445,0
2026-03-10 01:17:00,68.94,2.544,5.448,0
2026-03-10 01:18:00,68.79,2.2,5.376,0
2026-03-10 01:19:00,69.02,2.351,5.006,0
2026-03-10 01:20:00,68.99,2.142,5.365,0
2026-03-10 01:21:00,68.86,2.122,5.528,0
2026-03-10 01:22:00,69.21,2.374,5.185,0
2026-03-10 01:23:00,69.67,2.419,5.193,0
2026-03-10 01:24:00,69.56,2.572,5.233,0
2026-03-10 01:25:00,69.22,2.707,5.322,0
2026-03-10 01:26:00,69.7,2.215,5.178,0
2026-03-10 01:27:00,69.87,2.344,5.388,0
2026-03-10 01:28:00,69.07,2.4,5.147,0
2026-03-10 01:29:00,69.82,2.624,5.352,0
2026-03-10 01:30:00,70.16,2.114,5.144,0
2026-03-10 01:31:00,69.48,2.465,5.241,0
2026-03-10 01:32:00,70.44,2.424,5.203,0
2026-03-10 01:33:00,69.66,2.824,5.27,0
2026-03-10 01:34:00,70.37,2.634,5.256,0
2026-03-10 01:35:00,69.8,2.289,5.27,1
2026-03-10 01:36:00,70.14,2.292,5.264,0
2026-03-10 01:37:00,69.29,2.212,5.486,0
2026-03-10 01:38:00,68.68,2.188,5.235,0
2026-03-10 01:39:00,68.93,2.285,5.156,0
2026-03-10 01:40:00,69.87,2.45,4.994,0
2026-03-10 01:41:00,69.99,2.256,5.359,0
2026-03-10 01:42:00,69.13,2.393,5.283,0
2026-03-10 01:43:00,68.79,2.391,5.025,0
2026-03-10 01:44:00,69.15,2.439,5.272,0
2026-03-10 01:45:00,69.06,2.549,5.355,0
2026-03-10 01:46:00,69.88,2.698,5.317,0
2026-03-10 01:47:00,69.32,2.245,5.397,0
2026-03-10 01:48:00,69.69,2.65,5.371,0
2026-03-10 01:49:00,70.29,2.399,5.31,0
2026-03-10 01:50:00,70.11,2.57,5.369,0
2026-03-10 01:51:00,70.74,2.872,5.409,0
2026-03-10 01:52:00,70.82,2.663,5.374,0
2026-03-10 01:53:00,69.81,2.68,5.311,0
2026-03-10 01:54:00,69.12,2.461,5.42,0
2026-03-10 01:55:00,69.95,2.541,5.481,0
2026-03-10 01:56:00,70.03,2.521,5.235,0
2026-03-10 01:57:00,69.83,2.394,5.368,0
2026-03-10 01:58:00,70.07,2.221,5.509,0
2026-03-10 01:59:00,69.86,2.161,5.137,0
2026-03-10 02:00:00,70.24,2.597,5.196,0
2026-03-10 02:01:00,70.32,2.457,5.165,0
2026-03-10 02:02:00,69.87,2.224,5.03,0
2026-03-10 02:03:00,70.07,2.302,5.312,0
2026-03-10 02:04:00,70.17,2.523,5.223,0
2026-03-10 02:05:00,70.1,2.529,5.134,0
2026-03-10 02:06:00,70.44,2.581,5.702,0
2026-03-10 02:07:00,70.71,2.817,5.509,0
2026-03-10 02:08:00,70.57,2.573,5.316,0
2026-03-10 02:09:00,70.87,2.386,5.384,0
2026-03-10 02:10:00,71.8,2.372,5.151,0
2026-03-10 02:11:00,70.94,2.521,5.305,0
2026-03-10 02:12:00,71.19,2.061,5.449,0
2026-03-10 02:13:00,71.4,2.618,5.419,0
2026-03-10 02:14:00,69.91,2.491,5.308,0
2026-03-10 02:15:00,70.48,2.449,5.454,0
2026-03-10 02:16:00,70.25,2.559,5.382,0
2026-03-10 02:17:00,69.72,2.826,5.298,0
2026-03-10 02:18:00,69.58,2.393,5.264,0
2026-03-10 02:19:00,69.56,2.778,5.298,0
2026-03-10 02:20:00,69.88,2.781,5.356,0
2026-03-10 02:21:00,70.79,2.335,5.319,0
2026-03-10 02:22:00,70.39,2.251,5.246,0
2026-03-10 02:23:00,70.85,2.764,5.165,0
2026-03-10 02:24:00,70.9,2.536,5.483,0
2026-03-10 02:25:00,71.29,2.911,5.37,0
2026-03-10 02:26:00,71.09,2.371,5.138,0
2026-03-10 02:27:00,70.31,2.379,5.242,0
2026-03-10 02:28:00,70.64,2.227,5.47,0
2026-03-10 02:29:00,70.8,2.394,5.323,0
2026-03-10 02:30:00,69.98,2.334,5.187,0
2026-03-10 02:31:00,70.0,2.447,5.365,0
2026-03-10 02:32:00,70.4,2.677,5.241,0
2026-03-10 02:33:00,70.35,2.252,5.265,0
2026-03-10 02:34:00,69.8,2.486,5.23,0
2026-03-10 02:35:00,69.55,2.149,5.174,0
2026-03-10 02:36:00,69.45,2.601,5.5,0
2026-03-10 02:37:00,69.24,2.204,5.008,0
2026-03-10 02:38:00,68.78,2.306,5.261,0
2026-03-10 02:39:00,68.98,2.118,5.013,0
2026-03-10 02:40:00,69.38,2.41,5.368,0
2026-03-10 02:41:00,69.79,2.838,5.248,0
2026-03-10 02:42:00,69.89,2.527,5.243,0
2026-03-10 02:43:00,70.15,2.486,5.314,0
2026-03-10 02:44:00,70.4,2.541,5.2,0
2026-03-10 02:45:00,70.08,2.422,5.258,0
2026-03-10 02:46:00,70.14,2.665,5.503,0
2026-03-10 02:47:00,69.8,2.385,5.239,0
2026-03-10 02:48:00,70.31,2.86,5.352,0
2026-03-10 02:49:00,70.32,2.529,5.053,0
2026-03-10 02:50:00,70.6,2.307,5.232,0
2026-03-10 02:51:00,70.83,2.58,5.308,0
2026-03-10 02:52:00,70.81,2.218,5.436,0
2026-03-10 02:53:00,70.41,2.203,5.299,0
2026-03-10 02:54:00,71.13,2.322,5.589,0
2026-03-10 02:55:00,70.11,2.405,5.442,0
2026-03-10 02:56:00,69.98,2.816,5.33,0
2026-03-10 02:57:00,70.14,2.675,5.311,0
2026-03-10 02:58:00,69.04,2.519,5.215,0
2026-03-10 02:59:00,69.38,2.44,5.343,0
2026-03-10 03:00:00,69.16,2.787,5.242,0
2026-03-10 03:01:00,70.54,2.342,5.105,0
2026-03-10 03:02:00,70.8,2.832,5.415,0
2026-03-10 03:03:00,71.22,2.594,5.405,0
2026-03-10 03:04:00,70.72,2.621,5.466,0
2026-03-10 03:05:00,70.12,2.395,5.213,0
2026-03-10 03:06:00,70.22,2.897,5.319,0
2026-03-10 03:07:00,70.44,2.634,5.398,0
2026-03-10 03:08:00,70.82,2.643,5.333,0
2026-03-10 03:09:00,71.5,2.585,5.336,0
2026-03-10 03:10:00,70.85,2.693,5.177,0
2026-03-10 03:11:00,70.89,2.575,5.185,0
2026-03-10 03:12:00,70.33,2.409,5.19,0
2026-03-10 03:13:00,69.77,2.325,5.328,0
2026-03-10 03:14:00,69.73,2.539,5.066,0
2026-03-10 03:15:00,69.62,2.6,5.294,0
2026-03-10 03:16:00,69.29,2.741,5.396,0
2026-03-10 03:17:00,69.37,2.657,5.304,1
2026-03-10 03:18:00,70.12,2.646,5.138,0
2026-03-10 03:19:00,69.59,2.533,5.298,0
2026-03-10 03:20:00,69.62,2.567,5.259,0
2026-03-10 03:21:00,69.36,2.417,5.259,0
2026-03-10 03:22:00,69.73,2.453,5.402,0
2026-03-10 03:23:00,70.54,2.616,5.273,0
2026-03-10 03:24:00,70.75,2.395,5.318,0
2026-03-10 03:25:00,70.61,2.74,5.369,0
2026-03-10 03:26:00,71.11,2.448,5.285,0
2026-03-10 03:27:00,71.57,2.559,5.376,0
2026-03-10 03:28:00,71.13,2.426,5.242,0
2026-03-10 03:29:00,70.77,2.371,5.258,0
2026-03-10 03:30:00,70.11,2.854,5.229,0
2026-03-10 03:31:00,70.23,2.195,5.039,0
2026-03-10 03:32:00,69.38,2.421,5.366,0
2026-03-10 03:33:00,68.71,2.5,5.155,0
2026-03-10 03:34:00,69.47,2.439,5.235,0
2026-03-10 03:35:00,69.55,2.467,4.994,1
2026-03-10 03:36:00,70.17,2.303,5.432,0
2026-03-10 03:37:00,70.53,2.141,5.251,0
2026-03-10 03:38:00,69.76,2.209,5.289,0
2026-03-10 03:39:00,69.07,2.289,5.29,0
2026-03-10 03:40:00,70.07,2.434,5.106,0
2026-03-10 03:41:00,69.75,2.571,5.05,0
2026-03-10 03:42:00,70.0,2.106,5.292,0
2026-03-10 03:43:00,69.05,2.62,5.354,0
2026-03-10 03:44:00,69.4,2.514,5.285,0
2026-03-10 03:45:00,68.61,2.347,5.123,0
2026-03-10 03:46:00,68.32,2.333,5.219,0
2026-03-10 03:47:00,67.62,2.205,5.416,0
2026-03-10 03:48:00,68.02,2.2,4.915,0
2026-03-10 03:49:00,69.19,2.555,5.334,0
2026-03-10 03:50:00,69.16,2.291,4.957,0
2026-03-10 03:51:00,69.45,2.343,5.167,0
2026-03-10 03:52:00,69.74,2.71,5.218,0
2026-03-10 03:53:00,69.26,2.54,5.458,0
2026-03-10 03:54:00,70.15,2.399,5.158,0
2026-03-10 03:55:00,69.68,2.457,5.222,0
2026-03-10 03:56:00,69.67,2.495,5.234,0
2026-03-10 03:57:00,70.43,2.349,5.154,0
2026-03-10 03:58:00,69.93,2.393,5.282,0
2026-03-10 03:59:00,70.22,2.393,4.897,0
2026-03-10 04:00:00,70.45,2.532,4.986,0
2026-03-10 04:01:00,70.75,2.591,5.128,0
2026-03-10 04:02:00,69.59,2.324,5.355,0
2026-03-10 04:03:00,69.56,2.426,5.365,0
2026-03-10 04:04:00,70.26,2.38,5.1,0
2026-03-10 04:05:00,70.5,2.339,5.138,0
2026-03-10 04:06:00,69.5,2.558,5.217,0
2026-03-10 04:07:00,69.84,2.388,5.229,0
2026-03-10 04:08:00,69.09,2.41,5.323,0
2026-03-10 04:09:00,69.78,2.367,5.227,0
2026-03-10 04:10:00,69.54,2.616,4.998,0
2026-03-10 04:11:00,69.57,2.339,5.379,0
2026-03-10 04:12:00,70.19,2.585,5.367,0
2026-03-10 04:13:00,70.39,2.188,5.176,0
2026-03-10 04:14:00,70.87,2.39,5.207,0
2026-03-10 04:15:00,70.24,2.441,5.099,0
2026-03-10 04:16:00,69.62,2.442,5.115,0
2026-03-10 04:17:00,70.43,2.61,5.542,0
2026-03-10 04:18:00,70.76,2.488,5.412,0
2026-03-10 04:19:00,69.77,2.869,5.337,0
2026-03-10 04:20:00,70.5,2.477,5.421,0
2026-03-10 04:21:00,70.77,2.244,5.311,0
2026-03-10 04:22:00,71.19,2.238,5.195,0
2026-03-10 04:23:00,72.47,2.286,5.074,0
2026-03-10 04:24:00,72.53,2.613,5.246,0
2026-03-10 04:25:00,72.73,2.755,5.142,0
2026-03-10 04:26:00,72.05,2.494,5.23,0
2026-03-10 04:27:00,72.49,2.449,5.211,0
2026-03-10 04:28:00,72.33,2.68,5.337,0
2026-03-10 04:29:00,73.13,2.967,5.192,0
2026-03-10 04:30:00,73.89,2.524,5.279,0
2026-03-10 04:31:00,73.53,2.34,5.371,0
2026-03-10 04:32:00,72.6,2.423,5.339,0
2026-03-10 04:33:00,72.0,2.619,5.44,0
2026-03-10 04:34:00,71.41,2.519,5.43,0
2026-03-10 04:35:00,70.68,2.236,5.14,0
2026-03-10 04:36:00,71.37,2.739,5.179,1
2026-03-10 04:37:00,71.68,2.685,5.268,0
2026-03-10 04:38:00,70.9,2.628,5.195,0
2026-03-10 04:39:00,71.88,2.18,5.396,0
2026-03-10 04:40:00,71.41,2.642,5.487,0
2026-03-10 04:41:00,71.56,2.811,5.294,0
2026-03-10 04:42:00,71.51,2.612,5.46,0
2026-03-10 04:43:00,71.13,2.511,5.194,0
2026-03-10 04:44:00,70.68,2.584,5.102,0
2026-03-10 04:45:00,71.54,2.469,5.322,0
2026-03-10 04:46:00,70.9,2.531,5.52,0
2026-03-10 04:47:00,70.78,2.474,5.313,0
2026-03-10 04:48:00,71.19,2.651,5.532,0
2026-03-10 04:49:00,70.59,2.571,5.17,0
2026-03-10 04:50:00,70.04,2.627,5.364,0
2026-03-10 04:51:00,70.7,2.657,5.051,0
2026-03-10 04:52:00,70.31,2.725,5.316,0
2026-03-10 04:53:00,70.22,2.578,5.292,0
2026-03-10 04:54:00,69.67,2.486,5.313,0
2026-03-10 04:55:00,70.72,2.396,5.348,0
2026-03-10 04:56:00,71.01,2.355,5.148,0
2026-03-10 04:57:00,70.93,2.518,5.022,0
2026-03-10 04:58:00,70.54,2.216,5.368,0
2026-03-10 04:59:00,71.74,2.418,5.287,0
2026-03-10 05:00:00,71.89,2.505,5.2,0
2026-03-10 05:01:00,71.02,2.549,5.383,0
2026-03-10 05:02:00,71.55,2.836,5.343,0
2026-03-10 05:03:00,71.28,2.312,5.339,0
2026-03-10 05:04:00,71.62,2.496,5.498,0
2026-03-10 05:05:00,72.16,2.785,5.236,0
2026-03-10 05:06:00,72.54,2.762,5.274,0
2026-03-10 05:07:00,73.12,2.441,5.175,0
2026-03-10 05:08:00,72.87,2.358,5.392,0
2026-03-10 05:09:00,73.12,2.763,5.366,0
2026-03-10 05:10:00,73.3,2.892,5.274,0
2026-03-10 05:11:00,72.69,2.999,5.044,0
2026-03-10 05:12:00,72.66,2.703,5.484,0
2026-03-10 05:13:00,71.94,2.686,5.307,0
2026-03-10 05:14:00,71.64,2.55,5.445,0
2026-03-10 05:15:00,71.65,2.717,5.401,0
2026-03-10 05:16:00,71.57,2.493,5.265,0
2026-03-10 05:17:00,71.73,2.63,5.19,0
2026-03-10 05:18:00,72.09,2.913,5.369,0
2026-03-10 05:19:00,71.35,2.739,5.427,0
2026-03-10 05:20:00,72.41,2.62,5.402,0
2026-03-10 05:21:00,72.47,2.788,5.255,0
2026-03-10 05:22:00,71.75,2.962,5.403,0
2026-03-10 05:23:00,71.63,2.726,5.49,0
2026-03-10 05:24:00,71.6,2.742,5.388,0
2026-03-10 05:25:00,71.16,2.633,5.564,0
2026-03-10 05:26:00,71.65,2.58,5.645,0
2026-03-10 05:27:00,72.29,2.514,5.423,0
2026-03-10 05:28:00,72.82,2.74,5.369,0
2026-03-10 05:29:00,73.56,2.658,5.586,0
2026-03-10 05:30:00,73.26,2.806,5.563,0
2026-03-10 05:31:00,73.76,3.219,5.546,0
2026-03-10 05:32:00,73.31,2.849,5.117,0
2026-03-10 05:33:00,72.64,2.586,5.293,0
2026-03-10 05:34:00,73.11,2.993,5.529,0
2026-03-10 05:35:00,73.8,2.831,5.5,0
2026-03-10 05:36:00,73.78,2.826,5.522,0
2026-03-10 05:37:00,73.03,2.837,5.194,0
2026-03-10 05:38:00,73.23,3.076,5.362,0
2026-03-10 05:39:00,73.81,2.696,5.737,0
2026-03-10 05:40:00,74.37,3.176,5.535,0
2026-03-10 05:41:00,74.84,2.619,5.111,0
2026-03-10 05:42:00,75.07,2.86,5.533,0
2026-03-10 05:43:00,74.3,2.48,5.29,0
2026-03-10 05:44:00,73.35,2.295,5.281,0
2026-03-10 05:45:00,73.46,2.914,5.297,0
2026-03-10 05:46:00,73.75,2.839,5.444,0
2026-03-10 05:47:00,73.82,2.636,5.404,0
2026-03-10 05:48:00,74.0,2.345,5.414,0
2026-03-10 05:49:00,73.62,2.628,5.578,0
2026-03-10 05:50:00,73.85,2.364,5.599,0
2026-03-10 05:51:00,72.95,2.581,5.201,0
2026-03-10 05:52:00,73.4,2.715,5.438,0
2026-03-10 05:53:00,72.65,2.556,5.241,0
2026-03-10 05:54:00,72.4,2.565,5.296,0
2026-03-10 05:55:00,73.3,2.732,5.448,0
2026-03-10 05:56:00,73.34,2.58,5.315,0
2026-03-10 05:57:00,72.96,2.67,5.355,0
2026-03-10 05:58:00,73.08,2.914,5.384,0
2026-03-10 05:59:00,72.69,2.591,5.388,0
2026-03-10 06:00:00,72.51,2.602,5.467,0
2026-03-10 06:01:00,71.92,2.575,5.437,0
2026-03-10 06:02:00,71.29,2.662,5.203,0
2026-03-10 06:03:00,71.75,2.778,5.414,0
2026-03-10 06:04:00,71.27,2.471,5.43,0
2026-03-10 06:05:00,70.76,2.889,5.205,0
2026-03-10 06:06:00,70.81,2.642,5.332,0
2026-03-10 06:07:00,71.26,2.385,5.413,0
2026-03-10 06:08:00,70.94,2.53,5.076,0
2026-03-10 06:09:00,70.49,2.851,5.116,0
2026-03-10 06:10:00,71.13,2.387,5.353,0
2026-03-10 06:11:00,70.9,2.753,5.378,0
2026-03-10 06:12:00,71.44,2.79,5.483,0
2026-03-10 06:13:00,71.32,2.6,5.286,0
2026-03-10 06:14:00,71.23,2.686,5.216,0
2026-03-10 06:15:00,70.73,2.842,5.162,0
2026-03-10 06:16:00,70.98,2.369,5.305,0
2026-03-10 06:17:00,71.47,2.211,5.171,0
2026-03-10 06:18:00,71.73,2.613,5.445,0
2026-03-10 06:19:00,71.41,2.554,5.481,0
2026-03-10 06:20:00,70.76,2.547,5.518,0
2026-03-10 06:21:00,70.96,2.965,5.221,0
2026-03-10 06:22:00,71.14,2.473,5.313,0
2026-03-10 06:23:00,71.88,2.521,5.539,0
2026-03-10 06:24:00,71.59,2.744,5.514,0
2026-03-10 06:25:00,71.74,2.726,5.229,0
2026-03-10 06:26:00,71.94,2.779,5.384,1
2026-03-10 06:27:00,71.35,2.54,5.442,0
2026-03-10 06:28:00,71.37,2.459,5.253,0
2026-03-10 06:29:00,71.65,2.394,5.126,0
2026-03-10 06:30:00,71.39,2.4,5.532,0
2026-03-10 06:31:00,71.41,2.22,5.476,0
2026-03-10 06:32:00,72.06,2.677,5.321,0
2026-03-10 06:33:00,71.56,2.265,5.456,0
2026-03-10 06:34:00,71.4,2.5,5.557,0
2026-03-10 06:35:00,71.29,2.669,5.427,0
2026-03-10 06:36:00,71.6,2.456,5.367,0
2026-03-10 06:37:00,72.19,3.282,5.326,0
2026-03-10 06:38:00,72.23,2.752,5.364,0
2026-03-10 06:39:00,71.9,2.732,5.336,0
2026-03-10 06:40:00,71.59,2.74,5.328,0
2026-03-10 06:41:00,71.47,2.457,5.279,0
2026-03-10 06:42:00,71.28,2.673,5.321,0
2026-03-10 06:43:00,71.91,2.532,5.43,0
2026-03-10 06:44:00,71.98,2.695,5.211,0
2026-03-10 06:45:00,72.08,2.386,5.266,0
2026-03-10 06:46:00,71.75,2.582,5.351,0
2026-03-10 06:47:00,71.34,2.701,5.16,0
2026-03-10 06:48:00,72.13,2.46,5.615,0
2026-03-10 06:49:00,71.91,2.689,5.356,0
2026-03-10 06:50:00,71.62,2.368,5.105,0
2026-03-10 06:51:00,70.94,2.343,5.346,0
2026-03-10 06:52:00,71.14,2.242,5.289,0
2026-03-10 06:53:00,70.95,2.559,5.101,0
2026-03-10 06:54:00,70.64,2.677,5.158,0
2026-03-10 06:55:00,69.44,2.277,5.247,0
2026-03-10 06:56:00,70.46,2.247,5.354,0
2026-03-10 06:57:00,70.64,2.671,5.325,0
2026-03-10 06:58:00,70.36,2.109,5.21,0
2026-03-10 06:59:00,70.58,2.526,4.94,0
2026-03-10 07:00:00,70.28,2.509,5.096,0
2026-03-10 07:01:00,69.86,2.47,5.3,0
2026-03-10 07:02:00,69.71,2.261,5.131,0
2026-03-10 07:03:00,69.96,2.369,5.199,0
2026-03-10 07:04:00,69.31,2.416,5.263,0
2026-03-10 07:05:00,69.59,2.612,5.321,0
2026-03-10 07:06:00,69.06,2.567,5.415,0
2026-03-10 07:07:00,69.38,2.34,5.274,0
2026-03-10 07:08:00,69.81,2.461,5.121,0
2026-03-10 07:09:00,70.07,2.326,5.176,0
2026-03-10 07:10:00,70.86,2.393,5.172,0
2026-03-10 07:11:00,69.74,2.477,5.38,0
2026-03-10 07:12:00,69.78,2.133,5.31,0
2026-03-10 07:13:00,70.12,2.364,5.41,0
2026-03-10 07:14:00,70.47,2.495,5.342,0
2026-03-10 07:15:00,69.1,2.395,5.256,0
2026-03-10 07:16:00,69.78,2.282,5.33,0
2026-03-10 07:17:00,70.26,2.51,5.257,0
2026-03-10 07:18:00,70.13,2.322,5.435,0
2026-03-10 07:19:00,69.58,2.357,5.467,0
2026-03-10 07:20:00,69.79,2.54,5.485,0
2026-03-10 07:21:00,70.31,2.333,5.357,0
2026-03-10 07:22:00,69.87,2.709,5.238,0
2026-03-10 07:23:00,69.79,2.532,5.208,0
2026-03-10 07:24:00,70.2,2.418,5.172,0
2026-03-10 07:25:00,70.74,2.413,5.315,0
2026-03-10 07:26:00,70.55,2.376,5.152,0
2026-03-10 07:27:00,70.11,2.61,5.32,0
2026-03-10 07:28:00,70.04,2.39,5.393,0
2026-03-10 07:29:00,69.82,2.078,5.181,0
2026-03-10 07:30:00,69.99,2.509,5.387,0
2026-03-10 07:31:00,69.17,2.483,5.349,0
2026-03-10 07:32:00,68.79,2.458,5.197,0
2026-03-10 07:33:00,68.7,2.576,5.426,0
2026-03-10 07:34:00,69.32,2.595,5.187,0
2026-03-10 07:35:00,69.26,2.772,5.52,0
2026-03-10 07:36:00,70.22,2.758,5.337,0
2026-03-10 07:37:00,70.85,2.441,5.528,0
2026-03-10 07:38:00,71.47,3.135,5.475,0
2026-03-10 07:39:00,71.38,2.941,5.244,0
2026-03-10 07:40:00,71.99,2.522,5.361,0
2026-03-10 07:41:00,72.01,2.636,5.333,0
2026-03-10 07:42:00,71.56,2.47,5.424,0
2026-03-10 07:43:00,72.02,2.768,5.157,0
2026-03-10 07:44:00,72.41,2.466,5.055,0
2026-03-10 07:45:00,71.79,3.065,5.329,0
2026-03-10 07:46:00,73.05,2.629,5.19,0
2026-03-10 07:47:00,73.3,2.659,5.352,0
2026-03-10 07:48:00,72.6,2.556,5.388,0
2026-03-10 07:49:00,73.26,2.586,4.904,0
2026-03-10 07:50:00,72.97,2.678,5.397,0
2026-03-10 07:51:00,73.31,2.94,5.284,0
2026-03-10 07:52:00,72.75,2.971,5.326,0
2026-03-10 07:53:00,72.92,2.516,5.243,0
2026-03-10 07:54:00,72.04,2.856,5.415,0
2026-03-10 07:55:00,72.55,2.891,5.383,0
2026-03-10 07:56:00,72.84,2.572,5.321,0
2026-03-10 07:57:00,72.82,2.576,5.561,0
2026-03-10 07:58:00,72.98,2.425,5.263,0
2026-03-10 07:59:00,72.71,2.541,5.109,0
2026-03-10 08:00:00,71.84,2.54,4.918,0
2026-03-10 08:01:00,71.42,2.797,5.058,0
2026-03-10 08:02:00,71.96,2.78,5.123,0
2026-03-10 08:03:00,71.8,2.666,5.697,0
2026-03-10 08:04:00,71.91,2.214,5.187,0
2026-03-10 08:05:00,71.8,2.748,5.41,0
2026-03-10 08:06:00,72.01,2.289,5.282,1
2026-03-10 08:07:00,71.63,2.536,5.489,0
2026-03-10 08:08:00,70.73,2.302,5.336,0
2026-03-10 08:09:00,71.4,2.876,5.122,0
2026-03-10 08:10:00,71.55,2.357,5.173,0
2026-03-10 08:11:00,71.17,2.74,5.421,0
2026-03-10 08:12:00,69.94,2.432,5.362,0
2026-03-10 08:13:00,70.77,2.359,4.98,0
2026-03-10 08:14:00,70.34,2.532,5.182,0
2026-03-10 08:15:00,70.64,2.081,5.21,0
2026-03-10 08:16:00,70.09,2.633,5.432,0
2026-03-10 08:17:00,70.66,2.497,5.296,0
2026-03-10 08:18:00,69.9,2.737,5.29,0
2026-03-10 08:19:00,69.92,2.871,5.283,0
2026-03-10 08:20:00,69.61,2.505,5.079,0
2026-03-10 08:21:00,69.52,2.581,5.12,0
2026-03-10 08:22:00,70.09,2.147,4.986,0
2026-03-10 08:23:00,69.56,2.391,5.382,0
2026-03-10 08:24:00,69.97,2.467,5.148,0
2026-03-10 08:25:00,69.5,2.529,5.284,0
2026-03-10 08:26:00,69.84,2.155,5.245,0
2026-03-10 08:27:00,69.82,2.364,5.194,0
2026-03-10 08:28:00,69.82,2.386,5.247,0
2026-03-10 08:29:00,70.1,2.344,5.429,0
2026-03-10 08:30:00,70.09,2.641,5.254,0
2026-03-10 08:31:00,70.1,2.528,5.349,0
2026-03-10 08:32:00,70.03,2.39,5.113,0
2026-03-10 08:33:00,71.01,2.558,5.472,0
2026-03-10 08:34:00,70.66,2.603,5.233,0
2026-03-10 08:35:00,70.76,2.478,5.299,0
2026-03-10 08:36:00,70.28,2.596,5.433,0
2026-03-10 08:37:00,70.77,2.379,5.318,0
2026-03-10 08:38:00,70.92,2.477,5.208,0
2026-03-10 08:39:00,71.67,2.621,5.26,0
2026-03-10 08:40:00,71.64,2.685,5.366,0
2026-03-10 08:41:00,72.23,2.699,5.393,0
2026-03-10 08:42:00,72.38,2.629,5.502,0
2026-03-10 08:43:00,72.31,2.321,5.367,0
2026-03-10 08:44:00,72.14,2.479,5.218,0
2026-03-10 08:45:00,71.87,2.631,5.217,0
2026-03-10 08:46:00,72.9,2.604,5.146,0
2026-03-10 08:47:00,73.53,2.696,5.403,0
2026-03-10 08:48:00,73.45,2.73,5.257,0
2026-03-10 08:49:00,72.97,2.58,5.476,0
2026-03-10 08:50:00,72.77,2.839,5.427,0
2026-03-10 08:51:00,72.91,2.748,5.555,0
2026-03-10 08:52:00,71.72,2.388,5.398,0
2026-03-10 08:53:00,71.82,2.449,5.172,0
2026-03-10 08:54:00,72.15,2.715,5.474,0
2026-03-10 08:55:00,72.01,2.531,5.25,0
2026-03-10 08:56:00,71.22,2.476,5.414,0
2026-03-10 08:57:00,71.6,2.413,5.517,0
2026-03-10 08:58:00,70.87,2.542,5.418,0
2026-03-10 08:59:00,71.57,2.666,5.451,0
2026-03-10 09:00:00,71.17,2.559,5.395,0
2026-03-10 09:01:00,71.02,2.434,5.379,0
2026-03-10 09:02:00,70.61,2.495,5.378,0
2026-03-10 09:03:00,70.32,2.378,5.455,0
2026-03-10 09:04:00,69.94,2.399,5.367,0
2026-03-10 09:05:00,70.56,2.511,5.504,0
2026-03-10 09:06:00,70.62,2.684,5.434,0
2026-03-10 09:07:00,70.64,2.57,5.478,0
2026-03-10 09:08:00,70.85,2.526,5.487,0
2026-03-10 09:09:00,70.75,2.577,5.44,0
2026-03-10 09:10:00,70.37,2.313,5.236,0
2026-03-10 09:11:00,70.34,2.348,5.5,0
2026-03-10 09:12:00,69.85,2.548,5.096,0
2026-03-10 09:13:00,70.49,2.532,5.399,0
2026-03-10 09:14:00,70.9,2.425,5.317,0
2026-03-10 09:15:00,70.4,2.461,5.177,0
2026-03-10 09:16:00,70.24,2.508,5.153,0
2026-03-10 09:17:00,69.87,2.532,5.253,0
2026-03-10 09:18:00,70.16,2.687,5.481,0
2026-03-10 09:19:00,70.55,2.198,5.609,0
2026-03-10 09:20:00,71.04,2.45,5.145,0
2026-03-10 09:21:00,70.56,2.336,5.346,0
2026-03-10 09:22:00,70.78,2.625,5.237,0
2026-03-10 09:23:00,71.09,2.511,5.258,0
2026-03-10 09:24:00,70.69,2.492,5.45,0
2026-03-10 09:25:00,71.25,3.033,5.413,0
2026-03-10 09:26:00,70.98,2.109,5.39,0
2026-03-10 09:27:00,71.06,2.608,5.34,0
2026-03-10 09:28:00,70.31,2.54,5.378,0
2026-03-10 09:29:00,71.4,2.504,5.245,0
2026-03-10 09:30:00,71.14,2.384,5.293,0
2026-03-10 09:31:00,70.98,2.65,5.142,0
2026-03-10 09:32:00,71.06,2.447,5.137,0
2026-03-10 09:33:00,70.66,2.353,5.281,0
2026-03-10 09:34:00,70.43,2.509,5.369,0
2026-03-10 09:35:00,71.15,2.333,5.285,0
2026-03-10 09:36:00,70.7,2.839,5.127,0
2026-03-10 09:37:00,70.2,2.296,5.331,0
2026-03-10 09:38:00,69.97,2.46,5.421,0
2026-03-10 09:39:00,69.81,2.509,5.421,0
2026-03-10 09:40:00,70.66,2.764,5.482,0
2026-03-10 09:41:00,70.5,2.572,5.464,0
2026-03-10 09:42:00,70.7,2.711,5.226,0
2026-03-10 09:43:00,69.51,2.528,5.213,0
2026-03-10 09:44:00,69.97,2.244,5.598,0
2026-03-10 09:45:00,70.49,2.507,5.225,0
2026-03-10 09:46:00,69.58,2.718,5.219,0
2026-03-10 09:47:00,69.92,2.553,5.347,0
2026-03-10 09:48:00,70.32,2.637,5.23,0
2026-03-10 09:49:00,70.81,2.844,5.576,0
2026-03-10 09:50:00,71.56,2.161,5.258,0
2026-03-10 09:51:00,71.47,2.535,5.495,0
2026-03-10 09:52:00,70.58,2.836,5.328,0
2026-03-10 09:53:00,71.02,2.204,5.486,0
2026-03-10 09:54:00,70.73,2.362,5.584,0
2026-03-10 09:55:00,70.47,2.548,5.199,0
2026-03-10 09:56:00,70.24,2.837,5.542,0
2026-03-10 09:57:00,69.95,2.733,5.171,0
2026-03-10 09:58:00,69.44,2.268,5.334,0
2026-03-10 09:59:00,70.91,2.663,5.25,0
2026-03-10 10:00:00,70.83,2.534,5.3,0
2026-03-10 10:01:00,70.47,2.544,5.367,0
2026-03-10 10:02:00,70.94,2.219,5.2,0
2026-03-10 10:03:00,70.48,2.319,5.317,0
2026-03-10 10:04:00,70.51,2.637,5.133,0
2026-03-10 10:05:00,69.72,2.087,5.446,0
2026-03-10 10:06:00,69.62,2.307,5.45,0
2026-03-10 10:07:00,70.58,2.48,5.449,0
2026-03-10 10:08:00,70.13,2.666,5.354,0
2026-03-10 10:09:00,70.21,2.64,5.151,0
2026-03-10 10:10:00,70.27,2.708,5.214,0
2026-03-10 10:11:00,71.08,2.454,5.21,0
2026-03-10 10:12:00,70.66,2.507,5.358,0
2026-03-10 10:13:00,71.23,2.81,5.289,0
2026-03-10 10:14:00,71.59,2.791,5.232,0
2026-03-10 10:15:00,71.81,2.331,5.538,0
2026-03-10 10:16:00,71.0,2.336,5.265,0
2026-03-10 10:17:00,71.51,2.371,5.085,0
2026-03-10 10:18:00,70.9,2.679,5.387,0
2026-03-10 10:19:00,71.22,2.475,5.194,0
2026-03-10 10:20:00,70.72,2.289,5.066,0
2026-03-10 10:21:00,71.14,2.394,5.386,0
2026-03-10 10:22:00,71.13,2.409,5.154,0
2026-03-10 10:23:00,69.4,2.376,5.159,0
2026-03-10 10:24:00,69.68,2.236,5.442,0
2026-03-10 10:25:00,69.65,2.335,5.193,0
2026-03-10 10:26:00,70.3,2.354,5.346,0
2026-03-10 10:27:00,70.08,2.18,5.37,0
2026-03-10 10:28:00,69.63,2.226,5.186,0
2026-03-10 10:29:00,69.59,2.454,5.315,0
2026-03-10 10:30:00,69.89,2.621,5.444,0
2026-03-10 10:31:00,70.1,2.801,5.443,0
2026-03-10 10:32:00,71.04,2.823,5.229,0
2026-03-10 10:33:00,71.26,2.301,5.395,0
2026-03-10 10:34:00,71.37,2.917,5.427,0
2026-03-10 10:35:00,71.95,2.837,5.288,0
2026-03-10 10:36:00,71.84,2.803,5.477,0
2026-03-10 10:37:00,71.84,2.528,5.369,0
2026-03-10 10:38:00,72.09,2.83,5.477,0
2026-03-10 10:39:00,72.6,2.599,5.497,0
2026-03-10 10:40:00,73.17,2.974,5.518,0
2026-03-10 10:41:00,73.55,2.718,5.618,0
2026-03-10 10:42:00,73.76,2.802,5.498,0
2026-03-10 10:43:00,74.21,2.785,5.792,0
2026-03-10 10:44:00,73.97,2.609,5.497,0
2026-03-10 10:45:00,74.81,2.362,5.727,0
2026-03-10 10:46:00,73.71,2.814,5.505,1
2026-03-10 10:47:00,74.31,2.603,5.392,0
2026-03-10 10:48:00,74.29,2.31,5.449,0
2026-03-10 10:49:00,73.47,2.821,5.357,0
2026-03-10 10:50:00,73.79,2.529,5.161,0
2026-03-10 10:51:00,73.55,2.738,5.46,0
2026-03-10 10:52:00,74.11,3.014,5.266,0
2026-03-10 10:53:00,74.23,2.946,5.139,0
2026-03-10 10:54:00,73.89,3.039,5.372,0
2026-03-10 10:55:00,73.52,2.599,5.413,0
2026-03-10 10:56:00,73.57,2.909,5.28,0
2026-03-10 10:57:00,73.89,2.778,5.368,0
2026-03-10 10:58:00,74.15,2.618,5.651,0
2026-03-10 10:59:00,74.25,2.615,5.58,0
2026-03-10 11:00:00,73.88,2.721,5.367,0
2026-03-10 11:01:00,73.83,2.878,5.371,0
2026-03-10 11:02:00,74.24,2.962,5.521,0
2026-03-10 11:03:00,73.46,2.286,5.516,0
2026-03-10 11:04:00,73.68,2.697,5.317,0
2026-03-10 11:05:00,74.1,2.801,5.453,0
2026-03-10 11:06:00,73.64,2.766,5.363,0
2026-03-10 11:07:00,73.8,2.645,5.56,0
2026-03-10 11:08:00,74.63,2.745,5.432,0
2026-03-10 11:09:00,74.14,2.76,5.389,0
2026-03-10 11:10:00,74.15,2.692,5.482,0
2026-03-10 11:11:00,74.42,2.489,5.691,0
2026-03-10 11:12:00,74.2,3.114,5.465,0
2026-03-10 11:13:00,73.95,2.756,5.649,0
2026-03-10 11:14:00,73.83,2.945,5.359,0
2026-03-10 11:15:00,73.44,2.524,5.336,0
2026-03-10 11:16:00,72.88,2.577,5.282,0
2026-03-10 11:17:00,73.01,2.933,5.561,0
2026-03-10 11:18:00,73.01,2.638,5.594,0
2026-03-10 11:19:00,73.49,2.841,5.41,0
2026-03-10 11:20:00,73.4,2.852,5.6,0
2026-03-10 11:21:00,73.82,2.783,5.36,0
2026-03-10 11:22:00,74.27,2.904,5.533,1
2026-03-10 11:23:00,74.0,2.49,5.532,0
2026-03-10 11:24:00,73.94,2.662,5.451,0
2026-03-10 11:25:00,73.37,2.765,5.519,0
2026-03-10 11:26:00,73.48,3.007,5.355,0
2026-03-10 11:27:00,74.12,2.9,5.368,0
2026-03-10 11:28:00,74.13,2.927,5.403,0
2026-03-10 11:29:00,74.26,2.915,5.44,0
2026-03-10 11:30:00,73.22,2.96,5.528,0
2026-03-10 11:31:00,73.27,2.553,5.13,0
2026-03-10 11:32:00,72.36,2.397,5.438,0
2026-03-10 11:33:00,72.14,2.618,5.392,0
2026-03-10 11:34:00,72.56,2.576,5.272,0
2026-03-10 11:35:00,72.28,2.926,5.331,0
2026-03-10 11:36:00,71.56,2.834,5.384,0
2026-03-10 11:37:00,71.75,2.973,5.438,0
2026-03-10 11:38:00,72.08,2.491,5.181,0
2026-03-10 11:39:00,71.88,2.633,5.317,0
2026-03-10 11:40:00,71.64,2.298,5.12,0
2026-03-10 11:41:00,71.88,2.451,5.429,0
2026-03-10 11:42:00,71.24,2.637,5.099,0
2026-03-10 11:43:00,71.07,2.521,5.423,0
2026-03-10 11:44:00,70.32,2.73,5.365,0
2026-03-10 11:45:00,70.57,2.572,5.499,0
2026-03-10 11:46:00,70.89,2.522,5.219,0
2026-03-10 11:47:00,70.99,2.66,5.249,0
2026-03-10 11:48:00,71.29,2.757,5.328,0
2026-03-10 11:49:00,71.89,2.832,5.455,0
2026-03-10 11:50:00,71.27,2.435,5.298,0
2026-03-10 11:51:00,71.82,2.81,5.344,0
2026-03-10 11:52:00,71.83,2.935,5.329,0
2026-03-10 11:53:00,72.28,2.652,5.465,0
2026-03-10 11:54:00,72.23,2.815,5.336,0
2026-03-10 11:55:00,71.64,2.671,5.466,0
2026-03-10 11:56:00,71.77,2.505,5.338,0
2026-03-10 11:57:00,71.17,2.587,5.251,0
2026-03-10 11:58:00,71.74,2.456,5.417,0
2026-03-10 11:59:00,71.65,2.728,5.233,0
2026-03-10 12:00:00,71.6,2.324,5.448,0
2026-03-10 12:01:00,71.77,2.751,5.572,0
2026-03-10 12:02:00,72.42,2.405,5.314,0
2026-03-10 12:03:00,72.03,2.626,5.277,0
2026-03-10 12:04:00,73.08,2.599,5.209,1
2026-03-10 12:05:00,72.58,2.793,5.435,0
2026-03-10 12:06:00,72.96,2.257,5.15,0
2026-03-10 12:07:00,72.94,2.472,5.152,0
2026-03-10 12:08:00,72.8,2.361,5.262,0
2026-03-10 12:09:00,72.82,2.624,5.403,0
2026-03-10 12:10:00,72.58,2.501,5.237,0
2026-03-10 12:11:00,72.41,2.852,5.221,0
2026-03-10 12:12:00,72.48,2.342,5.277,0
2026-03-10 12:13:00,72.19,2.883,5.143,0
2026-03-10 12:14:00,72.31,2.832,5.333,0
2026-03-10 12:15:00,71.83,2.908,4.993,0
2026-03-10 12:16:00,72.11,2.51,5.118,0
2026-03-10 12:17:00,71.78,2.593,5.322,0
2026-03-10 12:18:00,72.13,2.164,5.109,0
2026-03-10 12:19:00,71.88,2.31,5.429,0
2026-03-10 12:20:00,71.97,2.572,5.234,0
2026-03-10 12:21:00,72.36,2.809,5.325,0
2026-03-10 12:22:00,71.9,2.208,5.179,0
2026-03-10 12:23:00,72.02,2.901,5.336,0
2026-03-10 12:24:00,71.79,2.795,5.574,0
2026-03-10 12:25:00,71.31,2.579,5.205,0
2026-03-10 12:26:00,71.4,2.491,5.494,0
2026-03-10 12:27:00,71.05,2.56,5.672,0
2026-03-10 12:28:00,71.48,2.632,5.317,0
2026-03-10 12:29:00,70.95,2.92,5.418,0
2026-03-10 12:30:00,70.68,2.674,5.594,0
2026-03-10 12:31:00,71.38,2.573,5.248,0
2026-03-10 12:32:00,70.86,2.398,5.114,0
2026-03-10 12:33:00,71.5,2.305,5.498,0
2026-03-10 12:34:00,71.4,2.45,5.388,0
2026-03-10 12:35:00,71.76,2.594,5.426,0
2026-03-10 12:36:00,71.19,2.46,5.326,0
2026-03-10 12:37:00,71.1,2.852,5.176,0
2026-03-10 12:38:00,71.99,2.801,5.497,0
2026-03-10 12:39:00,71.14,2.665,5.359,0
2026-03-10 12:40:00,71.56,2.608,5.317,0
2026-03-10 12:41:00,71.17,2.788,5.334,0
2026-03-10 12:42:00,71.49,2.484,5.757,0
2026-03-10 12:43:00,72.92,2.596,5.271,0
2026-03-10 12:44:00,72.82,2.222,5.274,0
2026-03-10 12:45:00,72.46,2.713,5.216,0
2026-03-10 12:46:00,72.33,2.754,5.407,0
2026-03-10 12:47:00,72.43,2.661,5.265,0
2026-03-10 12:48:00,73.5,2.848,5.487,0
2026-03-10 12:49:00,73.22,2.464,5.418,0
2026-03-10 12:50:00,73.02,2.472,5.539,0
2026-03-10 12:51:00,72.75,2.97,5.515,0
2026-03-10 12:52:00,73.03,2.45,5.382,0
2026-03-10 12:53:00,72.95,2.712,5.255,0
2026-03-10 12:54:00,72.68,2.621,5.468,0
2026-03-10 12:55:00,72.3,2.824,5.588,0
2026-03-10 12:56:00,72.12,2.272,5.141,0
2026-03-10 12:57:00,71.89,2.485,5.062,0
2026-03-10 12:58:00,72.01,2.733,5.12,0
2026-03-10 12:59:00,71.12,2.503,5.213,0
2026-03-10 13:00:00,71.52,2.955,5.208,0
2026-03-10 13:01:00,71.28,2.827,5.467,0
2026-03-10 13:02:00,71.6,2.388,5.338,0
2026-03-10 13:03:00,71.45,2.548,5.13,0
2026-03-10 13:04:00,71.2,2.373,5.233,0
2026-03-10 13:05:00,71.23,2.786,5.311,0
2026-03-10 13:06:00,70.83,2.33,5.252,0
2026-03-10 13:07:00,70.75,2.358,5.21,0
2026-03-10 13:08:00,70.83,2.336,5.25,0
2026-03-10 13:09:00,69.66,2.424,5.178,0
2026-03-10 13:10:00,68.9,2.351,4.984,0
2026-03-10 13:11:00,69.82,2.333,5.193,0
2026-03-10 13:12:00,69.59,2.373,5.13,0
2026-03-10 13:13:00,68.74,2.004,5.259,0
2026-03-10 13:14:00,69.64,2.527,5.432,0
2026-03-10 13:15:00,69.93,2.654,5.412,0
2026-03-10 13:16:00,69.96,2.194,5.02,0
2026-03-10 13:17:00,69.48,2.352,5.122,0
2026-03-10 13:18:00,69.09,2.172,5.088,0
2026-03-10 13:19:00,68.95,2.512,5.131,0
2026-03-10 13:20:00,69.02,2.606,5.162,0
2026-03-10 13:21:00,68.85,2.542,5.317,0
2026-03-10 13:22:00,68.91,2.55,5.389,0
2026-03-10 13:23:00,69.33,2.54,5.284,0
2026-03-10 13:24:00,68.79,2.41,5.383,0
2026-03-10 13:25:00,68.88,2.68,5.32,0
2026-03-10 13:26:00,69.61,2.593,5.357,0
2026-03-10 13:27:00,70.0,2.381,5.172,0
2026-03-10 13:28:00,70.54,2.696,5.338,0
2026-03-10 13:29:00,70.31,2.372,5.29,0
2026-03-10 13:30:00,70.05,2.19,5.309,0
2026-03-10 13:31:00,70.02,2.17,5.053,0
2026-03-10 13:32:00,70.38,2.484,5.114,0
2026-03-10 13:33:00,70.41,2.364,5.15,0
2026-03-10 13:34:00,70.54,2.48,5.238,0
2026-03-10 13:35:00,70.22,2.616,5.22,0
2026-03-10 13:36:00,70.43,2.315,5.217,0
2026-03-10 13:37:00,70.08,2.273,5.252,0
2026-03-10 13:38:00,70.01,2.682,5.088,0
2026-03-10 13:39:00,69.48,2.42,5.355,0
2026-03-10 13:40:00,70.2,2.448,5.328,0
2026-03-10 13:41:00,70.21,2.601,5.658,1
2026-03-10 13:42:00,69.57,2.332,5.434,0
2026-03-10 13:43:00,70.05,2.298,5.188,0
2026-03-10 13:44:00,70.2,2.692,5.376,0
2026-03-10 13:45:00,70.07,2.544,5.281,0
2026-03-10 13:46:00,70.19,2.359,5.598,0
2026-03-10 13:47:00,71.34,2.616,5.275,0
2026-03-10 13:48:00,71.13,2.579,5.313,0
2026-03-10 13:49:00,71.27,2.584,5.323,0
2026-03-10 13:50:00,70.89,2.65,5.247,0
2026-03-10 13:51:00,71.62,2.579,5.173,0
2026-03-10 13:52:00,70.92,2.474,5.306,0
2026-03-10 13:53:00,72.08,2.664,5.369,0
2026-03-10 13:54:00,72.18,2.821,5.386,0
2026-03-10 13:55:00,71.84,2.543,5.434,0
2026-03-10 13:56:00,72.12,2.599,5.339,0
2026-03-10 13:57:00,72.48,2.858,5.523,0
2026-03-10 13:58:00,73.32,2.736,5.473,0
2026-03-10 13:59:00,72.79,2.677,5.294,0
2026-03-10 14:00:00,73.29,2.657,5.473,0
2026-03-10 14:01:00,73.43,2.705,5.573,0
2026-03-10 14:02:00,73.74,2.855,5.713,0
2026-03-10 14:03:00,73.59,2.559,5.199,0
2026-03-10 14:04:00,73.8,2.667,5.489,0
2026-03-10 14:05:00,74.19,2.705,5.518,0
2026-03-10 14:06:00,74.56,2.744,5.542,0
2026-03-10 14:07:00,74.11,3.005,5.57,0
2026-03-10 14:08:00,73.74,2.633,5.341,0
2026-03-10 14:09:00,73.63,2.662,5.476,0
2026-03-10 14:10:00,73.67,2.574,5.619,0
2026-03-10 14:11:00,74.29,2.326,5.481,0
2026-03-10 14:12:00,73.94,2.709,5.492,0
2026-03-10 14:13:00,74.24,2.747,5.561,0
2026-03-10 14:14:00,73.84,2.796,5.505,0
2026-03-10 14:15:00,73.33,2.889,5.673,0
2026-03-10 14:16:00,73.24,2.609,5.67,0
2026-03-10 14:17:00,72.4,2.488,5.491,0
2026-03-10 14:18:00,72.47,2.75,5.403,0
2026-03-10 14:19:00,72.15,2.428,5.433,0
2026-03-10 14:20:00,71.47,2.552,5.364,0
2026-03-10 14:21:00,70.91,2.555,5.167,0
2026-03-10 14:22:00,70.64,2.334,5.458,0
2026-03-10 14:23:00,71.3,2.123,5.452,0
2026-03-10 14:24:00,71.13,2.883,5.263,0
2026-03-10 14:25:00,70.17,2.703,5.473,0
2026-03-10 14:26:00,71.31,2.56,5.283,0
2026-03-10 14:27:00,70.13,2.627,5.465,0
2026-03-10 14:28:00,70.65,2.453,5.293,0
2026-03-10 14:29:00,70.45,2.23,5.091,0
2026-03-10 14:30:00,70.95,2.896,5.414,0
2026-03-10 14:31:00,70.43,2.817,5.334,0
2026-03-10 14:32:00,70.59,2.652,5.48,0
2026-03-10 14:33:00,70.01,2.556,5.351,0
2026-03-10 14:34:00,71.31,2.261,5.258,0
2026-03-10 14:35:00,70.7,2.601,5.005,0
2026-03-10 14:36:00,70.02,2.814,5.227,0
2026-03-10 14:37:00,70.75,2.751,5.474,0
2026-03-10 14:38:00,71.76,2.463,5.536,0
2026-03-10 14:39:00,72.36,2.755,5.562,0
2026-03-10 14:40:00,71.57,3.118,5.482,0
2026-03-10 14:41:00,71.61,3.217,5.59,0
2026-03-10 14:42:00,71.28,2.959,5.44,0
2026-03-10 14:43:00,71.34,2.562,5.156,0
2026-03-10 14:44:00,71.2,2.333,5.499,0
2026-03-10 14:45:00,71.03,2.751,5.384,0
2026-03-10 14:46:00,70.95,2.665,5.513,0
2026-03-10 14:47:00,71.48,2.631,5.375,0
2026-03-10 14:48:00,72.2,3.028,5.483,0
2026-03-10 14:49:00,71.97,2.648,5.426,0
2026-03-10 14:50:00,73.38,2.727,5.393,0
2026-03-10 14:51:00,73.38,3.111,5.537,0
2026-03-10 14:52:00,71.92,3.074,5.196,0
2026-03-10 14:53:00,71.6,2.502,5.393,0
2026-03-10 14:54:00,71.94,2.627,5.579,0
2026-03-10 14:55:00,71.56,2.677,5.33,0
2026-03-10 14:56:00,72.22,2.748,5.754,0
2026-03-10 14:57:00,72.79,2.754,5.524,0
2026-03-10 14:58:00,72.19,2.626,5.366,0
2026-03-10 14:59:00,71.75,2.589,5.443,0
2026-03-10 15:00:00,72.15,2.898,5.508,1
2026-03-10 15:01:00,72.37,2.869,5.461,0
2026-03-10 15:02:00,71.99,2.747,5.568,0
2026-03-10 15:03:00,71.31,2.862,5.429,0
2026-03-10 15:04:00,72.51,2.397,5.165,0
2026-03-10 15:05:00,72.8,2.602,5.403,0
2026-03-10 15:06:00,72.84,2.654,5.624,0
2026-03-10 15:07:00,73.15,2.525,5.356,0
2026-03-10 15:08:00,72.49,2.503,5.354,0
2026-03-10 15:09:00,73.03,2.517,5.543,0
2026-03-10 15:10:00,72.9,2.373,5.349,0
2026-03-10 15:11:00,72.97,3.079,5.179,0
2026-03-10 15:12:00,72.99,2.569,5.58,0
2026-03-10 15:13:00,73.06,2.624,5.398,0
2026-03-10 15:14:00,73.13,2.608,5.537,0
2026-03-10 15:15:00,73.21,3.413,5.413,0
2026-03-10 15:16:00,73.2,2.671,5.599,0
2026-03-10 15:17:00,73.18,2.633,5.515,0
2026-03-10 15:18:00,72.91,2.933,5.514,0
2026-03-10 15:19:00,73.64,2.689,5.713,0
2026-03-10 15:20:00,72.7,2.991,5.652,0
2026-03-10 15:21:00,72.64,2.906,5.321,0
2026-03-10 15:22:00,73.22,2.681,5.273,0
2026-03-10 15:23:00,72.9,2.751,5.172,0
2026-03-10 15:24:00,73.05,2.788,5.355,0
2026-03-10 15:25:00,73.4,3.065,5.631,1
2026-03-10 15:26:00,73.71,3.853,5.311,0
2026-03-10 15:27:00,73.99,2.668,5.516,0
2026-03-10 15:28:00,74.0,2.599,5.402,0
2026-03-10 15:29:00,74.33,3.078,5.491,0
2026-03-10 15:30:00,74.27,2.54,5.351,0
2026-03-10 15:31:00,74.35,3.015,5.455,0
2026-03-10 15:32:00,74.98,2.784,5.332,0
2026-03-10 15:33:00,74.53,2.924,5.6,0
2026-03-10 15:34:00,74.23,2.759,5.371,0
2026-03-10 15:35:00,74.72,2.655,5.477,0
2026-03-10 15:36:00,73.72,3.021,5.369,0
2026-03-10 15:37:00,73.73,2.856,5.23,0
2026-03-10 15:38:00,74.34,2.751,5.498,0
2026-03-10 15:39:00,73.85,2.715,5.353,0
2026-03-10 15:40:00,73.95,2.263,5.58,0
2026-03-10 15:41:00,73.87,2.45,5.349,0
2026-03-10 15:42:00,73.1,2.505,5.434,0
2026-03-10 15:43:00,73.4,2.626,5.262,0
2026-03-10 15:44:00,73.43,2.492,5.505,0
2026-03-10 15:45:00,73.31,2.734,5.324,0
2026-03-10 15:46:00,73.29,2.598,5.576,0
2026-03-10 15:47:00,72.73,2.985,5.259,1
2026-03-10 15:48:00,72.89,2.937,5.297,0
2026-03-10 15:49:00,73.0,2.759,5.426,0
2026-03-10 15:50:00,72.72,2.587,5.281,0
2026-03-10 15:51:00,72.8,2.801,5.349,0
2026-03-10 15:52:00,72.71,2.618,5.195,0
2026-03-10 15:53:00,72.7,2.92,5.331,0
2026-03-10 15:54:00,72.38,2.885,5.521,1
2026-03-10 15:55:00,72.59,2.964,5.178,0
2026-03-10 15:56:00,73.03,2.731,5.182,0
2026-03-10 15:57:00,72.21,2.505,5.394,0
2026-03-10 15:58:00,73.49,2.862,5.314,0
2026-03-10 15:59:00,73.14,2.841,5.51,0
2026-03-10 16:00:00,73.03,2.897,5.455,0
2026-03-10 16:01:00,73.29,2.794,5.601,0
2026-03-10 16:02:00,73.79,2.75,5.554,0
2026-03-10 16:03:00,73.35,2.796,5.744,0
2026-03-10 16:04:00,73.52,2.801,5.381,0
2026-03-10 16:05:00,72.92,2.871,5.656,0
2026-03-10 16:06:00,73.37,2.688,5.268,0
2026-03-10 16:07:00,72.95,2.913,5.58,0
2026-03-10 16:08:00,73.32,2.856,5.462,0
2026-03-10 16:09:00,73.2,2.917,5.631,0
2026-03-10 16:10:00,72.67,2.731,5.582,0
2026-03-10 16:11:00,73.1,2.851,5.233,0
2026-03-10 16:12:00,72.59,2.611,5.3,0
2026-03-10 16:13:00,72.57,2.775,5.463,0
2026-03-10 16:14:00,73.85,2.893,5.345,0
2026-03-10 16:15:00,72.96,3.002,5.521,0
2026-03-10 16:16:00,72.68,2.754,5.507,0
2026-03-10 16:17:00,72.72,2.514,5.582,0
2026-03-10 16:18:00,71.9,2.434,5.576,0
2026-03-10 16:19:00,72.91,2.577,5.402,0
2026-03-10 16:20:00,73.04,2.565,5.265,0
2026-03-10 16:21:00,72.72,2.715,5.508,0
2026-03-10 16:22:00,73.47,2.532,5.728,0
2026-03-10 16:23:00,73.27,2.657,5.41,0
2026-03-10 16:24:00,74.17,2.635,5.396,0
2026-03-10 16:25:00,74.43,2.52,5.449,0
2026-03-10 16:26:00,74.09,2.792,5.278,0
2026-03-10 16:27:00,74.29,2.794,5.386,0
2026-03-10 16:28:00,73.97,2.499,5.384,0
2026-03-10 16:29:00,73.79,2.904,5.546,0
2026-03-10 16:30:00,74.38,2.4,5.535,0
2026-03-10 16:31:00,74.44,2.929,5.397,0
2026-03-10 16:32:00,74.73,2.721,5.486,0
2026-03-10 16:33:00,74.23,2.333,5.233,0
2026-03-10 16:34:00,74.85,2.687,5.307,0
2026-03-10 16:35:00,74.56,2.797,5.211,0
2026-03-10 16:36:00,73.46,3.009,5.264,0
2026-03-10 16:37:00,73.65,2.534,5.317,0
2026-03-10 16:38:00,73.99,2.618,5.318,0
2026-03-10 16:39:00,73.21,2.865,5.43,0
2026-03-10 16:40:00,73.05,2.547,5.4,0
2026-03-10 16:41:00,73.85,2.75,5.147,0
2026-03-10 16:42:00,73.24,2.468,5.385,0
2026-03-10 16:43:00,74.02,2.677,5.303,0
2026-03-10 16:44:00,72.99,3.056,5.462,0
2026-03-10 16:45:00,73.21,2.821,5.36,0
2026-03-10 16:46:00,73.37,2.729,5.558,0
2026-03-10 16:47:00,72.99,2.677,5.528,0
2026-03-10 16:48:00,72.43,3.173,5.588,0
2026-03-10 16:49:00,71.8,2.659,5.34,0
2026-03-10 16:50:00,72.09,2.408,5.443,0
2026-03-10 16:51:00,71.75,2.733,5.189,0
2026-03-10 16:52:00,72.03,2.288,5.013,0
2026-03-10 16:53:00,71.41,2.602,5.323,0
2026-03-10 16:54:00,71.66,2.458,5.342,0
2026-03-10 16:55:00,71.69,2.506,5.188,0
2026-03-10 16:56:00,71.81,2.548,5.235,0
2026-03-10 16:57:00,72.21,2.82,5.309,0
2026-03-10 16:58:00,71.76,2.617,5.43,0
2026-03-10 16:59:00,71.51,2.344,5.385,0
2026-03-10 17:00:00,72.15,2.424,5.285,0
2026-03-10 17:01:00,72.48,2.731,5.297,0
2026-03-10 17:02:00,71.43,2.819,5.274,0
2026-03-10 17:03:00,72.16,2.172,5.295,0
2026-03-10 17:04:00,72.31,2.712,5.397,0
2026-03-10 17:05:00,71.9,2.451,5.219,0
2026-03-10 17:06:00,70.61,2.949,5.206,0
2026-03-10 17:07:00,71.16,2.637,5.196,0
2026-03-10 17:08:00,70.51,2.287,5.04,0
2026-03-10 17:09:00,70.64,2.443,5.377,0
2026-03-10 17:10:00,69.48,2.439,5.291,0
2026-03-10 17:11:00,69.25,2.587,5.26,0
2026-03-10 17:12:00,69.28,2.59,5.166,0
2026-03-10 17:13:00,69.08,2.179,5.107,0
2026-03-10 17:14:00,68.88,2.324,5.263,0
2026-03-10 17:15:00,69.58,2.576,5.477,0
2026-03-10 17:16:00,70.06,2.103,5.424,0
2026-03-10 17:17:00,70.91,2.696,5.095,0
2026-03-10 17:18:00,70.59,2.316,5.246,0
2026-03-10 17:19:00,69.88,2.416,5.164,0
2026-03-10 17:20:00,69.94,2.324,5.221,0
2026-03-10 17:21:00,70.25,3.027,5.269,0
2026-03-10 17:22:00,69.04,2.263,5.207,0
2026-03-10 17:23:00,69.4,2.342,5.059,0
2026-03-10 17:24:00,67.98,2.194,5.216,0
2026-03-10 17:25:00,68.5,2.273,5.206,0
2026-03-10 17:26:00,67.99,2.422,5.0,0
2026-03-10 17:27:00,68.43,2.51,5.259,0
2026-03-10 17:28:00,68.78,2.534,5.271,0
2026-03-10 17:29:00,68.85,2.506,5.348,0
2026-03-10 17:30:00,69.13,2.354,5.043,0
2026-03-10 17:31:00,69.05,2.808,5.381,0
2026-03-10 17:32:00,68.94,2.454,5.288,0
2026-03-10 17:33:00,69.43,2.43,5.316,0
2026-03-10 17:34:00,70.32,2.441,5.046,0
2026-03-10 17:35:00,71.08,2.615,5.234,0
2026-03-10 17:36:00,70.15,2.881,5.119,0
2026-03-10 17:37:00,70.87,2.585,5.268,0
2026-03-10 17:38:00,70.92,2.227,5.238,0
2026-03-10 17:39:00,70.93,2.676,5.238,0
2026-03-10 17:40:00,71.56,2.961,5.226,0
2026-03-10 17:41:00,71.48,2.728,5.312,0
2026-03-10 17:42:00,71.43,2.623,5.054,0
2026-03-10 17:43:00,71.52,2.639,5.317,0
2026-03-10 17:44:00,71.42,2.674,5.607,0
2026-03-10 17:45:00,71.07,2.309,5.384,0
2026-03-10 17:46:00,70.92,2.765,5.245,0
2026-03-10 17:47:00,70.9,2.289,5.231,0
2026-03-10 17:48:00,71.39,2.828,5.45,0
2026-03-10 17:49:00,70.95,2.554,5.216,0
2026-03-10 17:50:00,71.13,2.27,5.497,0
2026-03-10 17:51:00,71.11,2.503,5.212,0
2026-03-10 17:52:00,70.72,2.778,5.303,0
2026-03-10 17:53:00,71.22,2.563,5.221,0
2026-03-10 17:54:00,71.39,2.519,5.236,0
2026-03-10 17:55:00,71.96,2.623,5.441,0
2026-03-10 17:56:00,72.44,2.541,5.228,1
2026-03-10 17:57:00,72.18,2.72,5.48,0
2026-03-10 17:58:00,72.32,2.594,5.157,0
2026-03-10 17:59:00,71.64,2.312,5.482,0
2026-03-10 18:00:00,71.72,2.754,5.406,0
2026-03-10 18:01:00,71.46,2.652,5.263,0
2026-03-10 18:02:00,71.6,2.633,5.351,0
2026-03-10 18:03:00,71.54,2.622,5.5,0
2026-03-10 18:04:00,71.57,2.7,5.301,0
2026-03-10 18:05:00,71.51,2.373,5.336,0
2026-03-10 18:06:00,72.33,2.452,5.252,0
2026-03-10 18:07:00,72.02,2.419,5.278,0
2026-03-10 18:08:00,71.53,2.358,5.271,0
2026-03-10 18:09:00,72.35,2.536,5.338,0
2026-03-10 18:10:00,72.08,2.473,5.139,0
2026-03-10 18:11:00,72.46,2.363,5.483,0
2026-03-10 18:12:00,72.37,2.68,5.431,0
2026-03-10 18:13:00,72.71,2.513,5.239,0
2026-03-10 18:14:00,72.68,2.308,5.366,0
2026-03-10 18:15:00,72.51,3.092,5.381,0
2026-03-10 18:16:00,72.25,2.817,5.293,0
2026-03-10 18:17:00,72.57,2.645,5.469,0
2026-03-10 18:18:00,71.5,2.406,5.232,0
2026-03-10 18:19:00,71.67,2.585,5.204,0
2026-03-10 18:20:00,70.68,2.967,5.097,0
2026-03-10 18:21:00,71.83,2.273,5.3,0
2026-03-10 18:22:00,71.34,2.39,5.47,0
2026-03-10 18:23:00,71.14,2.212,5.32,0
2026-03-10 18:24:00,71.26,2.566,5.165,0
2026-03-10 18:25:00,70.52,2.861,5.271,0
2026-03-10 18:26:00,69.84,2.511,5.255,0
2026-03-10 18:27:00,69.89,2.756,5.211,0
2026-03-10 18:28:00,70.59,2.589,5.196,0
2026-03-10 18:29:00,70.42,2.394,5.492,0
2026-03-10 18:30:00,71.11,2.923,5.298,0
2026-03-10 18:31:00,70.85,2.613,5.481,0
2026-03-10 18:32:00,71.08,2.374,5.213,0
2026-03-10 18:33:00,71.1,2.408,5.339,0
2026-03-10 18:34:00,71.33,2.66,5.165,0
2026-03-10 18:35:00,71.14,2.573,5.51,0
2026-03-10 18:36:00,70.91,2.506,5.338,0
2026-03-10 18:37:00,70.81,2.741,5.234,0
2026-03-10 18:38:00,70.9,2.897,5.505,0
2026-03-10 18:39:00,70.82,2.896,5.465,0
2026-03-10 18:40:00,71.53,2.556,5.324,0
2026-03-10 18:41:00,70.83,2.559,5.271,0
2026-03-10 18:42:00,71.61,2.641,5.356,0
2026-03-10 18:43:00,71.34,2.832,5.368,0
2026-03-10 18:44:00,71.55,2.595,5.479,0
2026-03-10 18:45:00,73.2,3.167,5.306,0
2026-03-10 18:46:00,72.23,2.844,5.373,0
2026-03-10 18:47:00,72.46,2.601,5.412,0
2026-03-10 18:48:00,72.21,2.745,5.437,0
2026-03-10 18:49:00,72.36,2.983,5.434,0
2026-03-10 18:50:00,72.5,3.225,5.526,0
2026-03-10 18:51:00,73.49,2.681,5.568,0
2026-03-10 18:52:00,73.05,2.347,5.509,0
2026-03-10 18:53:00,73.06,2.823,5.516,0
2026-03-10 18:54:00,72.85,2.868,5.681,0
2026-03-10 18:55:00,72.55,2.846,5.532,0
2026-03-10 18:56:00,72.88,2.608,5.521,1
2026-03-10 18:57:00,72.3,2.836,5.471,0
2026-03-10 18:58:00,73.14,2.93,5.362,0
2026-03-10 18:59:00,72.75,2.782,5.136,0
2026-03-10 19:00:00,72.72,2.621,5.32,0
2026-03-10 19:01:00,72.24,2.712,5.505,0
2026-03-10 19:02:00,72.06,2.624,5.458,0
2026-03-10 19:03:00,72.45,2.617,5.409,0
2026-03-10 19:04:00,72.68,2.651,5.481,0
2026-03-10 19:05:00,72.39,2.467,5.259,0
2026-03-10 19:06:00,71.74,2.697,5.306,0
2026-03-10 19:07:00,72.15,2.877,5.459,0
2026-03-10 19:08:00,71.97,3.074,5.649,0
2026-03-10 19:09:00,72.42,2.783,4.964,0
2026-03-10 19:10:00,72.08,2.582,5.544,0
2026-03-10 19:11:00,71.79,3.004,5.296,1
2026-03-10 19:12:00,72.75,2.342,5.491,0
2026-03-10 19:13:00,72.61,2.879,5.235,0
2026-03-10 19:14:00,72.67,2.613,5.493,0
2026-03-10 19:15:00,72.2,2.765,5.342,0
2026-03-10 19:16:00,72.39,2.611,5.501,0
2026-03-10 19:17:00,72.32,2.667,5.395,0
2026-03-10 19:18:00,72.48,2.696,5.382,0
2026-03-10 19:19:00,73.41,2.687,5.278,1
2026-03-10 19:20:00,73.39,2.863,5.467,0
2026-03-10 19:21:00,73.57,2.71,5.461,0
2026-03-10 19:22:00,73.15,2.474,5.31,0
2026-03-10 19:23:00,73.14,2.166,5.301,0
2026-03-10 19:24:00,73.74,2.399,5.394,0
2026-03-10 19:25:00,73.6,2.503,5.39,0
2026-03-10 19:26:00,74.28,2.87,5.516,0
2026-03-10 19:27:00,73.66,2.599,5.158,0
2026-03-10 19:28:00,73.32,2.935,5.299,0
2026-03-10 19:29:00,72.84,2.756,5.27,0
2026-03-10 19:30:00,73.01,2.443,5.384,1
2026-03-10 19:31:00,72.53,2.8,5.404,0
2026-03-10 19:32:00,72.85,2.346,5.441,0
2026-03-10 19:33:00,72.46,2.572,5.356,0
2026-03-10 19:34:00,73.5,2.835,5.387,0
2026-03-10 19:35:00,72.73,2.479,5.524,0
2026-03-10 19:36:00,73.59,2.954,5.485,0
2026-03-10 19:37:00,73.26,2.84,5.495,0
2026-03-10 19:38:00,73.12,2.469,5.529,0
2026-03-10 19:39:00,72.82,2.576,5.597,0
2026-03-10 19:40:00,72.71,2.645,5.243,0
2026-03-10 19:41:00,72.45,3.18,5.368,0
2026-03-10 19:42:00,73.14,2.59,5.574,0
2026-03-10 19:43:00,74.08,3.056,5.706,0
2026-03-10 19:44:00,73.22,2.952,5.266,0
2026-03-10 19:45:00,73.11,2.864,5.533,0
2026-03-10 19:46:00,73.49,2.9,5.604,0
2026-03-10 19:47:00,73.48,2.76,5.461,0
2026-03-10 19:48:00,73.22,2.776,5.475,0
2026-03-10 19:49:00,73.39,2.534,5.449,0
2026-03-10 19:50:00,72.47,2.895,5.443,0
2026-03-10 19:51:00,72.83,2.535,5.394,0
2026-03-10 19:52:00,72.86,2.583,5.455,0
2026-03-10 19:53:00,72.38,2.753,5.451,0
2026-03-10 19:54:00,72.6,2.662,5.42,1
2026-03-10 19:55:00,71.53,2.84,5.387,0
2026-03-10 19:56:00,71.92,2.871,5.421,0
2026-03-10 19:57:00,72.1,2.832,5.299,0
2026-03-10 19:58:00,71.46,2.816,5.393,1
2026-03-10 19:59:00,71.61,2.674,5.484,0
2026-03-10 20:00:00,71.78,2.779,5.497,0
2026-03-10 20:01:00,72.43,2.4,5.52,0
2026-03-10 20:02:00,72.28,2.846,5.262,0
2026-03-10 20:03:00,72.25,2.527,5.414,0
2026-03-10 20:04:00,72.32,2.351,5.531,0
2026-03-10 20:05:00,72.31,2.701,5.317,0
2026-03-10 20:06:00,72.05,2.78,5.469,0
2026-03-10 20:07:00,72.15,2.424,5.396,0
2026-03-10 20:08:00,72.59,3.103,5.462,0
2026-03-10 20:09:00,72.43,2.915,5.444,0
2026-03-10 20:10:00,72.06,2.816,5.294,1
2026-03-10 20:11:00,73.21,2.844,5.246,0
2026-03-10 20:12:00,72.59,2.811,5.408,0
2026-03-10 20:13:00,72.56,2.861,5.29,0
2026-03-10 20:14:00,72.97,2.819,5.504,0
2026-03-10 20:15:00,73.19,2.882,5.341,0
2026-03-10 20:16:00,72.88,2.617,5.435,0
2026-03-10 20:17:00,73.07,2.328,5.621,0
2026-03-10 20:18:00,73.64,2.821,5.672,0
2026-03-10 20:19:00,73.45,2.744,5.52,0
2026-03-10 20:20:00,72.86,2.799,5.371,0
2026-03-10 20:21:00,73.09,2.595,5.118,0
2026-03-10 20:22:00,73.4,3.096,5.31,0
2026-03-10 20:23:00,73.3,2.945,5.289,0
2026-03-10 20:24:00,72.23,2.316,5.606,0
2026-03-10 20:25:00,72.68,2.331,5.553,0
2026-03-10 20:26:00,71.83,2.293,5.468,0
2026-03-10 20:27:00,71.72,2.646,5.496,0
2026-03-10 20:28:00,71.51,2.833,5.53,0
2026-03-10 20:29:00,72.77,2.438,5.484,0
2026-03-10 20:30:00,72.7,2.687,5.503,0
2026-03-10 20:31:00,73.25,2.699,5.368,0
2026-03-10 20:32:00,73.8,2.905,5.405,0
2026-03-10 20:33:00,73.72,2.784,5.459,0
2026-03-10 20:34:00,73.12,2.415,5.486,0
2026-03-10 20:35:00,72.98,3.258,5.332,0
2026-03-10 20:36:00,73.58,3.107,5.477,0
2026-03-10 20:37:00,73.46,3.002,5.369,0
2026-03-10 20:38:00,74.1,3.186,5.325,0
2026-03-10 20:39:00,73.29,2.735,5.428,0
2026-03-10 20:40:00,73.41,2.886,5.396,0
2026-03-10 20:41:00,73.92,2.61,5.528,0
2026-03-10 20:42:00,74.28,2.811,5.409,0
2026-03-10 20:43:00,74.27,3.072,5.338,0
2026-03-10 20:44:00,74.8,2.849,5.345,0
2026-03-10 20:45:00,74.43,2.678,5.404,0
2026-03-10 20:46:00,73.36,2.589,5.462,0
2026-03-10 20:47:00,72.72,2.526,5.405,0
2026-03-10 20:48:00,72.94,2.862,5.453,0
2026-03-10 20:49:00,73.57,2.377,5.562,0
2026-03-10 20:50:00,73.6,2.933,5.188,0
2026-03-10 20:51:00,73.84,2.895,5.227,0
2026-03-10 20:52:00,73.71,2.944,5.212,0
2026-03-10 20:53:00,73.87,2.474,5.308,0
2026-03-10 20:54:00,73.8,2.615,5.318,0
2026-03-10 20:55:00,73.24,2.796,5.474,0
2026-03-10 20:56:00,73.51,2.735,5.286,0
2026-03-10 20:57:00,73.19,2.801,5.413,0
2026-03-10 20:58:00,73.59,2.618,5.28,0
2026-03-10 20:59:00,73.74,2.736,5.428,0
2026-03-10 21:00:00,73.69,2.719,5.344,0
2026-03-10 21:01:00,73.93,2.544,5.413,0
2026-03-10 21:02:00,73.33,2.911,5.444,0
2026-03-10 21:03:00,74.21,2.926,5.666,0
2026-03-10 21:04:00,74.0,3.15,5.364,0
2026-03-10 21:05:00,74.64,2.932,5.404,0
2026-03-10 21:06:00,74.2,2.641,5.481,0
2026-03-10 21:07:00,73.51,3.022,5.385,0
2026-03-10 21:08:00,73.51,2.919,5.387,0
2026-03-10 21:09:00,72.4,2.85,5.205,0
2026-03-10 21:10:00,72.01,2.698,5.378,0
2026-03-10 21:11:00,72.65,2.858,5.411,0
2026-03-10 21:12:00,72.72,2.826,5.537,0
2026-03-10 21:13:00,72.62,2.458,5.205,0
2026-03-10 21:14:00,72.99,2.452,5.318,0
2026-03-10 21:15:00,72.11,2.53,5.472,0
2026-03-10 21:16:00,71.56,2.857,5.294,0
2026-03-10 21:17:00,71.73,2.494,5.239,0
2026-03-10 21:18:00,71.52,2.563,5.385,0
2026-03-10 21:19:00,71.78,3.051,5.178,0
2026-03-10 21:20:00,71.37,2.657,5.318,0
2026-03-10 21:21:00,71.62,2.629,5.672,0
2026-03-10 21:22:00,71.59,2.507,5.34,0
2026-03-10 21:23:00,71.07,3.059,5.508,0
2026-03-10 21:24:00,70.74,2.777,5.551,0
2026-03-10 21:25:00,70.44,2.909,5.517,0
2026-03-10 21:26:00,70.43,2.639,5.484,0
2026-03-10 21:27:00,71.0,2.825,5.304,0
2026-03-10 21:28:00,71.59,2.655,5.367,0
2026-03-10 21:29:00,71.17,2.756,5.441,0
2026-03-10 21:30:00,71.25,3.059,5.6,0
2026-03-10 21:31:00,71.41,2.654,5.431,0
2026-03-10 21:32:00,71.66,2.831,5.441,0
2026-03-10 21:33:00,71.96,2.538,5.359,0
2026-03-10 21:34:00,71.37,2.498,5.372,1
2026-03-10 21:35:00,72.19,2.836,5.233,0
2026-03-10 21:36:00,71.46,2.752,5.491,0
2026-03-10 21:37:00,72.28,2.814,5.357,0
2026-03-10 21:38:00,73.0,2.923,5.521,0
2026-03-10 21:39:00,73.28,3.074,5.616,0
2026-03-10 21:40:00,73.86,2.666,5.486,0
2026-03-10 21:41:00,73.76,2.757,5.581,0
2026-03-10 21:42:00,73.81,2.535,5.677,0
2026-03-10 21:43:00,74.11,3.134,5.389,0
2026-03-10 21:44:00,74.01,2.85,5.49,0
2026-03-10 21:45:00,73.81,2.891,5.519,0
2026-03-10 21:46:00,73.06,2.712,5.14,0
2026-03-10 21:47:00,74.19,2.55,5.423,0
2026-03-10 21:48:00,74.18,2.887,5.473,0
2026-03-10 21:49:00,73.98,2.858,5.499,0
2026-03-10 21:50:00,74.16,3.205,5.371,0
2026-03-10 21:51:00,73.75,2.645,5.442,0
2026-03-10 21:52:00,73.84,2.844,5.432,0
2026-03-10 21:53:00,73.21,2.877,5.432,0
2026-03-10 21:54:00,73.56,2.936,5.485,0
2026-03-10 21:55:00,73.62,2.925,5.628,0
2026-03-10 21:56:00,73.23,2.924,5.578,0
2026-03-10 21:57:00,73.31,2.604,5.536,0
2026-03-10 21:58:00,72.73,2.741,5.505,0
2026-03-10 21:59:00,73.19,2.778,5.342,0
2026-03-10 22:00:00,73.33,2.763,5.537,0
2026-03-10 22:01:00,72.6,2.592,5.575,0
2026-03-10 22:02:00,72.94,2.748,5.426,0
2026-03-10 22:03:00,73.11,2.741,5.385,0
2026-03-10 22:04:00,73.07,2.901,5.468,0
2026-03-10 22:05:00,73.11,2.698,5.579,0
2026-03-10 22:06:00,74.0,2.547,5.53,0
2026-03-10 22:07:00,73.49,2.385,5.807,0
2026-03-10 22:08:00,73.85,2.587,5.662,0
2026-03-10 22:09:00,74.27,2.68,5.386,0
2026-03-10 22:10:00,73.84,3.513,5.446,0
2026-03-10 22:11:00,73.64,2.788,5.405,0
2026-03-10 22:12:00,74.31,2.677,5.655,0
2026-03-10 22:13:00,74.26,2.656,5.337,0
2026-03-10 22:14:00,74.61,2.922,5.318,0
2026-03-10 22:15:00,74.55,2.899,5.408,0
2026-03-10 22:16:00,74.17,2.75,5.523,0
2026-03-10 22:17:00,74.43,2.854,5.371,0
2026-03-10 22:18:00,74.82,2.855,5.631,0
2026-03-10 22:19:00,73.81,2.735,5.424,0
2026-03-10 22:20:00,73.34,2.956,5.473,0
2026-03-10 22:21:00,73.94,3.015,5.477,0
2026-03-10 22:22:00,74.22,2.764,5.381,0
2026-03-10 22:23:00,73.51,2.889,5.455,0
2026-03-10 22:24:00,73.76,2.784,5.672,0
2026-03-10 22:25:00,74.16,2.962,5.605,0
2026-03-10 22:26:00,73.62,2.978,5.46,1
2026-03-10 22:27:00,73.39,3.222,5.656,0
2026-03-10 22:28:00,74.87,2.632,5.507,0
2026-03-10 22:29:00,75.05,2.837,5.319,0
2026-03-10 22:30:00,75.46,2.941,5.264,0
2026-03-10 22:31:00,74.72,2.351,5.412,1
2026-03-10 22:32:00,75.15,2.453,5.61,0
2026-03-10 22:33:00,75.31,2.846,5.111,0
2026-03-10 22:34:00,75.58,2.68,5.434,0
2026-03-10 22:35:00,75.41,2.581,5.393,0
2026-03-10 22:36:00,74.87,2.723,5.347,0
2026-03-10 22:37:00,75.26,2.235,5.34,0
2026-03-10 22:38:00,74.76,2.394,5.378,0
2026-03-10 22:39:00,74.4,2.9,5.154,0
2026-03-10 22:40:00,74.3,2.833,5.397,0
2026-03-10 22:41:00,73.97,2.901,5.1,0
2026-03-10 22:42:00,73.42,2.522,5.262,0
2026-03-10 22:43:00,73.64,2.608,5.41,0
2026-03-10 22:44:00,73.4,2.613,5.547,0
2026-03-10 22:45:00,73.8,2.713,5.375,0
2026-03-10 22:46:00,73.82,2.938,5.37,0
2026-03-10 22:47:00,73.92,2.497,5.188,0
2026-03-10 22:48:00,73.55,3.087,5.251,0
2026-03-10 22:49:00,73.48,2.672,5.587,0
2026-03-10 22:50:00,73.66,2.859,5.269,0
2026-03-10 22:51:00,72.59,2.921,5.603,0
2026-03-10 22:52:00,73.3,2.843,5.499,0
2026-03-10 22:53:00,73.33,2.788,5.596,0
2026-03-10 22:54:00,72.43,2.627,5.283,0
2026-03-10 22:55:00,72.78,2.754,5.306,0
2026-03-10 22:56:00,73.12,2.919,5.627,0
2026-03-10 22:57:00,72.86,2.239,5.455,0
2026-03-10 22:58:00,73.07,2.954,5.193,0
2026-03-10 22:59:00,73.61,2.673,5.644,0
2026-03-10 23:00:00,72.73,2.899,5.139,0
2026-03-10 23:01:00,72.27,2.814,5.63,0
2026-03-10 23:02:00,72.44,2.854,5.279,0
2026-03-10 23:03:00,71.91,2.311,5.442,0
2026-03-10 23:04:00,72.54,2.481,5.17,0
2026-03-10 23:05:00,72.63,2.626,5.41,0
2026-03-10 23:06:00,72.08,2.462,5.363,0
2026-03-10 23:07:00,70.66,2.543,5.303,0
2026-03-10 23:08:00,71.3,2.419,5.282,0
2026-03-10 23:09:00,71.13,2.488,5.009,0
2026-03-10 23:10:00,71.84,2.466,5.613,0
2026-03-10 23:11:00,72.06,2.413,5.415,0
2026-03-10 23:12:00,72.75,2.897,5.639,0
2026-03-10 23:13:00,71.6,2.747,5.405,0
2026-03-10 23:14:00,71.34,2.471,5.207,0
2026-03-10 23:15:00,71.94,2.762,5.488,0
2026-03-10 23:16:00,72.18,2.839,5.369,0
2026-03-10 23:17:00,72.14,2.454,5.446,0
2026-03-10 23:18:00,72.1,2.552,5.55,0
2026-03-10 23:19:00,72.05,2.199,5.414,0
2026-03-10 23:20:00,72.5,2.78,5.452,0
2026-03-10 23:21:00,72.23,2.813,5.347,0
2026-03-10 23:22:00,72.71,2.825,5.224,0
2026-03-10 23:23:00,71.56,2.408,5.311,0
2026-03-10 23:24:00,71.44,2.938,5.167,0
2026-03-10 23:25:00,71.56,3.09,5.142,0
2026-03-10 23:26:00,71.8,2.518,5.211,0
2026-03-10 23:27:00,71.99,2.567,5.244,0
2026-03-10 23:28:00,72.4,2.374,5.411,1
2026-03-10 23:29:00,72.23,3.008,5.376,0
2026-03-10 23:30:00,71.54,2.369,5.415,0
2026-03-10 23:31:00,72.19,3.074,5.257,0
2026-03-10 23:32:00,71.19,2.632,5.229,0
2026-03-10 23:33:00,71.54,2.662,5.29,0
2026-03-10 23:34:00,71.21,2.559,5.255,0
2026-03-10 23:35:00,71.61,2.828,5.278,0
2026-03-10 23:36:00,71.03,2.434,5.312,0
2026-03-10 23:37:00,71.88,2.802,5.009,0
2026-03-10 23:38:00,72.11,2.531,5.132,0
2026-03-10 23:39:00,71.77,2.618,5.246,0
2026-03-10 23:40:00,71.86,2.794,5.253,0
2026-03-10 23:41:00,70.73,2.726,5.349,0
2026-03-10 23:42:00,71.42,2.705,5.358,0
2026-03-10 23:43:00,71.78,2.347,5.297,0
2026-03-10 23:44:00,71.59,2.657,5.329,0
2026-03-10 23:45:00,72.7,2.686,5.392,0
2026-03-10 23:46:00,72.06,2.473,5.26,0
2026-03-10 23:47:00,72.44,2.628,5.29,0
2026-03-10 23:48:00,72.36,2.701,5.093,0
2026-03-10 23:49:00,73.51,2.579,5.273,0
2026-03-10 23:50:00,72.64,2.513,5.379,0
2026-03-10 23:51:00,71.92,2.316,5.313,0
2026-03-10 23:52:00,72.44,2.574,5.459,0
2026-03-10 23:53:00,72.17,2.879,5.276,0
2026-03-10 23:54:00,72.17,2.446,5.207,0
2026-03-10 23:55:00,72.04,2.619,5.484,0
2026-03-10 23:56:00,72.23,2.613,5.482,0
2026-03-10 23:57:00,71.58,2.838,5.155,0
2026-03-10 23:58:00,71.67,2.53,5.374,0
2026-03-10 23:59:00,71.35,2.814,5.47,0
2026-03-11 00:00:00,71.3,2.174,5.069,0
2026-03-11 00:01:00,71.74,2.17,5.344,0
2026-03-11 00:02:00,71.86,2.351,5.077,0
2026-03-11 00:03:00,70.98,2.608,5.311,0
2026-03-11 00:04:00,71.49,2.438,5.104,0
2026-03-11 00:05:00,70.88,2.486,5.128,0
2026-03-11 00:06:00,71.36,2.792,5.1,0
2026-03-11 00:07:00,71.09,2.384,5.358,0
2026-03-11 00:08:00,72.25,2.517,4.994,0
2026-03-11 00:09:00,72.61,2.373,5.176,0
2026-03-11 00:10:00,72.21,2.717,5.204,0
2026-03-11 00:11:00,72.23,2.504,5.388,1
2026-03-11 00:12:00,72.19,2.64,5.335,0
2026-03-11 00:13:00,72.71,2.597,5.36,0
2026-03-11 00:14:00,72.81,2.518,5.272,0
2026-03-11 00:15:00,71.85,2.396,5.149,0
2026-03-11 00:16:00,72.67,2.651,4.935,0
2026-03-11 00:17:00,72.37,2.356,5.195,0
2026-03-11 00:18:00,71.41,2.569,5.001,0
2026-03-11 00:19:00,71.73,2.65,5.225,0
2026-03-11 00:20:00,71.04,2.763,5.376,0
2026-03-11 00:21:00,71.26,2.436,5.377,0
2026-03-11 00:22:00,71.12,2.64,5.211,0
2026-03-11 00:23:00,71.87,2.359,5.318,0
2026-03-11 00:24:00,71.27,2.504,5.151,0
2026-03-11 00:25:00,71.16,2.649,5.211,0
2026-03-11 00:26:00,71.65,3.376,5.465,0
2026-03-11 00:27:00,71.34,2.819,5.344,0
2026-03-11 00:28:00,71.52,2.421,5.174,0
2026-03-11 00:29:00,71.05,2.732,5.075,0
2026-03-11 00:30:00,71.35,2.314,4.993,0
2026-03-11 00:31:00,71.39,2.128,5.324,0
2026-03-11 00:32:00,70.57,2.799,5.307,0
2026-03-11 00:33:00,71.54,2.434,5.242,0
2026-03-11 00:34:00,70.94,2.36,5.434,0
2026-03-11 00:35:00,71.34,2.457,5.262,0
2026-03-11 00:36:00,71.54,2.626,5.31,0
2026-03-11 00:37:00,71.13,2.6,5.309,0
2026-03-11 00:38:00,72.09,2.553,5.166,0
2026-03-11 00:39:00,70.69,2.271,5.157,0
2026-03-11 00:40:00,71.63,2.442,5.497,0
2026-03-11 00:41:00,71.4,3.028,5.153,0
2026-03-11 00:42:00,71.54,2.739,5.286,0
2026-03-11 00:43:00,71.34,2.6,5.213,0
2026-03-11 00:44:00,70.37,2.521,5.193,0
2026-03-11 00:45:00,70.78,2.483,5.103,0
2026-03-11 00:46:00,70.79,2.334,5.493,0
2026-03-11 00:47:00,70.3,2.384,5.374,0
2026-03-11 00:48:00,71.36,2.658,5.061,0
2026-03-11 00:49:00,70.39,2.755,5.093,0
2026-03-11 00:50:00,70.39,2.612,5.503,0
2026-03-11 00:51:00,70.15,2.305,5.336,0
2026-03-11 00:52:00,70.01,2.427,5.271,0
2026-03-11 00:53:00,69.6,2.548,5.43,0
2026-03-11 00:54:00,70.69,2.87,5.285,0
2026-03-11 00:55:00,71.16,2.548,5.037,0
2026-03-11 00:56:00,70.65,2.383,5.281,0
2026-03-11 00:57:00,70.72,2.486,5.348,0
2026-03-11 00:58:00,70.65,2.325,5.305,0
2026-03-11 00:59:00,70.44,2.43,5.263,0
2026-03-11 01:00:00,70.4,2.728,5.513,0
2026-03-11 01:01:00,70.59,2.302,5.434,0
2026-03-11 01:02:00,70.59,2.455,5.312,0
2026-03-11 01:03:00,70.94,3.138,5.21,0
2026-03-11 01:04:00,70.74,2.658,5.073,0
2026-03-11 01:05:00,70.83,2.387,5.324,0
2026-03-11 01:06:00,70.85,2.721,5.111,0
2026-03-11 01:07:00,70.81,2.918,5.293,0
2026-03-11 01:08:00,70.51,2.221,5.283,0
2026-03-11 01:09:00,70.58,2.164,5.256,0
2026-03-11 01:10:00,71.69,3.111,5.365,1
2026-03-11 01:11:00,72.01,3.012,5.045,0
2026-03-11 01:12:00,71.65,2.637,5.432,0
2026-03-11 01:13:00,71.09,2.245,5.203,0
2026-03-11 01:14:00,71.19,2.63,5.249,0
2026-03-11 01:15:00,71.72,2.458,5.291,0
2026-03-11 01:16:00,71.38,2.606,5.349,0
2026-03-11 01:17:00,71.38,2.758,5.174,0
2026-03-11 01:18:00,70.64,2.497,5.003,0
2026-03-11 01:19:00,71.26,2.643,5.004,0
2026-03-11 01:20:00,71.47,2.285,5.335,0
2026-03-11 01:21:00,71.38,2.38,5.148,0
2026-03-11 01:22:00,71.37,2.757,5.103,0
2026-03-11 01:23:00,71.0,2.299,5.263,0
2026-03-11 01:24:00,71.21,2.718,5.479,0
2026-03-11 01:25:00,71.2,2.433,4.989,0
2026-03-11 01:26:00,70.6,2.269,5.416,0
2026-03-11 01:27:00,70.84,2.483,4.957,0
2026-03-11 01:28:00,70.92,2.366,5.059,0
2026-03-11 01:29:00,69.99,2.628,5.057,0
2026-03-11 01:30:00,69.62,1.807,5.213,0
2026-03-11 01:31:00,68.72,2.199,4.962,0
2026-03-11 01:32:00,68.81,2.39,4.959,0
2026-03-11 01:33:00,67.98,2.493,5.264,0
2026-03-11 01:34:00,69.26,2.402,5.179,0
2026-03-11 01:35:00,69.04,2.293,5.036,0
2026-03-11 01:36:00,69.81,2.207,4.974,0
2026-03-11 01:37:00,69.5,2.472,5.302,0
2026-03-11 01:38:00,69.36,2.578,5.079,0
2026-03-11 01:39:00,69.8,2.574,5.07,0
2026-03-11 01:40:00,70.3,2.385,5.158,0
2026-03-11 01:41:00,69.49,2.254,5.31,0
2026-03-11 01:42:00,70.3,2.377,5.16,0
2026-03-11 01:43:00,69.72,2.312,5.267,0
2026-03-11 01:44:00,70.2,2.191,5.07,0
2026-03-11 01:45:00,69.62,2.812,5.265,0
2026-03-11 01:46:00,69.78,2.582,5.451,0
2026-03-11 01:47:00,69.34,2.394,5.167,0
2026-03-11 01:48:00,69.34,2.486,5.202,0
2026-03-11 01:49:00,69.66,2.345,5.337,0
2026-03-11 01:50:00,69.62,2.656,5.307,0
2026-03-11 01:51:00,70.15,2.401,5.289,0
2026-03-11 01:52:00,70.9,2.393,5.334,0
2026-03-11 01:53:00,71.07,2.345,5.128,0
2026-03-11 01:54:00,71.51,2.572,5.343,0
2026-03-11 01:55:00,71.77,2.661,5.219,0
2026-03-11 01:56:00,71.27,2.496,5.277,1
2026-03-11 01:57:00,70.46,2.764,5.333,0
2026-03-11 01:58:00,71.09,2.728,5.371,0
2026-03-11 01:59:00,71.39,2.248,5.21,0
2026-03-11 02:00:00,71.7,2.562,5.437,0
2026-03-11 02:01:00,72.16,2.314,5.326,0
2026-03-11 02:02:00,70.64,2.444,5.172,0
2026-03-11 02:03:00,71.65,2.368,5.377,0
2026-03-11 02:04:00,71.69,2.777,5.554,0
2026-03-11 02:05:00,72.94,2.785,5.349,0
2026-03-11 02:06:00,71.9,2.566,5.588,0
2026-03-11 02:07:00,71.22,2.668,5.218,0
2026-03-11 02:08:00,71.93,2.831,5.609,0
2026-03-11 02:09:00,71.82,2.554,5.404,0
2026-03-11 02:10:00,72.29,2.871,5.238,0
2026-03-11 02:11:00,72.84,2.948,5.437,0
2026-03-11 02:12:00,73.14,2.947,5.345,0
2026-03-11 02:13:00,73.71,2.666,5.328,0
2026-03-11 02:14:00,74.31,2.953,5.55,0
2026-03-11 02:15:00,73.45,2.54,5.359,0
2026-03-11 02:16:00,74.11,2.643,5.356,0
2026-03-11 02:17:00,73.16,2.582,5.412,0
2026-03-11 02:18:00,73.06,2.75,5.297,0
2026-03-11 02:19:00,73.12,2.542,5.516,0
2026-03-11 02:20:00,72.73,2.813,5.426,0
2026-03-11 02:21:00,72.98,2.54,5.494,0
2026-03-11 02:22:00,73.98,2.712,5.957,0
2026-03-11 02:23:00,73.79,3.226,5.27,0
2026-03-11 02:24:00,73.78,2.596,5.347,0
2026-03-11 02:25:00,73.11,2.71,5.177,0
2026-03-11 02:26:00,72.59,2.339,5.5,0
2026-03-11 02:27:00,72.25,2.928,5.547,0
2026-03-11 02:28:00,72.89,2.76,5.342,0
2026-03-11 02:29:00,72.24,2.539,5.437,0
2026-03-11 02:30:00,71.97,2.626,5.478,0
2026-03-11 02:31:00,72.38,2.792,5.19,0
2026-03-11 02:32:00,71.46,3.025,5.361,0
2026-03-11 02:33:00,72.31,2.605,5.549,0
2026-03-11 02:34:00,71.69,2.792,5.347,0
2026-03-11 02:35:00,71.41,3.069,5.504,0
2026-03-11 02:36:00,72.03,2.682,5.47,0
2026-03-11 02:37:00,71.83,2.935,5.533,0
2026-03-11 02:38:00,72.21,2.742,5.4,0
2026-03-11 02:39:00,71.64,2.784,5.422,0
2026-03-11 02:40:00,71.58,2.583,5.3,0
2026-03-11 02:41:00,71.98,2.849,5.229,0
2026-03-11 02:42:00,72.85,2.665,5.424,0
2026-03-11 02:43:00,72.91,2.947,5.396,0
2026-03-11 02:44:00,72.36,2.555,5.572,0
2026-03-11 02:45:00,72.86,2.814,5.083,0
2026-03-11 02:46:00,73.16,2.759,5.251,0
2026-03-11 02:47:00,73.03,3.034,5.468,0
2026-03-11 02:48:00,72.57,2.619,5.356,0
2026-03-11 02:49:00,72.58,2.581,5.447,0
2026-03-11 02:50:00,72.6,2.586,5.201,0
2026-03-11 02:51:00,72.54,4.926,5.14,0
2026-03-11 02:52:00,72.69,2.713,5.26,0
2026-03-11 02:53:00,72.15,2.551,5.31,0
2026-03-11 02:54:00,72.35,2.572,5.092,0
2026-03-11 02:55:00,72.49,2.583,5.291,0
2026-03-11 02:56:00,72.34,2.453,5.392,0
2026-03-11 02:57:00,72.95,2.703,5.207,0
2026-03-11 02:58:00,72.29,2.669,5.184,0
2026-03-11 02:59:00,72.26,2.532,5.24,0
2026-03-11 03:00:00,71.99,2.797,5.299,0
2026-03-11 03:01:00,71.28,2.453,5.278,0
2026-03-11 03:02:00,70.56,2.34,5.126,0
2026-03-11 03:03:00,70.34,2.254,5.116,0
2026-03-11 03:04:00,70.08,2.388,5.151,0
2026-03-11 03:05:00,70.13,2.597,5.217,0
2026-03-11 03:06:00,70.3,2.283,4.783,0
2026-03-11 03:07:00,70.56,2.532,5.382,0
2026-03-11 03:08:00,71.32,2.415,5.109,0
2026-03-11 03:09:00,69.9,2.592,5.281,0
2026-03-11 03:10:00,70.27,2.51,5.274,0
2026-03-11 03:11:00,70.88,2.624,5.254,0
2026-03-11 03:12:00,70.35,2.776,5.51,0
2026-03-11 03:13:00,70.59,2.521,5.1,0
2026-03-11 03:14:00,69.82,2.341,5.368,0
2026-03-11 03:15:00,70.41,2.518,5.367,0
2026-03-11 03:16:00,70.32,2.45,5.392,0
2026-03-11 03:17:00,70.02,2.112,5.279,0
2026-03-11 03:18:00,70.71,2.609,5.241,0
2026-03-11 03:19:00,70.78,2.739,5.37,0
2026-03-11 03:20:00,70.89,2.552,5.256,0
2026-03-11 03:21:00,70.84,2.243,5.237,0
2026-03-11 03:22:00,70.86,2.184,5.434,0
2026-03-11 03:23:00,71.73,2.571,5.234,0
2026-03-11 03:24:00,71.17,2.265,5.132,0
2026-03-11 03:25:00,70.83,2.754,5.248,0
2026-03-11 03:26:00,70.17,2.225,4.951,0
2026-03-11 03:27:00,70.9,2.428,5.177,0
2026-03-11 03:28:00,70.84,2.652,5.072,0
2026-03-11 03:29:00,70.97,2.881,5.268,0
2026-03-11 03:30:00,70.8,2.652,5.123,0
2026-03-11 03:31:00,70.81,2.226,5.344,0
2026-03-11 03:32:00,70.19,2.22,5.025,0
2026-03-11 03:33:00,70.18,2.28,5.152,0
2026-03-11 03:34:00,69.17,2.408,4.92,0
2026-03-11 03:35:00,70.01,2.335,5.196,0
2026-03-11 03:36:00,69.67,2.314,5.325,0
2026-03-11 03:37:00,69.84,2.599,5.131,0
2026-03-11 03:38:00,70.34,2.44,5.129,0
2026-03-11 03:39:00,69.99,2.209,5.177,0
2026-03-11 03:40:00,69.35,2.407,5.218,0
2026-03-11 03:41:00,69.06,2.134,5.232,0
2026-03-11 03:42:00,69.77,2.367,5.157,0
2026-03-11 03:43:00,69.73,2.153,5.159,0
2026-03-11 03:44:00,69.82,2.585,5.046,0
2026-03-11 03:45:00,69.81,2.013,5.157,0
2026-03-11 03:46:00,69.31,2.139,5.314,0
2026-03-11 03:47:00,69.51,2.191,5.121,0
2026-03-11 03:48:00,69.57,2.432,5.145,0
2026-03-11 03:49:00,69.44,2.669,5.297,0
2026-03-11 03:50:00,69.87,2.567,5.125,0
2026-03-11 03:51:00,69.78,2.274,5.198,0
2026-03-11 03:52:00,69.35,2.695,5.088,0
2026-03-11 03:53:00,68.89,2.451,5.388,0
2026-03-11 03:54:00,68.37,2.264,4.947,0
2026-03-11 03:55:00,68.96,2.483,5.51,0
2026-03-11 03:56:00,69.68,2.459,5.113,0
2026-03-11 03:57:00,69.74,2.271,5.304,0
2026-03-11 03:58:00,69.76,2.646,5.159,0
2026-03-11 03:59:00,70.28,2.517,5.07,0
2026-03-11 04:00:00,70.29,2.41,5.253,0
2026-03-11 04:01:00,70.72,2.425,5.304,0
2026-03-11 04:02:00,70.91,2.554,5.358,0
2026-03-11 04:03:00,70.97,2.331,5.263,0
2026-03-11 04:04:00,70.8,2.233,5.164,0
2026-03-11 04:05:00,71.26,2.809,5.393,0
2026-03-11 04:06:00,70.5,2.431,5.413,0
2026-03-11 04:07:00,70.7,2.755,5.331,0
2026-03-11 04:08:00,71.38,2.762,5.149,0
2026-03-11 04:09:00,70.95,2.559,5.183,0
2026-03-11 04:10:00,71.98,2.329,5.193,0
2026-03-11 04:11:00,71.28,2.429,5.202,0
2026-03-11 04:12:00,71.32,2.688,5.483,0
2026-03-11 04:13:00,71.52,2.764,5.106,0
2026-03-11 04:14:00,71.02,2.658,5.105,0
2026-03-11 04:15:00,70.64,2.53,5.26,0
2026-03-11 04:16:00,71.18,2.41,5.214,0
2026-03-11 04:17:00,70.95,2.423,5.386,0
2026-03-11 04:18:00,71.48,2.32,5.252,0
2026-03-11 04:19:00,70.69,2.902,5.131,0
2026-03-11 04:20:00,70.86,2.288,5.355,0
2026-03-11 04:21:00,71.33,2.574,5.218,0
2026-03-11 04:22:00,71.35,2.405,5.243,0
2026-03-11 04:23:00,71.94,2.46,5.252,0
2026-03-11 04:24:00,71.62,3.036,5.318,0
2026-03-11 04:25:00,72.08,2.408,5.313,0
2026-03-11 04:26:00,71.72,2.552,5.13,1
2026-03-11 04:27:00,71.98,2.985,5.281,0
2026-03-11 04:28:00,72.46,2.873,5.343,0
2026-03-11 04:29:00,71.98,2.914,5.183,0
2026-03-11 04:30:00,71.9,2.615,5.204,0
2026-03-11 04:31:00,71.33,2.296,5.126,0
2026-03-11 04:32:00,71.94,2.786,5.107,0
2026-03-11 04:33:00,71.71,2.301,5.257,0
2026-03-11 04:34:00,71.3,2.324,5.422,0
2026-03-11 04:35:00,71.95,2.356,4.934,0
2026-03-11 04:36:00,71.19,2.712,5.276,0
2026-03-11 04:37:00,71.75,2.555,5.157,0
2026-03-11 04:38:00,72.36,2.439,5.323,0
2026-03-11 04:39:00,72.2,2.373,5.199,0
2026-03-11 04:40:00,71.89,2.795,5.334,0
2026-03-11 04:41:00,72.09,2.595,5.357,0
2026-03-11 04:42:00,72.1,2.704,5.349,0
2026-03-11 04:43:00,71.92,2.234,5.181,0
2026-03-11 04:44:00,71.72,2.505,5.144,0
2026-03-11 04:45:00,70.97,2.488,5.486,0
2026-03-11 04:46:00,71.04,2.744,5.325,0
2026-03-11 04:47:00,71.65,2.907,5.159,0
2026-03-11 04:48:00,72.16,2.66,5.337,0
2026-03-11 04:49:00,71.6,2.528,5.243,0
2026-03-11 04:50:00,70.96,2.33,5.045,0
2026-03-11 04:51:00,71.17,2.196,5.38,0
2026-03-11 04:52:00,70.76,2.508,5.08,0
2026-03-11 04:53:00,71.47,2.558,5.184,0
2026-03-11 04:54:00,71.83,2.443,5.431,0
2026-03-11 04:55:00,71.73,2.231,5.198,0
2026-03-11 04:56:00,71.87,3.117,5.193,0
2026-03-11 04:57:00,71.4,2.496,5.323,0
2026-03-11 04:58:00,72.42,2.424,5.077,0
2026-03-11 04:59:00,71.53,2.607,5.295,0
2026-03-11 05:00:00,72.36,2.677,5.165,0
2026-03-11 05:01:00,72.24,2.377,5.385,0
2026-03-11 05:02:00,72.59,2.467,5.266,0
2026-03-11 05:03:00,72.68,2.834,5.383,0
2026-03-11 05:04:00,73.26,2.545,5.281,0
2026-03-11 05:05:00,72.73,2.696,5.207,0
2026-03-11 05:06:00,72.96,2.761,5.197,0
2026-03-11 05:07:00,72.95,2.643,5.358,0
2026-03-11 05:08:00,72.43,2.728,5.307,0
2026-03-11 05:09:00,73.27,2.584,5.265,0
2026-03-11 05:10:00,72.24,2.651,5.235,0
2026-03-11 05:11:00,72.83,2.59,5.194,0
2026-03-11 05:12:00,72.27,2.321,5.327,0
2026-03-11 05:13:00,72.39,2.748,5.085,0
2026-03-11 05:14:00,73.21,2.657,5.33,0
2026-03-11 05:15:00,72.69,2.678,5.373,0
2026-03-11 05:16:00,72.99,2.74,5.12,0
2026-03-11 05:17:00,73.75,2.663,5.127,0
2026-03-11 05:18:00,73.56,2.891,5.248,0
2026-03-11 05:19:00,74.52,2.954,5.019,0
2026-03-11 05:20:00,73.89,2.858,5.525,0
2026-03-11 05:21:00,73.68,2.861,5.199,0
2026-03-11 05:22:00,74.4,2.67,5.33,0
2026-03-11 05:23:00,74.03,2.654,5.377,0
2026-03-11 05:24:00,73.06,3.113,5.284,0
2026-03-11 05:25:00,73.46,3.071,5.18,0
2026-03-11 05:26:00,73.59,2.391,5.229,0
2026-03-11 05:27:00,73.95,2.813,5.412,0
2026-03-11 05:28:00,73.07,2.947,5.218,0
2026-03-11 05:29:00,72.79,2.436,5.376,0
2026-03-11 05:30:00,72.4,3.036,5.323,0
2026-03-11 05:31:00,72.41,2.623,5.321,0
2026-03-11 05:32:00,72.46,3.014,4.986,0
2026-03-11 05:33:00,72.46,2.772,5.319,1
2026-03-11 05:34:00,72.3,2.817,5.238,0
2026-03-11 05:35:00,71.79,2.506,5.35,0
2026-03-11 05:36:00,71.35,2.712,5.381,0
2026-03-11 05:37:00,70.53,2.419,5.192,0
2026-03-11 05:38:00,71.12,2.641,5.315,0
2026-03-11 05:39:00,71.3,2.241,5.004,0
2026-03-11 05:40:00,71.11,2.448,5.08,0
2026-03-11 05:41:00,71.41,2.333,5.062,0
2026-03-11 05:42:00,71.9,2.779,4.879,0
2026-03-11 05:43:00,71.61,2.52,5.118,0
2026-03-11 05:44:00,72.3,2.405,5.296,0
2026-03-11 05:45:00,71.63,2.347,5.255,0
2026-03-11 05:46:00,71.03,2.451,5.007,0
2026-03-11 05:47:00,71.51,2.488,5.229,0
2026-03-11 05:48:00,71.12,2.859,5.089,0
2026-03-11 05:49:00,71.6,2.401,5.064,0
2026-03-11 05:50:00,71.39,2.706,5.51,0
2026-03-11 05:51:00,71.06,2.702,5.381,0
2026-03-11 05:52:00,71.12,2.891,5.452,0
2026-03-11 05:53:00,72.07,2.494,5.427,0
2026-03-11 05:54:00,71.98,2.625,5.488,0
2026-03-11 05:55:00,71.72,2.585,5.234,0
2026-03-11 05:56:00,71.41,2.45,5.207,0
2026-03-11 05:57:00,71.67,2.775,5.494,0
2026-03-11 05:58:00,71.77,2.493,5.369,0
2026-03-11 05:59:00,71.66,2.597,5.357,0
2026-03-11 06:00:00,71.87,2.879,5.232,0
2026-03-11 06:01:00,72.05,3.199,5.295,0
2026-03-11 06:02:00,72.76,2.492,5.467,0
2026-03-11 06:03:00,72.34,2.79,5.272,0
2026-03-11 06:04:00,71.58,2.563,5.069,0
2026-03-11 06:05:00,71.88,2.672,5.224,0
2026-03-11 06:06:00,71.81,2.952,5.419,0
2026-03-11 06:07:00,71.66,2.57,5.429,0
2026-03-11 06:08:00,71.56,2.534,5.477,0
2026-03-11 06:09:00,71.46,2.352,5.371,0
2026-03-11 06:10:00,71.67,2.83,5.472,0
2026-03-11 06:11:00,71.55,2.278,5.208,0
2026-03-11 06:12:00,72.06,2.649,5.284,0
2026-03-11 06:13:00,71.5,2.492,5.436,0
2026-03-11 06:14:00,71.79,2.245,5.341,0
2026-03-11 06:15:00,72.53,2.517,5.259,0
2026-03-11 06:16:00,72.93,2.344,5.117,0
2026-03-11 06:17:00,71.88,2.371,5.403,0
2026-03-11 06:18:00,71.49,2.173,5.388,0
2026-03-11 06:19:00,72.42,2.139,5.247,0
2026-03-11 06:20:00,72.2,2.569,5.241,0
2026-03-11 06:21:00,71.84,2.543,4.952,0
2026-03-11 06:22:00,71.25,2.401,5.287,0
2026-03-11 06:23:00,71.19,2.836,5.366,0
2026-03-11 06:24:00,71.99,2.702,5.213,0
2026-03-11 06:25:00,72.27,2.337,5.323,0
2026-03-11 06:26:00,73.16,2.507,5.33,0
2026-03-11 06:27:00,72.61,2.597,5.423,0
2026-03-11 06:28:00,72.61,2.464,5.327,0
2026-03-11 06:29:00,72.53,2.807,5.458,0
2026-03-11 06:30:00,72.67,2.702,5.548,0
2026-03-11 06:31:00,72.44,2.584,5.34,0
2026-03-11 06:32:00,72.91,2.467,5.366,0
2026-03-11 06:33:00,73.3,2.761,5.336,0
2026-03-11 06:34:00,73.03,2.408,5.181,0
2026-03-11 06:35:00,72.98,2.502,5.278,0
2026-03-11 06:36:00,73.15,2.659,5.333,0
2026-03-11 06:37:00,73.04,2.345,5.287,0
2026-03-11 06:38:00,72.47,2.365,5.387,0
2026-03-11 06:39:00,72.91,2.137,5.21,0
2026-03-11 06:40:00,72.32,2.138,5.619,0
2026-03-11 06:41:00,71.53,2.174,5.338,0
2026-03-11 06:42:00,71.36,2.26,5.323,0
2026-03-11 06:43:00,71.5,2.399,4.993,0
2026-03-11 06:44:00,71.96,2.225,5.156,0
2026-03-11 06:45:00,72.25,2.533,5.37,0
2026-03-11 06:46:00,72.34,2.583,5.142,0
2026-03-11 06:47:00,72.03,2.501,5.398,0
2026-03-11 06:48:00,71.05,2.303,5.261,0
2026-03-11 06:49:00,71.11,2.17,5.519,0
2026-03-11 06:50:00,71.32,2.471,5.426,0
2026-03-11 06:51:00,70.46,2.381,5.295,0
2026-03-11 06:52:00,70.43,2.196,5.147,0
2026-03-11 06:53:00,70.83,2.567,5.268,0
2026-03-11 06:54:00,69.98,2.408,5.185,0
2026-03-11 06:55:00,70.21,2.838,5.395,0
2026-03-11 06:56:00,70.99,2.646,5.22,0
2026-03-11 06:57:00,71.17,2.614,5.404,0
2026-03-11 06:58:00,70.11,2.561,5.279,0
2026-03-11 06:59:00,71.14,2.522,5.152,0
2026-03-11 07:00:00,70.59,2.864,5.26,0
2026-03-11 07:01:00,70.32,2.644,5.274,0
2026-03-11 07:02:00,70.53,2.859,5.067,0
2026-03-11 07:03:00,71.05,2.471,5.286,0
2026-03-11 07:04:00,71.02,2.562,5.492,0
2026-03-11 07:05:00,71.39,2.398,5.277,0
2026-03-11 07:06:00,71.1,2.697,5.285,0
2026-03-11 07:07:00,70.66,2.62,5.409,0
2026-03-11 07:08:00,70.84,2.284,5.18,0
2026-03-11 07:09:00,71.5,2.442,5.299,0
2026-03-11 07:10:00,71.6,2.658,5.36,0
2026-03-11 07:11:00,72.32,2.648,5.145,0
2026-03-11 07:12:00,72.8,2.702,5.2,0
2026-03-11 07:13:00,72.3,2.78,5.371,0
2026-03-11 07:14:00,72.13,2.595,5.181,0
2026-03-11 07:15:00,72.53,2.622,5.236,0
2026-03-11 07:16:00,73.49,2.708,5.373,0
2026-03-11 07:17:00,72.96,2.733,5.042,0
2026-03-11 07:18:00,72.53,2.561,5.328,0
2026-03-11 07:19:00,72.58,3.129,5.268,0
2026-03-11 07:20:00,71.97,2.346,5.499,0
2026-03-11 07:21:00,72.4,3.09,5.48,0
2026-03-11 07:22:00,71.72,2.513,5.281,0
2026-03-11 07:23:00,72.34,2.779,5.313,0
2026-03-11 07:24:00,72.48,2.73,5.493,0
2026-03-11 07:25:00,72.21,2.802,5.472,0
2026-03-11 07:26:00,73.03,2.824,5.525,0
2026-03-11 07:27:00,72.95,2.91,5.653,0
2026-03-11 07:28:00,73.28,2.823,5.415,0
2026-03-11 07:29:00,73.01,2.362,5.33,0
2026-03-11 07:30:00,73.57,3.104,5.571,0
2026-03-11 07:31:00,73.9,2.612,5.2,0
2026-03-11 07:32:00,73.52,2.714,5.325,0
2026-03-11 07:33:00,73.5,2.7,5.432,0
2026-03-11 07:34:00,73.49,2.629,5.517,0
2026-03-11 07:35:00,72.57,2.583,5.414,0
2026-03-11 07:36:00,73.37,2.848,5.499,0
2026-03-11 07:37:00,73.45,2.731,5.55,0
2026-03-11 07:38:00,73.27,2.561,5.502,0
2026-03-11 07:39:00,73.15,2.761,5.388,0
2026-03-11 07:40:00,73.01,2.423,5.356,0
2026-03-11 07:41:00,72.68,3.291,5.471,0
2026-03-11 07:42:00,72.69,3.036,5.431,0
2026-03-11 07:43:00,72.54,2.727,5.452,0
2026-03-11 07:44:00,73.17,2.988,5.332,0
2026-03-11 07:45:00,73.46,2.543,5.301,0
2026-03-11 07:46:00,73.61,3.38,5.566,0
2026-03-11 07:47:00,73.98,2.734,5.158,0
2026-03-11 07:48:00,74.05,2.688,5.563,0
2026-03-11 07:49:00,74.19,3.156,5.438,0
2026-03-11 07:50:00,73.99,2.889,5.465,0
2026-03-11 07:51:00,73.83,2.58,5.477,0
2026-03-11 07:52:00,73.76,2.529,5.585,0
2026-03-11 07:53:00,73.35,2.858,5.872,0
2026-03-11 07:54:00,73.71,3.091,5.441,0
2026-03-11 07:55:00,73.59,3.209,5.536,0
2026-03-11 07:56:00,73.77,2.981,5.636,0
2026-03-11 07:57:00,74.14,3.141,5.589,0
2026-03-11 07:58:00,74.81,2.719,5.641,0
2026-03-11 07:59:00,74.61,3.326,5.713,0
2026-03-11 08:00:00,74.57,3.215,5.517,0
2026-03-11 08:01:00,75.1,2.924,5.546,0
2026-03-11 08:02:00,74.62,3.056,5.626,0
2026-03-11 08:03:00,73.88,3.072,5.564,0
2026-03-11 08:04:00,74.82,3.499,5.47,0
2026-03-11 08:05:00,75.79,3.459,5.624,0
2026-03-11 08:06:00,75.45,2.862,5.682,0
2026-03-11 08:07:00,74.82,3.172,5.444,1
2026-03-11 08:08:00,74.91,2.71,5.721,0
2026-03-11 08:09:00,75.45,3.11,5.802,0
2026-03-11 08:10:00,75.31,2.973,5.622,0
2026-03-11 08:11:00,74.73,2.75,5.537,0
2026-03-11 08:12:00,75.42,2.694,5.588,0
2026-03-11 08:13:00,75.68,2.755,5.618,0
2026-03-11 08:14:00,76.21,2.819,5.445,0
2026-03-11 08:15:00,75.92,3.036,5.571,0
2026-03-11 08:16:00,76.96,3.034,5.604,0
2026-03-11 08:17:00,76.63,3.168,5.54,0
2026-03-11 08:18:00,76.43,2.791,5.778,0
2026-03-11 08:19:00,75.73,3.12,5.347,0
2026-03-11 08:20:00,75.07,2.868,5.503,0
2026-03-11 08:21:00,75.77,3.208,5.567,0
2026-03-11 08:22:00,75.66,2.912,5.443,0
2026-03-11 08:23:00,75.6,2.972,5.444,0
2026-03-11 08:24:00,75.77,3.161,5.486,0
2026-03-11 08:25:00,75.97,3.139,5.55,0
2026-03-11 08:26:00,74.89,2.802,5.519,0
2026-03-11 08:27:00,74.92,2.899,5.286,1
2026-03-11 08:28:00,74.52,2.946,5.473,0
2026-03-11 08:29:00,74.82,3.094,5.385,0
2026-03-11 08:30:00,74.69,2.943,5.611,0
2026-03-11 08:31:00,73.87,3.184,5.307,0
2026-03-11 08:32:00,75.13,2.811,5.57,0
2026-03-11 08:33:00,75.13,3.272,5.226,0
2026-03-11 08:34:00,74.79,2.993,5.5,0
2026-03-11 08:35:00,75.14,2.676,5.696,0
2026-03-11 08:36:00,74.95,2.808,5.621,0
2026-03-11 08:37:00,74.67,3.195,5.429,0
2026-03-11 08:38:00,75.18,2.775,5.591,0
2026-03-11 08:39:00,74.82,2.986,5.512,0
2026-03-11 08:40:00,76.22,3.126,5.394,0
2026-03-11 08:41:00,75.24,2.925,5.481,0
2026-03-11 08:42:00,76.32,2.785,5.524,0
2026-03-11 08:43:00,76.71,3.137,5.548,0
2026-03-11 08:44:00,76.24,3.173,5.572,0
2026-03-11 08:45:00,75.49,3.128,5.639,0
2026-03-11 08:46:00,74.95,2.803,5.733,0
2026-03-11 08:47:00,74.39,3.001,5.667,0
2026-03-11 08:48:00,74.06,2.967,5.587,0
2026-03-11 08:49:00,73.61,2.565,5.628,0
2026-03-11 08:50:00,73.68,2.817,5.613,0
2026-03-11 08:51:00,73.67,2.579,5.555,0
2026-03-11 08:52:00,73.58,2.64,5.361,0
2026-03-11 08:53:00,74.39,3.097,5.551,0
2026-03-11 08:54:00,74.42,2.93,5.452,0
2026-03-11 08:55:00,74.83,2.723,5.601,1
2026-03-11 08:56:00,74.62,3.116,5.554,0
2026-03-11 08:57:00,74.37,3.063,5.386,0
2026-03-11 08:58:00,74.2,2.764,5.48,0
2026-03-11 08:59:00,74.73,3.119,5.321,0
2026-03-11 09:00:00,74.64,2.786,5.497,0
2026-03-11 09:01:00,74.53,2.808,5.593,0
2026-03-11 09:02:00,74.34,2.972,5.543,0
2026-03-11 09:03:00,75.53,2.998,5.674,0
2026-03-11 09:04:00,74.8,2.787,5.386,0
2026-03-11 09:05:00,74.96,2.819,5.391,0
2026-03-11 09:06:00,75.29,2.941,5.53,0
2026-03-11 09:07:00,74.42,2.756,5.522,0
2026-03-11 09:08:00,75.03,3.113,5.678,0
2026-03-11 09:09:00,76.18,3.057,5.416,0
2026-03-11 09:10:00,75.66,2.946,5.367,0
2026-03-11 09:11:00,75.46,2.812,5.753,0
2026-03-11 09:12:00,75.25,2.854,5.525,0
2026-03-11 09:13:00,75.11,3.332,5.435,0
2026-03-11 09:14:00,75.1,3.475,5.526,0
2026-03-11 09:15:00,75.41,2.965,5.6,1
2026-03-11 09:16:00,75.39,3.168,5.37,0
2026-03-11 09:17:00,74.82,2.956,5.58,0
2026-03-11 09:18:00,74.39,3.077,5.451,0
2026-03-11 09:19:00,74.53,3.594,5.446,0
2026-03-11 09:20:00,74.47,3.078,5.537,0
2026-03-11 09:21:00,73.85,3.097,5.56,0
2026-03-11 09:22:00,74.91,2.864,5.4,0
2026-03-11 09:23:00,74.4,3.152,5.602,0
2026-03-11 09:24:00,73.95,3.196,5.651,0
2026-03-11 09:25:00,73.95,2.71,5.583,0
2026-03-11 09:26:00,74.09,2.856,5.606,0
2026-03-11 09:27:00,74.24,3.177,5.657,0
2026-03-11 09:28:00,74.5,3.062,5.757,0
2026-03-11 09:29:00,74.12,2.929,5.45,0
2026-03-11 09:30:00,74.72,2.965,5.63,0
2026-03-11 09:31:00,74.37,2.764,5.562,0
2026-03-11 09:32:00,74.41,2.965,5.457,0
2026-03-11 09:33:00,74.64,3.296,5.641,0
2026-03-11 09:34:00,74.43,2.656,5.388,0
2026-03-11 09:35:00,74.6,2.719,5.717,0
2026-03-11 09:36:00,74.69,2.897,5.364,0
2026-03-11 09:37:00,74.41,2.567,5.497,0
2026-03-11 09:38:00,74.69,3.202,5.536,0
2026-03-11 09:39:00,75.24,3.029,5.43,0
2026-03-11 09:40:00,75.21,2.701,5.376,0
2026-03-11 09:41:00,75.92,2.851,5.421,0
2026-03-11 09:42:00,75.55,2.877,5.455,0
2026-03-11 09:43:00,75.51,2.977,5.38,0
2026-03-11 09:44:00,75.01,2.92,5.629,0
2026-03-11 09:45:00,74.85,2.961,5.403,0
2026-03-11 09:46:00,75.16,3.206,5.441,0
2026-03-11 09:47:00,75.15,2.913,5.694,0
2026-03-11 09:48:00,75.87,2.831,5.72,0
2026-03-11 09:49:00,75.85,3.03,5.297,0
2026-03-11 09:50:00,75.49,2.748,5.353,0
2026-03-11 09:51:00,75.73,3.118,5.58,0
2026-03-11 09:52:00,75.73,3.219,5.626,0
2026-03-11 09:53:00,76.06,3.245,5.667,0
2026-03-11 09:54:00,75.27,3.044,5.471,0
2026-03-11 09:55:00,75.15,3.029,5.522,0
2026-03-11 09:56:00,75.27,2.994,5.339,0
2026-03-11 09:57:00,74.52,2.977,5.27,0
2026-03-11 09:58:00,74.22,2.643,5.175,0
2026-03-11 09:59:00,73.79,2.673,5.543,0
2026-03-11 10:00:00,73.85,2.606,5.436,0
2026-03-11 10:01:00,74.79,3.268,5.253,0
2026-03-11 10:02:00,75.28,2.792,5.497,0
2026-03-11 10:03:00,74.93,3.141,5.629,0
2026-03-11 10:04:00,74.97,2.61,5.159,0
2026-03-11 10:05:00,75.04,2.932,5.283,0
2026-03-11 10:06:00,75.26,3.047,5.259,0
2026-03-11 10:07:00,74.72,2.58,5.354,0
2026-03-11 10:08:00,74.65,2.552,5.319,0
2026-03-11 10:09:00,74.91,3.099,5.271,0
2026-03-11 10:10:00,75.38,2.878,5.485,0
2026-03-11 10:11:00,75.56,2.857,5.342,0
2026-03-11 10:12:00,75.04,2.986,5.397,1
2026-03-11 10:13:00,74.71,2.654,5.35,0
2026-03-11 10:14:00,74.6,3.267,5.543,0
2026-03-11 10:15:00,75.01,2.645,5.334,0
2026-03-11 10:16:00,74.43,2.855,5.173,0
2026-03-11 10:17:00,74.28,3.035,5.393,0
2026-03-11 10:18:00,73.48,2.723,5.345,0
2026-03-11 10:19:00,74.47,3.223,5.511,0
2026-03-11 10:20:00,74.83,2.946,5.605,0
2026-03-11 10:21:00,75.26,3.326,5.655,0
2026-03-11 10:22:00,75.51,3.14,5.46,0
2026-03-11 10:23:00,75.28,2.968,5.456,0
2026-03-11 10:24:00,75.24,3.45,5.506,0
2026-03-11 10:25:00,75.05,2.701,5.389,0
2026-03-11 10:26:00,74.78,2.586,5.473,0
2026-03-11 10:27:00,75.35,2.68,5.786,0
2026-03-11 10:28:00,75.15,3.052,5.57,0
2026-03-11 10:29:00,74.93,2.992,5.481,0
2026-03-11 10:30:00,74.91,2.599,5.704,0
2026-03-11 10:31:00,74.37,2.578,5.586,0
2026-03-11 10:32:00,74.61,3.118,5.764,0
2026-03-11 10:33:00,74.76,3.025,5.836,1
2026-03-11 10:34:00,74.92,2.739,5.61,0
2026-03-11 10:35:00,74.65,2.979,5.516,0
2026-03-11 10:36:00,74.71,2.943,5.486,0
2026-03-11 10:37:00,74.92,2.954,5.734,0
2026-03-11 10:38:00,74.97,3.032,5.668,0
2026-03-11 10:39:00,75.36,3.159,5.716,0
2026-03-11 10:40:00,75.45,3.435,5.461,0
2026-03-11 10:41:00,75.66,2.635,5.528,0
2026-03-11 10:42:00,75.68,2.902,5.548,0
2026-03-11 10:43:00,74.8,2.898,5.362,0
2026-03-11 10:44:00,73.85,3.337,5.377,0
2026-03-11 10:45:00,74.2,2.841,5.753,0
2026-03-11 10:46:00,74.45,2.841,5.529,0
2026-03-11 10:47:00,75.15,2.835,5.664,0
2026-03-11 10:48:00,74.97,2.55,5.884,0
2026-03-11 10:49:00,75.18,3.331,5.598,0
2026-03-11 10:50:00,76.27,2.841,5.707,0
2026-03-11 10:51:00,75.92,3.206,5.544,0
2026-03-11 10:52:00,76.43,2.943,5.45,0
2026-03-11 10:53:00,77.54,3.475,5.219,1
2026-03-11 10:54:00,76.19,3.201,5.457,0
2026-03-11 10:55:00,76.25,3.327,5.463,0
2026-03-11 10:56:00,75.92,3.261,5.514,0
2026-03-11 10:57:00,75.54,2.739,5.496,0
2026-03-11 10:58:00,74.53,2.583,5.779,0
2026-03-11 10:59:00,75.3,3.145,5.455,0
2026-03-11 11:00:00,75.22,2.87,5.495,0
2026-03-11 11:01:00,75.44,3.002,5.556,0
2026-03-11 11:02:00,75.29,2.798,5.46,0
2026-03-11 11:03:00,75.09,3.017,5.553,0
2026-03-11 11:04:00,75.63,2.958,5.399,0
2026-03-11 11:05:00,75.54,3.035,5.493,0
2026-03-11 11:06:00,75.87,3.17,5.382,0
2026-03-11 11:07:00,75.09,3.07,5.213,0
2026-03-11 11:08:00,75.4,2.685,5.493,0
2026-03-11 11:09:00,75.89,3.35,5.115,0
2026-03-11 11:10:00,74.63,2.909,5.437,0
2026-03-11 11:11:00,74.19,2.614,5.597,0
2026-03-11 11:12:00,73.74,2.862,5.325,0
2026-03-11 11:13:00,73.81,2.673,5.36,0
2026-03-11 11:14:00,73.4,2.427,5.351,0
2026-03-11 11:15:00,73.86,2.72,5.486,0
2026-03-11 11:16:00,73.48,2.975,5.479,0
2026-03-11 11:17:00,73.65,2.904,5.214,0
2026-03-11 11:18:00,73.49,2.798,5.396,0
2026-03-11 11:19:00,73.27,2.591,5.438,0
2026-03-11 11:20:00,73.21,3.057,5.491,0
2026-03-11 11:21:00,72.47,2.828,5.342,0
2026-03-11 11:22:00,72.72,2.358,5.199,0
2026-03-11 11:23:00,72.49,2.614,5.609,0
2026-03-11 11:24:00,72.76,2.74,5.23,0
2026-03-11 11:25:00,72.54,2.78,5.446,0
2026-03-11 11:26:00,72.55,3.1,5.434,0
2026-03-11 11:27:00,72.6,2.728,5.327,0
2026-03-11 11:28:00,71.69,2.623,5.371,0
2026-03-11 11:29:00,71.62,2.527,5.127,0
2026-03-11 11:30:00,71.45,2.386,5.411,0
2026-03-11 11:31:00,72.28,2.449,5.512,0
2026-03-11 11:32:00,72.45,3.036,5.295,0
2026-03-11 11:33:00,71.86,2.712,5.354,0
2026-03-11 11:34:00,72.41,2.543,5.408,0
2026-03-11 11:35:00,72.06,3.521,5.448,0
2026-03-11 11:36:00,72.93,2.821,5.479,0
2026-03-11 11:37:00,74.1,3.016,5.369,0
2026-03-11 11:38:00,73.23,2.501,5.305,0
2026-03-11 11:39:00,72.52,2.518,5.581,0
2026-03-11 11:40:00,72.95,2.495,5.311,0
2026-03-11 11:41:00,73.23,2.855,5.314,0
2026-03-11 11:42:00,72.64,2.906,5.308,0
2026-03-11 11:43:00,72.83,2.56,5.313,0
2026-03-11 11:44:00,72.98,2.707,5.174,0
2026-03-11 11:45:00,73.03,2.921,5.224,0
2026-03-11 11:46:00,72.79,2.896,5.3,0
2026-03-11 11:47:00,71.77,2.597,5.322,0
2026-03-11 11:48:00,72.48,2.689,5.386,0
2026-03-11 11:49:00,73.54,2.786,5.306,0
2026-03-11 11:50:00,72.68,2.869,5.469,0
2026-03-11 11:51:00,73.28,2.982,5.512,0
2026-03-11 11:52:00,73.11,2.796,5.599,0
2026-03-11 11:53:00,72.79,2.526,5.296,0
2026-03-11 11:54:00,72.58,2.31,5.539,0
2026-03-11 11:55:00,72.96,3.01,5.406,0
2026-03-11 11:56:00,73.54,3.513,5.517,1
2026-03-11 11:57:00,72.39,2.637,5.063,0
2026-03-11 11:58:00,72.06,2.81,5.306,0
2026-03-11 11:59:00,71.7,2.734,5.107,0
2026-03-11 12:00:00,72.07,2.99,5.331,0
2026-03-11 12:01:00,72.63,2.783,5.402,0
2026-03-11 12:02:00,73.06,2.727,5.445,0
2026-03-11 12:03:00,72.74,2.622,5.301,0
2026-03-11 12:04:00,72.93,2.558,5.424,0
2026-03-11 12:05:00,72.87,2.837,5.186,0
2026-03-11 12:06:00,73.29,2.805,5.47,1
2026-03-11 12:07:00,73.22,2.598,5.436,0
2026-03-11 12:08:00,73.03,2.803,5.362,0
2026-03-11 12:09:00,72.4,3.004,5.399,0
2026-03-11 12:10:00,73.45,2.803,5.166,0
2026-03-11 12:11:00,73.48,2.651,5.188,0
2026-03-11 12:12:00,73.47,3.076,5.681,0
2026-03-11 12:13:00,73.78,3.156,5.508,0
2026-03-11 12:14:00,74.06,2.663,5.375,0
2026-03-11 12:15:00,74.04,3.039,5.37,0
2026-03-11 12:16:00,74.51,3.42,5.327,0
2026-03-11 12:17:00,74.22,2.843,5.554,0
2026-03-11 12:18:00,74.05,2.795,5.277,0
2026-03-11 12:19:00,74.36,2.991,5.221,0
2026-03-11 12:20:00,74.32,3.151,5.231,0
2026-03-11 12:21:00,74.29,2.931,5.469,0
2026-03-11 12:22:00,74.07,2.881,5.568,0
2026-03-11 12:23:00,74.2,3.048,5.272,0
2026-03-11 12:24:00,73.59,3.014,5.466,0
2026-03-11 12:25:00,73.17,3.118,5.194,0
2026-03-11 12:26:00,73.06,2.35,5.539,0
2026-03-11 12:27:00,72.91,2.529,5.533,0
2026-03-11 12:28:00,73.17,2.535,5.111,0
2026-03-11 12:29:00,73.22,2.607,5.444,0
2026-03-11 12:30:00,73.23,3.287,5.419,0
2026-03-11 12:31:00,73.1,2.805,5.267,0
2026-03-11 12:32:00,73.17,2.8,5.499,0
2026-03-11 12:33:00,73.58,3.236,5.327,0
2026-03-11 12:34:00,72.44,2.626,5.41,0
2026-03-11 12:35:00,72.73,2.574,5.506,0
2026-03-11 12:36:00,72.95,2.957,5.509,0
2026-03-11 12:37:00,73.09,2.972,5.428,0
2026-03-11 12:38:00,73.32,2.906,5.332,0
2026-03-11 12:39:00,72.82,2.853,5.398,0
2026-03-11 12:40:00,72.21,2.805,5.367,0
2026-03-11 12:41:00,72.76,2.911,5.401,0
2026-03-11 12:42:00,73.06,2.902,5.418,0
2026-03-11 12:43:00,73.48,2.975,5.447,0
2026-03-11 12:44:00,73.86,2.542,5.511,0
2026-03-11 12:45:00,74.04,2.715,5.598,0
2026-03-11 12:46:00,73.86,2.875,5.465,0
2026-03-11 12:47:00,73.46,2.957,5.529,0
2026-03-11 12:48:00,73.52,2.904,5.517,0
2026-03-11 12:49:00,73.04,2.695,5.501,0
2026-03-11 12:50:00,73.25,3.92,5.391,0
2026-03-11 12:51:00,71.81,2.518,5.395,0
2026-03-11 12:52:00,71.81,2.386,5.237,0
2026-03-11 12:53:00,72.51,2.769,5.627,0
2026-03-11 12:54:00,71.87,2.613,5.301,0
2026-03-11 12:55:00,71.34,2.617,5.41,0
2026-03-11 12:56:00,71.45,2.836,5.341,0
2026-03-11 12:57:00,72.64,2.401,5.448,0
2026-03-11 12:58:00,72.88,2.813,5.106,0
2026-03-11 12:59:00,73.62,2.955,5.266,0
2026-03-11 13:00:00,73.55,2.662,5.3,0
2026-03-11 13:01:00,73.13,2.728,5.523,0
2026-03-11 13:02:00,73.65,3.187,5.541,0
2026-03-11 13:03:00,73.44,2.775,5.32,0
2026-03-11 13:04:00,73.8,2.8,5.407,0
2026-03-11 13:05:00,73.78,2.855,5.552,0
2026-03-11 13:06:00,74.47,2.711,5.194,0
2026-03-11 13:07:00,74.13,2.883,5.631,0
2026-03-11 13:08:00,73.4,2.884,5.547,0
2026-03-11 13:09:00,74.02,2.846,5.58,0
2026-03-11 13:10:00,74.31,2.85,5.379,0
2026-03-11 13:11:00,74.28,2.456,5.63,0
2026-03-11 13:12:00,74.0,2.732,5.438,0
2026-03-11 13:13:00,73.84,2.802,5.369,0
2026-03-11 13:14:00,73.65,2.615,5.786,0
2026-03-11 13:15:00,74.75,2.816,5.459,0
2026-03-11 13:16:00,73.82,2.828,5.476,0
2026-03-11 13:17:00,74.34,2.342,5.577,0
2026-03-11 13:18:00,74.7,3.007,5.598,0
2026-03-11 13:19:00,74.81,3.021,5.542,0
2026-03-11 13:20:00,74.38,3.086,5.611,1
2026-03-11 13:21:00,74.21,2.762,5.369,0
2026-03-11 13:22:00,73.94,3.142,5.42,0
2026-03-11 13:23:00,73.61,2.775,5.551,0
2026-03-11 13:24:00,73.5,2.795,5.46,0
2026-03-11 13:25:00,74.63,2.721,5.486,0
2026-03-11 13:26:00,74.07,2.878,5.339,0
2026-03-11 13:27:00,74.36,2.724,5.532,0
2026-03-11 13:28:00,74.87,2.604,5.297,0
2026-03-11 13:29:00,74.8,2.653,5.367,0
2026-03-11 13:30:00,74.36,2.923,5.466,0
2026-03-11 13:31:00,75.01,3.098,5.563,0
2026-03-11 13:32:00,74.58,2.641,5.467,0
2026-03-11 13:33:00,74.75,2.908,5.213,0
2026-03-11 13:34:00,74.66,2.688,5.508,0
2026-03-11 13:35:00,74.31,2.801,5.415,0
2026-03-11 13:36:00,73.08,2.501,5.276,0
2026-03-11 13:37:00,73.63,2.758,5.471,0
2026-03-11 13:38:00,74.33,2.762,5.253,0
2026-03-11 13:39:00,74.29,2.721,5.253,0
2026-03-11 13:40:00,73.94,3.288,5.658,0
2026-03-11 13:41:00,73.9,2.582,5.562,0
2026-03-11 13:42:00,73.44,3.011,5.409,0
2026-03-11 13:43:00,74.23,2.851,5.505,0
2026-03-11 13:44:00,74.52,2.745,5.497,0
2026-03-11 13:45:00,74.28,3.035,5.45,0
2026-03-11 13:46:00,74.56,2.658,5.381,0
2026-03-11 13:47:00,74.8,2.923,5.469,1
2026-03-11 13:48:00,74.32,2.583,5.556,0
2026-03-11 13:49:00,75.07,2.975,5.506,0
2026-03-11 13:50:00,74.28,2.885,5.586,0
2026-03-11 13:51:00,74.66,3.512,5.549,0
2026-03-11 13:52:00,74.73,3.534,5.596,0
2026-03-11 13:53:00,74.77,3.021,5.45,0
2026-03-11 13:54:00,74.48,2.942,5.657,0
2026-03-11 13:55:00,74.85,2.965,5.614,1
2026-03-11 13:56:00,75.63,3.02,5.72,0
2026-03-11 13:57:00,74.56,2.789,5.526,0
2026-03-11 13:58:00,75.09,3.008,5.321,0
2026-03-11 13:59:00,76.02,3.132,5.58,0
2026-03-11 14:00:00,76.7,3.312,5.625,1
2026-03-11 14:01:00,76.41,2.891,5.618,0
2026-03-11 14:02:00,76.05,2.8,5.619,0
2026-03-11 14:03:00,75.7,3.147,5.441,0
2026-03-11 14:04:00,76.1,2.878,5.43,0
2026-03-11 14:05:00,75.77,2.996,5.5,0
2026-03-11 14:06:00,75.73,3.254,5.646,1
2026-03-11 14:07:00,75.43,2.935,5.452,0
2026-03-11 14:08:00,75.63,4.046,5.612,1
2026-03-11 14:09:00,76.28,3.288,5.615,0
2026-03-11 14:10:00,76.58,3.007,5.781,0
2026-03-11 14:11:00,76.52,3.395,5.705,0
2026-03-11 14:12:00,76.73,3.288,5.469,0
2026-03-11 14:13:00,77.32,3.328,5.567,0
2026-03-11 14:14:00,77.19,3.255,5.518,0
2026-03-11 14:15:00,78.11,2.979,5.737,0
2026-03-11 14:16:00,77.65,3.351,5.668,0
2026-03-11 14:17:00,78.32,3.294,5.882,0
2026-03-11 14:18:00,78.0,3.376,5.535,0
2026-03-11 14:19:00,77.91,3.094,5.66,0
2026-03-11 14:20:00,77.9,3.226,5.48,0
2026-03-11 14:21:00,77.94,3.187,5.623,0
2026-03-11 14:22:00,77.98,3.251,5.713,0
2026-03-11 14:23:00,78.19,2.995,5.365,0
2026-03-11 14:24:00,78.36,3.461,5.739,0
2026-03-11 14:25:00,78.35,3.414,5.591,1
2026-03-11 14:26:00,78.41,3.06,5.637,1
2026-03-11 14:27:00,77.95,2.936,5.746,0
2026-03-11 14:28:00,77.38,2.899,5.577,1
2026-03-11 14:29:00,77.45,2.822,5.469,0
2026-03-11 14:30:00,76.78,2.832,5.535,0
2026-03-11 14:31:00,76.96,3.181,5.558,0
2026-03-11 14:32:00,76.71,2.764,5.636,0
2026-03-11 14:33:00,76.62,3.166,5.488,0
2026-03-11 14:34:00,76.25,2.896,5.442,0
2026-03-11 14:35:00,76.94,2.972,5.78,0
2026-03-11 14:36:00,77.3,2.678,5.522,0
2026-03-11 14:37:00,77.15,3.225,5.564,1
2026-03-11 14:38:00,77.55,2.908,5.707,0
2026-03-11 14:39:00,77.84,3.128,5.759,1
2026-03-11 14:40:00,77.58,2.812,5.505,0
2026-03-11 14:41:00,77.42,3.337,5.883,0
2026-03-11 14:42:00,77.4,2.654,5.22,0
2026-03-11 14:43:00,77.3,3.305,5.662,0
2026-03-11 14:44:00,77.68,3.303,5.481,0
2026-03-11 14:45:00,77.58,2.789,5.735,0
2026-03-11 14:46:00,78.22,3.198,5.737,0
2026-03-11 14:47:00,77.84,3.159,5.582,0
2026-03-11 14:48:00,77.44,3.074,5.677,0
2026-03-11 14:49:00,77.83,3.409,5.565,1
2026-03-11 14:50:00,77.57,3.193,5.46,0
2026-03-11 14:51:00,77.39,2.977,5.547,0
2026-03-11 14:52:00,77.08,2.805,5.552,0
2026-03-11 14:53:00,77.79,3.424,5.858,0
2026-03-11 14:54:00,78.56,3.366,5.52,0
2026-03-11 14:55:00,78.71,3.59,5.724,1
2026-03-11 14:56:00,79.23,3.169,5.869,0
2026-03-11 14:57:00,78.8,3.227,5.54,1
2026-03-11 14:58:00,79.41,3.202,5.457,0
2026-03-11 14:59:00,79.24,3.259,5.631,0
2026-03-11 15:00:00,78.44,3.283,5.72,0
2026-03-11 15:01:00,78.61,3.024,5.818,0
2026-03-11 15:02:00,79.07,2.946,5.641,0
2026-03-11 15:03:00,78.77,3.5,5.684,1
2026-03-11 15:04:00,78.24,3.693,5.761,1
2026-03-11 15:05:00,78.09,3.645,5.481,1
2026-03-11 15:06:00,78.12,3.685,5.887,0
2026-03-11 15:07:00,77.86,3.027,5.749,0
2026-03-11 15:08:00,78.62,3.064,5.738,0
2026-03-11 15:09:00,78.04,3.228,5.726,1
2026-03-11 15:10:00,78.31,3.322,5.869,1
2026-03-11 15:11:00,78.56,3.545,5.642,0
2026-03-11 15:12:00,78.94,3.188,5.851,0
2026-03-11 15:13:00,78.79,3.488,5.748,0
2026-03-11 15:14:00,78.77,3.082,5.649,0
2026-03-11 15:15:00,78.45,3.156,5.491,0
2026-03-11 15:16:00,77.6,3.22,5.655,0
2026-03-11 15:17:00,78.55,3.236,5.635,0
2026-03-11 15:18:00,78.7,3.427,5.656,0
2026-03-11 15:19:00,78.58,2.94,5.627,0
2026-03-11 15:20:00,78.21,3.107,5.58,0
2026-03-11 15:21:00,78.52,3.457,5.78,0
2026-03-11 15:22:00,79.24,3.23,5.768,1
2026-03-11 15:23:00,78.71,3.184,5.881,0
2026-03-11 15:24:00,79.18,3.349,5.613,0
2026-03-11 15:25:00,79.92,3.252,5.751,0
2026-03-11 15:26:00,79.87,3.839,5.625,0
2026-03-11 15:27:00,79.51,3.057,5.727,1
2026-03-11 15:28:00,79.38,3.278,5.809,0
2026-03-11 15:29:00,79.07,3.273,5.66,0
2026-03-11 15:30:00,78.63,3.415,6.192,0
2026-03-11 15:31:00,78.89,3.464,5.59,0
2026-03-11 15:32:00,79.72,3.156,5.609,0
2026-03-11 15:33:00,79.25,3.015,5.792,0
2026-03-11 15:34:00,78.63,3.333,5.795,0
2026-03-11 15:35:00,78.58,3.227,5.577,1
2026-03-11 15:36:00,79.43,3.044,5.289,0
2026-03-11 15:37:00,78.79,3.298,5.614,0
2026-03-11 15:38:00,78.23,3.352,5.611,0
2026-03-11 15:39:00,78.38,2.761,5.501,0
2026-03-11 15:40:00,78.03,3.047,5.588,0
2026-03-11 15:41:00,77.65,3.46,5.473,0
2026-03-11 15:42:00,78.66,3.142,5.496,0
2026-03-11 15:43:00,78.23,3.321,5.527,0
2026-03-11 15:44:00,78.03,3.307,5.719,0
2026-03-11 15:45:00,78.27,3.013,5.57,0
2026-03-11 15:46:00,77.04,2.974,5.605,0
2026-03-11 15:47:00,77.12,3.069,5.503,0
2026-03-11 15:48:00,77.74,2.893,5.506,0
2026-03-11 15:49:00,77.48,2.77,5.526,0
2026-03-11 15:50:00,77.9,2.878,5.721,0
2026-03-11 15:51:00,77.62,3.143,5.561,0
2026-03-11 15:52:00,78.11,3.293,5.667,0
2026-03-11 15:53:00,78.11,3.274,5.667,0
2026-03-11 15:54:00,78.03,3.243,5.598,0
2026-03-11 15:55:00,78.17,3.084,5.279,0
2026-03-11 15:56:00,78.8,3.203,5.534,1
2026-03-11 15:57:00,77.8,3.396,5.834,0
2026-03-11 15:58:00,77.55,2.748,5.757,0
2026-03-11 15:59:00,77.57,2.991,5.718,0
2026-03-11 16:00:00,77.38,3.185,5.466,0
2026-03-11 16:01:00,76.88,3.323,5.727,1
2026-03-11 16:02:00,77.26,2.879,5.504,0
2026-03-11 16:03:00,76.44,3.359,5.592,0
2026-03-11 16:04:00,76.72,2.992,5.746,0
2026-03-11 16:05:00,75.8,3.144,5.569,0
2026-03-11 16:06:00,76.14,3.264,5.625,0
2026-03-11 16:07:00,76.51,3.045,5.39,1
2026-03-11 16:08:00,77.25,2.931,5.635,0
2026-03-11 16:09:00,76.52,2.838,5.64,0
2026-03-11 16:10:00,76.33,3.02,5.503,0
2026-03-11 16:11:00,76.55,2.993,5.462,0
2026-03-11 16:12:00,76.91,3.191,5.591,0
2026-03-11 16:13:00,76.83,3.023,5.859,0
2026-03-11 16:14:00,76.54,3.332,5.843,0
2026-03-11 16:15:00,76.96,3.158,5.864,0
2026-03-11 16:16:00,76.4,3.404,5.738,0
2026-03-11 16:17:00,76.74,3.124,5.644,0
2026-03-11 16:18:00,76.91,3.032,5.737,0
2026-03-11 16:19:00,76.81,2.941,5.837,0
2026-03-11 16:20:00,76.5,3.25,5.768,0
2026-03-11 16:21:00,76.7,3.288,5.536,0
2026-03-11 16:22:00,76.37,2.715,5.702,0
2026-03-11 16:23:00,76.22,3.373,5.508,0
2026-03-11 16:24:00,76.55,3.139,5.658,1
2026-03-11 16:25:00,76.78,3.073,5.452,0
2026-03-11 16:26:00,77.6,2.975,5.55,0
2026-03-11 16:27:00,76.85,3.487,5.649,0
2026-03-11 16:28:00,77.0,3.227,5.756,0
2026-03-11 16:29:00,77.15,2.989,5.807,0
2026-03-11 16:30:00,76.68,3.238,5.559,0
2026-03-11 16:31:00,76.97,2.845,5.715,0
2026-03-11 16:32:00,76.48,3.241,5.647,0
2026-03-11 16:33:00,76.54,3.295,5.799,0
2026-03-11 16:34:00,77.19,3.081,5.668,0
2026-03-11 16:35:00,77.24,3.489,5.879,0
2026-03-11 16:36:00,77.37,3.3,5.496,0
2026-03-11 16:37:00,77.55,3.279,5.546,0
2026-03-11 16:38:00,78.25,3.348,5.633,1
2026-03-11 16:39:00,78.42,2.987,5.572,0
2026-03-11 16:40:00,78.55,3.316,5.916,0
2026-03-11 16:41:00,77.63,3.02,5.794,0
2026-03-11 16:42:00,77.41,3.013,5.771,0
2026-03-11 16:43:00,77.14,2.714,5.494,0
2026-03-11 16:44:00,77.72,2.95,5.541,1
2026-03-11 16:45:00,78.22,3.254,5.355,0
2026-03-11 16:46:00,78.76,2.993,5.577,0
2026-03-11 16:47:00,78.11,2.974,5.48,0
2026-03-11 16:48:00,77.89,3.25,5.233,0
2026-03-11 16:49:00,77.47,2.676,5.527,0
2026-03-11 16:50:00,77.86,2.837,5.621,0
2026-03-11 16:51:00,77.76,3.269,5.763,1
2026-03-11 16:52:00,76.94,2.753,5.421,0
2026-03-11 16:53:00,77.54,3.25,5.289,0
2026-03-11 16:54:00,76.51,3.342,5.514,0
2026-03-11 16:55:00,76.22,2.964,5.378,0
2026-03-11 16:56:00,76.66,2.829,5.549,0
2026-03-11 16:57:00,76.93,2.429,5.688,0
2026-03-11 16:58:00,76.75,3.296,5.617,1
2026-03-11 16:59:00,76.64,2.736,5.439,0
2026-03-11 17:00:00,76.52,2.952,5.315,0
2026-03-11 17:01:00,77.03,3.306,5.746,0
2026-03-11 17:02:00,76.03,2.902,5.48,0
2026-03-11 17:03:00,77.59,2.697,5.554,0
2026-03-11 17:04:00,76.88,2.788,5.512,0
2026-03-11 17:05:00,77.26,3.014,5.683,0
2026-03-11 17:06:00,76.75,2.683,5.831,0
2026-03-11 17:07:00,76.78,3.228,5.526,0
2026-03-11 17:08:00,76.86,3.069,5.357,0
2026-03-11 17:09:00,76.98,3.194,5.73,0
2026-03-11 17:10:00,76.81,2.97,5.474,0
2026-03-11 17:11:00,76.36,2.975,5.364,0
2026-03-11 17:12:00,76.77,2.604,5.507,0
2026-03-11 17:13:00,76.45,3.37,5.646,1
2026-03-11 17:14:00,76.67,3.487,5.441,0
2026-03-11 17:15:00,76.67,3.724,5.591,0
2026-03-11 17:16:00,76.42,3.465,5.526,0
2026-03-11 17:17:00,76.4,2.855,5.254,0
2026-03-11 17:18:00,76.45,3.396,5.617,1
2026-03-11 17:19:00,76.63,2.441,5.668,0
2026-03-11 17:20:00,76.0,2.851,5.448,0
2026-03-11 17:21:00,75.94,3.512,5.671,1
2026-03-11 17:22:00,75.94,2.799,5.337,1
2026-03-11 17:23:00,76.05,2.929,5.897,0
2026-03-11 17:24:00,76.01,3.233,5.552,0
2026-03-11 17:25:00,76.15,2.729,5.555,0
2026-03-11 17:26:00,75.99,3.051,5.579,0
2026-03-11 17:27:00,75.41,2.811,5.237,0
2026-03-11 17:28:00,74.68,3.269,5.675,0
2026-03-11 17:29:00,74.59,3.099,5.435,0
2026-03-11 17:30:00,74.42,3.001,5.453,0
2026-03-11 17:31:00,75.23,3.079,5.415,0
2026-03-11 17:32:00,74.76,2.828,5.512,0
2026-03-11 17:33:00,74.44,2.698,5.488,0
2026-03-11 17:34:00,74.65,2.646,5.38,0
2026-03-11 17:35:00,74.96,2.904,5.423,0
2026-03-11 17:36:00,74.44,3.085,5.589,0
2026-03-11 17:37:00,74.72,2.785,5.602,0
2026-03-11 17:38:00,75.64,3.074,5.386,0
2026-03-11 17:39:00,74.81,2.813,5.431,0
2026-03-11 17:40:00,74.8,2.868,5.392,0
2026-03-11 17:41:00,74.91,3.078,5.521,0
2026-03-11 17:42:00,75.08,3.032,5.444,0
2026-03-11 17:43:00,74.74,3.323,5.593,0
2026-03-11 17:44:00,74.93,3.402,5.652,0
2026-03-11 17:45:00,75.34,2.835,5.805,0
2026-03-11 17:46:00,74.87,2.721,5.575,0
2026-03-11 17:47:00,74.69,2.632,5.324,0
2026-03-11 17:48:00,74.39,2.917,5.591,0
2026-03-11 17:49:00,74.24,2.825,5.324,0
2026-03-11 17:50:00,75.02,3.312,5.849,0
2026-03-11 17:51:00,74.09,3.258,5.567,1
2026-03-11 17:52:00,74.11,2.991,5.587,0
2026-03-11 17:53:00,73.66,2.955,5.436,0
2026-03-11 17:54:00,74.42,2.771,5.518,0
2026-03-11 17:55:00,73.87,2.915,5.561,0
2026-03-11 17:56:00,73.35,2.545,5.454,0
2026-03-11 17:57:00,73.69,2.811,5.459,0
2026-03-11 17:58:00,73.79,2.578,5.665,0
2026-03-11 17:59:00,72.77,2.982,5.719,0
2026-03-11 18:00:00,72.7,2.938,5.638,0
2026-03-11 18:01:00,73.42,2.863,5.368,0
2026-03-11 18:02:00,72.68,2.877,5.546,0
2026-03-11 18:03:00,73.21,2.854,5.408,0
2026-03-11 18:04:00,73.27,2.969,5.168,0
2026-03-11 18:05:00,73.57,3.098,5.539,0
2026-03-11 18:06:00,74.42,3.101,5.533,0
2026-03-11 18:07:00,74.38,2.836,5.471,0
2026-03-11 18:08:00,74.02,3.046,5.532,0
2026-03-11 18:09:00,74.35,2.85,5.231,0
2026-03-11 18:10:00,75.01,2.433,5.521,0
2026-03-11 18:11:00,73.87,2.438,5.506,0
2026-03-11 18:12:00,74.87,2.718,5.165,0
2026-03-11 18:13:00,73.81,2.919,5.354,0
2026-03-11 18:14:00,74.34,3.019,5.338,0
2026-03-11 18:15:00,74.71,2.869,5.597,0
2026-03-11 18:16:00,73.95,3.47,5.385,0
2026-03-11 18:17:00,73.92,3.01,5.366,0
2026-03-11 18:18:00,74.35,3.127,5.354,0
2026-03-11 18:19:00,74.65,3.156,5.665,0
2026-03-11 18:20:00,74.6,2.84,5.42,0
2026-03-11 18:21:00,74.62,2.932,5.522,0
2026-03-11 18:22:00,74.41,2.826,5.383,0
2026-03-11 18:23:00,75.48,2.935,5.647,0
2026-03-11 18:24:00,74.6,2.929,5.498,0
2026-03-11 18:25:00,75.95,3.267,5.48,0
2026-03-11 18:26:00,76.5,2.959,5.466,0
2026-03-11 18:27:00,75.91,2.607,5.439,0
2026-03-11 18:28:00,75.95,2.916,5.687,0
2026-03-11 18:29:00,74.93,2.895,5.421,0
2026-03-11 18:30:00,75.37,2.931,5.522,0
2026-03-11 18:31:00,75.14,2.914,5.372,0
2026-03-11 18:32:00,75.64,2.946,5.699,0
2026-03-11 18:33:00,75.75,3.186,5.427,0
2026-03-11 18:34:00,75.51,2.877,5.497,0
2026-03-11 18:35:00,75.78,2.86,5.518,0
2026-03-11 18:36:00,75.63,2.949,5.673,0
2026-03-11 18:37:00,75.67,2.994,5.477,0
2026-03-11 18:38:00,75.71,2.922,5.672,0
2026-03-11 18:39:00,75.62,2.827,5.707,0
2026-03-11 18:40:00,75.49,3.312,5.59,0
2026-03-11 18:41:00,75.91,3.049,5.651,1
2026-03-11 18:42:00,76.36,3.082,5.563,0
2026-03-11 18:43:00,77.74,2.972,5.874,0
2026-03-11 18:44:00,76.72,3.134,5.708,0
2026-03-11 18:45:00,76.72,3.215,5.516,0
2026-03-11 18:46:00,76.96,3.347,5.585,0
2026-03-11 18:47:00,76.79,3.476,5.821,0
2026-03-11 18:48:00,77.53,3.475,5.607,0
2026-03-11 18:49:00,77.23,2.966,5.597,0
2026-03-11 18:50:00,77.77,3.335,5.632,1
2026-03-11 18:51:00,78.66,3.003,5.657,0
2026-03-11 18:52:00,77.77,2.934,5.666,0
2026-03-11 18:53:00,77.74,2.845,5.71,0
2026-03-11 18:54:00,77.71,3.464,5.524,0
2026-03-11 18:55:00,77.6,2.886,5.542,0
2026-03-11 18:56:00,77.91,3.334,5.78,0
2026-03-11 18:57:00,77.79,2.95,5.493,0
2026-03-11 18:58:00,77.26,3.07,5.89,0
2026-03-11 18:59:00,77.77,3.108,5.655,0
2026-03-11 19:00:00,77.49,3.173,5.633,1
2026-03-11 19:01:00,77.71,3.236,5.507,1
2026-03-11 19:02:00,77.4,2.722,5.54,0
2026-03-11 19:03:00,77.09,3.006,5.615,0
2026-03-11 19:04:00,77.41,3.102,5.677,0
2026-03-11 19:05:00,77.3,3.114,5.519,0
2026-03-11 19:06:00,77.54,3.089,5.667,0
2026-03-11 19:07:00,76.89,2.965,5.491,0
2026-03-11 19:08:00,76.54,3.275,5.446,0
2026-03-11 19:09:00,76.6,3.576,5.474,1
2026-03-11 19:10:00,76.11,2.975,5.705,0
2026-03-11 19:11:00,75.72,2.869,5.675,0
2026-03-11 19:12:00,76.06,2.906,5.581,0
2026-03-11 19:13:00,76.13,2.982,5.51,0
2026-03-11 19:14:00,75.37,3.079,5.541,0
2026-03-11 19:15:00,74.97,2.746,5.39,0
2026-03-11 19:16:00,75.69,3.29,5.44,0
2026-03-11 19:17:00,75.66,3.203,5.412,0
2026-03-11 19:18:00,75.89,2.999,5.445,0
2026-03-11 19:19:00,76.03,3.3,5.545,0
2026-03-11 19:20:00,75.57,2.968,5.551,0
2026-03-11 19:21:00,75.62,2.929,5.727,0
2026-03-11 19:22:00,75.3,3.198,5.634,0
2026-03-11 19:23:00,75.27,3.337,5.505,1
2026-03-11 19:24:00,75.21,2.793,5.312,0
2026-03-11 19:25:00,74.64,3.095,5.326,0
2026-03-11 19:26:00,75.31,3.0,5.554,0
2026-03-11 19:27:00,75.9,2.912,5.694,0
2026-03-11 19:28:00,75.92,2.978,5.476,0
2026-03-11 19:29:00,75.8,3.052,5.575,0
2026-03-11 19:30:00,75.42,3.262,5.631,0
2026-03-11 19:31:00,76.07,3.133,5.608,0
2026-03-11 19:32:00,75.57,2.975,5.517,1
2026-03-11 19:33:00,75.4,2.754,5.529,0
2026-03-11 19:34:00,75.96,2.843,5.509,0
2026-03-11 19:35:00,76.79,2.87,5.559,0
2026-03-11 19:36:00,76.43,2.753,5.762,0
2026-03-11 19:37:00,77.0,3.056,5.445,0
2026-03-11 19:38:00,76.56,2.913,5.364,0
2026-03-11 19:39:00,76.66,3.009,5.455,0
2026-03-11 19:40:00,76.87,3.318,5.787,0
2026-03-11 19:41:00,77.95,3.001,5.406,0
2026-03-11 19:42:00,77.86,3.281,5.638,0
2026-03-11 19:43:00,77.51,3.331,5.691,0
2026-03-11 19:44:00,78.0,2.654,5.747,0
2026-03-11 19:45:00,78.95,2.964,5.644,0
2026-03-11 19:46:00,77.98,2.923,5.685,0
2026-03-11 19:47:00,78.27,3.434,5.657,1
2026-03-11 19:48:00,78.69,3.425,5.257,0
2026-03-11 19:49:00,78.52,3.312,5.632,0
2026-03-11 19:50:00,79.09,3.133,5.592,0
2026-03-11 19:51:00,78.87,2.652,5.225,0
2026-03-11 19:52:00,78.22,3.034,5.702,0
2026-03-11 19:53:00,77.51,3.113,5.345,0
2026-03-11 19:54:00,77.66,2.568,5.41,0
2026-03-11 19:55:00,77.73,2.825,5.278,0
2026-03-11 19:56:00,76.84,2.818,5.58,0
2026-03-11 19:57:00,76.15,2.708,5.596,0
2026-03-11 19:58:00,76.15,2.794,5.397,0
2026-03-11 19:59:00,75.51,2.505,5.505,0
2026-03-11 20:00:00,76.02,3.212,5.312,0
2026-03-11 20:01:00,76.14,2.906,5.425,0
2026-03-11 20:02:00,76.39,2.896,5.692,0
2026-03-11 20:03:00,75.94,2.765,5.351,0
2026-03-11 20:04:00,75.89,3.306,5.26,0
2026-03-11 20:05:00,76.2,3.037,5.427,0
2026-03-11 20:06:00,76.47,3.049,5.488,0
2026-03-11 20:07:00,76.15,3.1,5.571,0
2026-03-11 20:08:00,76.18,3.529,5.49,0
2026-03-11 20:09:00,76.43,2.988,5.55,0
2026-03-11 20:10:00,76.57,3.048,5.408,0
2026-03-11 20:11:00,76.64,3.157,5.367,0
2026-03-11 20:12:00,76.04,3.162,5.614,0
2026-03-11 20:13:00,76.22,2.705,5.361,0
2026-03-11 20:14:00,75.69,2.847,5.363,0
2026-03-11 20:15:00,75.35,2.636,5.529,0
2026-03-11 20:16:00,75.02,3.059,5.552,0
2026-03-11 20:17:00,75.1,2.712,5.305,0
2026-03-11 20:18:00,75.2,2.626,5.639,0
2026-03-11 20:19:00,74.72,2.791,5.447,0
2026-03-11 20:20:00,75.03,2.959,5.488,0
2026-03-11 20:21:00,75.94,3.278,5.444,0
2026-03-11 20:22:00,74.8,2.582,5.399,0
2026-03-11 20:23:00,75.32,2.871,5.24,0
2026-03-11 20:24:00,75.9,3.104,5.447,0
2026-03-11 20:25:00,75.62,2.66,5.16,0
2026-03-11 20:26:00,75.2,2.795,5.362,0
2026-03-11 20:27:00,75.17,2.828,5.434,0
2026-03-11 20:28:00,74.83,2.963,5.472,0
2026-03-11 20:29:00,74.69,3.011,5.231,0
2026-03-11 20:30:00,75.06,3.201,5.326,0
2026-03-11 20:31:00,75.16,2.84,5.333,0
2026-03-11 20:32:00,75.56,2.836,5.301,0
2026-03-11 20:33:00,75.12,3.148,5.362,0
2026-03-11 20:34:00,75.46,2.809,5.479,0
2026-03-11 20:35:00,75.75,2.919,5.266,0
2026-03-11 20:36:00,75.12,2.87,5.482,0
2026-03-11 20:37:00,75.81,2.887,5.339,0
2026-03-11 20:38:00,75.76,3.031,5.378,0
2026-03-11 20:39:00,76.41,3.257,5.579,0
2026-03-11 20:40:00,76.69,3.082,5.478,1
2026-03-11 20:41:00,75.84,3.01,5.591,0
2026-03-11 20:42:00,75.56,3.002,5.492,0
2026-03-11 20:43:00,76.07,2.835,5.197,0
2026-03-11 20:44:00,75.91,3.082,5.52,0
2026-03-11 20:45:00,75.71,2.965,5.413,0
2026-03-11 20:46:00,76.19,3.125,5.399,0
2026-03-11 20:47:00,75.39,3.048,5.481,0
2026-03-11 20:48:00,76.03,2.964,5.235,0
2026-03-11 20:49:00,75.52,2.819,5.495,0
2026-03-11 20:50:00,75.48,2.461,5.518,0
2026-03-11 20:51:00,75.61,2.888,5.433,0
2026-03-11 20:52:00,76.12,3.085,5.562,0
2026-03-11 20:53:00,76.13,3.201,5.526,0
2026-03-11 20:54:00,76.89,2.721,5.52,0
2026-03-11 20:55:00,76.72,2.973,5.606,0
2026-03-11 20:56:00,77.32,3.175,5.266,0
2026-03-11 20:57:00,77.54,3.006,5.632,0
2026-03-11 20:58:00,77.38,3.119,5.694,0
2026-03-11 20:59:00,76.97,3.114,5.212,0
2026-03-11 21:00:00,76.17,2.726,5.312,0
2026-03-11 21:01:00,75.83,3.127,5.465,0
2026-03-11 21:02:00,77.3,2.745,5.708,0
2026-03-11 21:03:00,76.64,3.147,5.392,0
2026-03-11 21:04:00,76.93,3.093,5.57,0
2026-03-11 21:05:00,76.88,2.771,5.71,0
2026-03-11 21:06:00,76.74,3.281,5.37,0
2026-03-11 21:07:00,76.36,3.026,5.371,1
2026-03-11 21:08:00,76.66,3.082,5.753,0
2026-03-11 21:09:00,76.46,3.015,5.445,0
2026-03-11 21:10:00,77.1,2.945,5.525,0
2026-03-11 21:11:00,76.58,2.895,5.627,0
2026-03-11 21:12:00,75.36,3.057,5.896,0
2026-03-11 21:13:00,76.22,3.08,5.588,1
2026-03-11 21:14:00,76.19,3.531,5.427,0
2026-03-11 21:15:00,76.12,3.227,5.601,0
2026-03-11 21:16:00,75.91,2.667,5.681,0
2026-03-11 21:17:00,76.16,2.897,5.233,0
2026-03-11 21:18:00,75.78,2.989,5.547,0
2026-03-11 21:19:00,75.22,2.88,5.749,0
2026-03-11 21:20:00,75.79,3.248,5.616,0
2026-03-11 21:21:00,76.17,2.931,5.597,0
2026-03-11 21:22:00,76.69,2.894,5.619,0
2026-03-11 21:23:00,77.13,2.682,5.446,0
2026-03-11 21:24:00,76.95,2.969,5.584,0
2026-03-11 21:25:00,76.35,2.6,5.878,0
2026-03-11 21:26:00,76.46,2.986,5.577,0
2026-03-11 21:27:00,76.75,3.13,5.493,0
2026-03-11 21:28:00,77.03,3.227,5.915,0
2026-03-11 21:29:00,77.53,3.163,5.373,0
2026-03-11 21:30:00,77.38,3.0,5.434,0
2026-03-11 21:31:00,78.15,2.954,5.604,1
2026-03-11 21:32:00,78.12,3.045,5.688,0
2026-03-11 21:33:00,77.46,3.039,5.573,0
2026-03-11 21:34:00,78.16,3.124,5.888,0
2026-03-11 21:35:00,78.14,3.139,5.65,0
2026-03-11 21:36:00,77.8,2.923,5.674,0
2026-03-11 21:37:00,77.45,2.926,5.375,0
2026-03-11 21:38:00,76.91,3.047,5.432,0
2026-03-11 21:39:00,77.17,3.474,5.559,0
2026-03-11 21:40:00,76.86,2.964,5.232,0
2026-03-11 21:41:00,76.85,2.786,5.472,0
2026-03-11 21:42:00,77.28,2.857,5.252,0
2026-03-11 21:43:00,76.0,3.206,5.366,0
2026-03-11 21:44:00,76.18,2.778,5.604,0
2026-03-11 21:45:00,76.26,3.0,5.291,0
2026-03-11 21:46:00,75.83,3.049,5.516,0
2026-03-11 21:47:00,75.5,2.85,5.353,0
2026-03-11 21:48:00,75.44,2.887,5.426,0
2026-03-11 21:49:00,75.46,2.891,5.499,0
2026-03-11 21:50:00,76.25,3.332,5.525,0
2026-03-11 21:51:00,75.4,3.002,5.635,0
2026-03-11 21:52:00,76.18,2.572,5.493,0
2026-03-11 21:53:00,75.43,2.468,5.674,0
2026-03-11 21:54:00,74.78,3.155,5.715,0
2026-03-11 21:55:00,75.35,2.843,5.28,0
2026-03-11 21:56:00,75.33,2.723,5.622,0
2026-03-11 21:57:00,75.9,3.017,5.675,0
2026-03-11 21:58:00,75.5,2.8,5.417,0
2026-03-11 21:59:00,74.96,2.735,5.643,0
2026-03-11 22:00:00,75.72,2.765,5.226,0
2026-03-11 22:01:00,75.19,2.716,5.279,0
2026-03-11 22:02:00,75.74,2.997,5.309,0
2026-03-11 22:03:00,75.65,2.801,5.392,0
2026-03-11 22:04:00,74.94,2.881,5.424,0
2026-03-11 22:05:00,75.26,2.846,5.643,0
2026-03-11 22:06:00,75.49,2.568,5.551,0
2026-03-11 22:07:00,75.52,3.181,5.558,0
2026-03-11 22:08:00,75.25,3.006,5.339,0
2026-03-11 22:09:00,76.13,2.712,5.552,0
2026-03-11 22:10:00,75.83,3.431,5.581,1
2026-03-11 22:11:00,76.12,3.026,5.388,0
2026-03-11 22:12:00,75.69,2.977,5.271,0
2026-03-11 22:13:00,75.59,2.923,5.653,0
2026-03-11 22:14:00,76.04,2.68,5.375,0
2026-03-11 22:15:00,74.47,2.821,5.408,0
2026-03-11 22:16:00,75.28,2.731,5.363,0
2026-03-11 22:17:00,74.75,2.328,5.29,0
2026-03-11 22:18:00,75.36,2.402,5.433,0
2026-03-11 22:19:00,75.73,2.649,5.307,0
2026-03-11 22:20:00,75.76,2.889,5.331,0
2026-03-11 22:21:00,75.51,3.121,5.355,0
2026-03-11 22:22:00,76.14,2.935,5.247,0
2026-03-11 22:23:00,76.22,3.452,5.417,0
2026-03-11 22:24:00,75.49,2.884,5.734,0
2026-03-11 22:25:00,75.89,3.095,5.585,0
2026-03-11 22:26:00,76.55,3.423,5.332,0
2026-03-11 22:27:00,77.37,2.642,5.582,0
2026-03-11 22:28:00,76.22,3.127,5.485,0
2026-03-11 22:29:00,76.3,3.347,5.522,0
2026-03-11 22:30:00,76.73,2.956,5.411,0
2026-03-11 22:31:00,76.09,3.25,5.699,0
2026-03-11 22:32:00,76.28,2.558,5.539,0
2026-03-11 22:33:00,76.15,2.658,5.256,0
2026-03-11 22:34:00,75.82,3.127,5.314,0
2026-03-11 22:35:00,76.45,2.706,5.284,0
2026-03-11 22:36:00,75.46,2.759,5.521,0
2026-03-11 22:37:00,76.53,2.804,5.383,0
2026-03-11 22:38:00,76.96,2.699,5.446,0
2026-03-11 22:39:00,75.81,2.443,5.343,0
2026-03-11 22:40:00,76.12,2.979,5.637,0
2026-03-11 22:41:00,75.4,3.015,5.341,0
2026-03-11 22:42:00,75.33,2.803,5.463,0
2026-03-11 22:43:00,75.12,3.345,5.192,0
2026-03-11 22:44:00,75.19,2.708,5.688,0
2026-03-11 22:45:00,75.65,3.269,5.521,1
2026-03-11 22:46:00,76.36,2.848,5.483,0
2026-03-11 22:47:00,77.26,3.003,5.289,0
2026-03-11 22:48:00,77.21,3.091,5.523,0
2026-03-11 22:49:00,76.67,3.078,5.448,1
2026-03-11 22:50:00,76.29,3.037,5.546,0
2026-03-11 22:51:00,75.76,2.84,5.381,0
2026-03-11 22:52:00,75.94,2.797,5.597,0
2026-03-11 22:53:00,76.47,2.974,5.312,0
2026-03-11 22:54:00,75.97,3.068,5.283,0
2026-03-11 22:55:00,75.84,2.804,5.489,0
2026-03-11 22:56:00,75.93,2.807,5.556,0
2026-03-11 22:57:00,76.79,3.413,5.502,0
2026-03-11 22:58:00,76.84,3.251,5.464,0
2026-03-11 22:59:00,76.46,3.011,5.519,0
2026-03-11 23:00:00,76.02,2.898,5.354,0
2026-03-11 23:01:00,76.5,2.806,5.445,0
2026-03-11 23:02:00,76.4,2.888,5.426,0
2026-03-11 23:03:00,76.31,3.057,5.623,0
2026-03-11 23:04:00,76.38,2.645,5.329,0
2026-03-11 23:05:00,75.55,2.954,5.435,0
2026-03-11 23:06:00,76.38,3.193,5.434,0
2026-03-11 23:07:00,76.97,3.28,5.582,0
2026-03-11 23:08:00,76.38,2.542,5.32,0
2026-03-11 23:09:00,75.92,2.97,5.48,0
2026-03-11 23:10:00,75.74,2.839,5.425,0
2026-03-11 23:11:00,76.01,2.998,5.46,0
2026-03-11 23:12:00,75.67,2.629,5.208,0
2026-03-11 23:13:00,76.13,2.909,5.287,0
2026-03-11 23:14:00,75.59,3.952,5.281,1
2026-03-11 23:15:00,75.29,3.041,5.49,1
2026-03-11 23:16:00,76.22,2.888,5.298,0
2026-03-11 23:17:00,75.86,2.803,5.326,0
2026-03-11 23:18:00,75.46,2.937,5.449,0
2026-03-11 23:19:00,75.22,2.808,5.437,0
2026-03-11 23:20:00,75.0,2.639,5.424,0
2026-03-11 23:21:00,74.78,2.86,5.517,0
2026-03-11 23:22:00,74.8,2.784,5.557,0
2026-03-11 23:23:00,74.13,3.3,5.377,0
2026-03-11 23:24:00,73.59,2.792,5.468,0
2026-03-11 23:25:00,73.34,2.805,5.326,0
2026-03-11 23:26:00,73.8,2.793,5.521,0
2026-03-11 23:27:00,74.56,2.83,5.51,0
2026-03-11 23:28:00,75.25,3.431,5.298,0
2026-03-11 23:29:00,75.25,2.822,5.593,0
2026-03-11 23:30:00,74.72,3.112,5.409,0
2026-03-11 23:31:00,74.28,2.695,5.407,0
2026-03-11 23:32:00,73.56,2.862,5.401,0
2026-03-11 23:33:00,74.1,2.879,5.352,0
2026-03-11 23:34:00,73.92,2.762,5.291,0
2026-03-11 23:35:00,73.9,3.364,5.405,0
2026-03-11 23:36:00,73.63,2.74,5.298,0
2026-03-11 23:37:00,73.0,2.882,5.575,0
2026-03-11 23:38:00,73.63,2.801,5.431,0
2026-03-11 23:39:00,73.6,2.563,5.32,0
2026-03-11 23:40:00,73.15,2.576,5.435,0
2026-03-11 23:41:00,72.19,2.641,5.278,0
2026-03-11 23:42:00,72.98,2.656,5.353,0
2026-03-11 23:43:00,73.41,2.688,5.54,0
2026-03-11 23:44:00,74.03,2.79,5.476,0
2026-03-11 23:45:00,74.44,3.123,5.495,0
2026-03-11 23:46:00,74.8,2.859,5.413,0
2026-03-11 23:47:00,74.73,2.821,5.425,0
2026-03-11 23:48:00,74.71,2.497,5.492,0
2026-03-11 23:49:00,74.83,2.469,5.446,0
2026-03-11 23:50:00,74.54,3.008,5.312,0
2026-03-11 23:51:00,74.14,2.602,5.295,0
2026-03-11 23:52:00,74.38,3.094,5.379,0
2026-03-11 23:53:00,74.25,3.029,5.454,0
2026-03-11 23:54:00,74.28,3.103,5.307,0
2026-03-11 23:55:00,74.53,2.833,5.221,0
2026-03-11 23:56:00,74.19,2.586,5.263,0
2026-03-11 23:57:00,74.41,2.649,5.431,0
2026-03-11 23:58:00,74.51,3.094,5.467,0
2026-03-11 23:59:00,74.42,2.42,5.124,0
2026-03-12 00:00:00,74.03,2.937,5.471,0
2026-03-12 00:01:00,73.53,2.338,5.389,0
2026-03-12 00:02:00,73.3,2.591,5.534,0
2026-03-12 00:03:00,73.1,2.628,5.176,0
2026-03-12 00:04:00,73.77,2.773,5.278,0
2026-03-12 00:05:00,74.65,2.88,5.216,0
2026-03-12 00:06:00,74.49,3.254,5.255,0
2026-03-12 00:07:00,73.77,2.67,5.372,0
2026-03-12 00:08:00,74.76,2.575,5.418,0
2026-03-12 00:09:00,74.71,2.911,5.441,0
2026-03-12 00:10:00,75.04,3.291,5.378,0
2026-03-12 00:11:00,74.53,3.018,5.377,0
2026-03-12 00:12:00,75.06,2.87,5.424,0
2026-03-12 00:13:00,75.04,2.756,5.35,0
2026-03-12 00:14:00,74.11,2.97,5.08,0
2026-03-12 00:15:00,74.26,2.889,5.385,0
2026-03-12 00:16:00,74.26,2.747,5.291,0
2026-03-12 00:17:00,74.72,2.853,5.385,0
2026-03-12 00:18:00,74.18,3.128,5.197,0
2026-03-12 00:19:00,73.89,2.76,5.292,0
2026-03-12 00:20:00,74.67,3.053,5.51,0
2026-03-12 00:21:00,74.3,3.092,5.35,0
2026-03-12 00:22:00,74.53,2.863,5.453,0
2026-03-12 00:23:00,74.88,2.832,5.312,0
2026-03-12 00:24:00,74.29,2.84,5.278,0
2026-03-12 00:25:00,74.85,2.73,5.37,0
2026-03-12 00:26:00,74.38,2.669,5.541,0
2026-03-12 00:27:00,74.94,2.782,5.258,0
2026-03-12 00:28:00,74.85,2.802,5.492,0
2026-03-12 00:29:00,75.45,2.561,5.507,0
2026-03-12 00:30:00,74.76,2.666,5.315,0
2026-03-12 00:31:00,73.82,2.648,5.382,0
2026-03-12 00:32:00,74.66,2.613,5.512,0
2026-03-12 00:33:00,74.19,2.628,5.508,0
2026-03-12 00:34:00,74.51,3.008,5.134,0
2026-03-12 00:35:00,74.59,3.031,5.427,0
2026-03-12 00:36:00,74.88,2.806,5.382,0
2026-03-12 00:37:00,74.64,2.433,5.341,0
2026-03-12 00:38:00,74.56,2.805,5.352,0
2026-03-12 00:39:00,74.33,3.023,5.431,0
2026-03-12 00:40:00,73.47,3.009,5.527,0
2026-03-12 00:41:00,73.91,2.999,5.202,0
2026-03-12 00:42:00,73.88,3.088,5.351,0
2026-03-12 00:43:00,74.5,2.674,5.295,0
2026-03-12 00:44:00,74.64,2.658,5.419,0
2026-03-12 00:45:00,74.74,2.84,5.453,0
2026-03-12 00:46:00,73.98,2.649,5.031,0
2026-03-12 00:47:00,74.17,2.685,5.261,0
2026-03-12 00:48:00,73.78,2.856,5.172,0
2026-03-12 00:49:00,73.79,2.733,5.377,0
2026-03-12 00:50:00,73.4,2.929,5.106,0
2026-03-12 00:51:00,73.68,2.708,5.331,0
2026-03-12 00:52:00,73.66,2.915,5.336,0
2026-03-12 00:53:00,74.04,2.504,5.299,0
2026-03-12 00:54:00,73.34,2.587,5.094,0
2026-03-12 00:55:00,73.62,2.95,5.589,0
2026-03-12 00:56:00,73.55,2.799,5.481,0
2026-03-12 00:57:00,72.8,2.897,5.162,0
2026-03-12 00:58:00,73.19,2.91,5.366,0
2026-03-12 00:59:00,73.61,2.529,5.317,0
2026-03-12 01:00:00,73.92,3.004,5.627,0
2026-03-12 01:01:00,73.03,2.911,5.528,0
2026-03-12 01:02:00,73.16,2.522,5.338,0
2026-03-12 01:03:00,73.04,2.774,5.51,0
2026-03-12 01:04:00,73.51,2.823,5.262,0
2026-03-12 01:05:00,73.67,2.857,5.298,0
2026-03-12 01:06:00,72.93,2.721,5.24,0
2026-03-12 01:07:00,72.81,2.824,5.364,0
2026-03-12 01:08:00,72.36,2.646,5.313,0
2026-03-12 01:09:00,72.32,2.805,5.402,0
2026-03-12 01:10:00,72.81,2.988,5.468,0
2026-03-12 01:11:00,72.38,2.701,5.286,0
2026-03-12 01:12:00,72.79,2.463,5.312,0
2026-03-12 01:13:00,73.63,3.112,5.307,0
2026-03-12 01:14:00,73.29,2.602,5.402,0
2026-03-12 01:15:00,73.84,2.908,5.293,0
2026-03-12 01:16:00,73.53,2.898,5.351,0
2026-03-12 01:17:00,73.93,2.854,5.575,0
2026-03-12 01:18:00,73.95,2.977,5.477,0
2026-03-12 01:19:00,73.73,2.898,5.306,0
2026-03-12 01:20:00,73.62,2.971,5.361,0
2026-03-12 01:21:00,73.2,2.717,5.61,0
2026-03-12 01:22:00,73.83,2.701,5.359,0
2026-03-12 01:23:00,73.84,2.7,5.406,0
2026-03-12 01:24:00,73.43,2.701,5.689,0
2026-03-12 01:25:00,73.38,2.973,5.56,0
2026-03-12 01:26:00,73.93,3.117,5.536,1
2026-03-12 01:27:00,73.91,2.875,5.083,0
2026-03-12 01:28:00,74.34,2.821,5.75,0
2026-03-12 01:29:00,75.11,3.428,5.417,0
2026-03-12 01:30:00,74.19,2.796,5.447,0
2026-03-12 01:31:00,74.06,2.629,5.283,0
2026-03-12 01:32:00,73.79,3.148,5.385,1
2026-03-12 01:33:00,74.51,2.681,5.172,0
2026-03-12 01:34:00,73.74,2.842,5.403,0
2026-03-12 01:35:00,74.62,2.543,5.452,0
2026-03-12 01:36:00,73.25,2.735,5.192,0
2026-03-12 01:37:00,72.93,2.789,5.457,0
2026-03-12 01:38:00,73.15,2.983,5.408,0
2026-03-12 01:39:00,73.36,2.802,5.267,0
2026-03-12 01:40:00,73.18,3.041,5.364,0
2026-03-12 01:41:00,73.66,2.806,5.547,0
2026-03-12 01:42:00,73.04,2.757,5.336,0
2026-03-12 01:43:00,72.85,2.686,5.439,0
2026-03-12 01:44:00,73.11,2.679,5.308,0
2026-03-12 01:45:00,72.53,2.516,5.186,0
2026-03-12 01:46:00,72.69,2.536,5.378,0
2026-03-12 01:47:00,73.3,2.946,5.593,0
2026-03-12 01:48:00,72.56,2.925,5.284,0
2026-03-12 01:49:00,72.34,2.779,5.228,1
2026-03-12 01:50:00,73.25,3.011,5.562,0
2026-03-12 01:51:00,72.82,2.77,5.453,0
2026-03-12 01:52:00,72.78,3.552,5.38,0
2026-03-12 01:53:00,72.18,2.689,5.128,0
2026-03-12 01:54:00,72.55,2.438,5.433,0
2026-03-12 01:55:00,72.3,2.656,5.278,0
2026-03-12 01:56:00,71.79,2.849,5.261,0
2026-03-12 01:57:00,72.56,2.522,5.381,0
2026-03-12 01:58:00,73.0,2.662,5.39,0
2026-03-12 01:59:00,72.6,2.855,5.399,0
2026-03-12 02:00:00,73.11,2.981,5.459,0
2026-03-12 02:01:00,73.32,2.19,5.34,0
2026-03-12 02:02:00,72.83,2.68,5.296,0
2026-03-12 02:03:00,72.9,2.897,5.275,0
2026-03-12 02:04:00,73.11,2.569,5.28,0
2026-03-12 02:05:00,72.4,2.34,5.51,0
2026-03-12 02:06:00,72.74,2.544,5.048,0
2026-03-12 02:07:00,72.69,2.513,5.464,0
2026-03-12 02:08:00,72.58,2.77,5.146,0
2026-03-12 02:09:00,72.82,2.859,5.477,0
2026-03-12 02:10:00,72.55,2.805,5.237,0
2026-03-12 02:11:00,71.97,2.452,5.326,0
2026-03-12 02:12:00,72.23,2.75,5.409,0
2026-03-12 02:13:00,71.98,2.905,5.135,0
2026-03-12 02:14:00,71.77,2.277,5.397,0
2026-03-12 02:15:00,72.22,2.513,5.303,0
2026-03-12 02:16:00,72.98,2.615,5.379,0
2026-03-12 02:17:00,72.36,2.578,5.296,0
2026-03-12 02:18:00,72.15,2.89,5.339,0
2026-03-12 02:19:00,72.11,2.694,5.12,0
2026-03-12 02:20:00,71.88,2.735,5.5,0
2026-03-12 02:21:00,72.01,2.602,5.468,0
2026-03-12 02:22:00,72.26,2.808,5.26,0
2026-03-12 02:23:00,72.91,2.758,5.448,0
2026-03-12 02:24:00,73.48,3.168,5.321,0
2026-03-12 02:25:00,73.61,2.732,5.316,0
2026-03-12 02:26:00,73.87,2.867,5.274,0
2026-03-12 02:27:00,73.41,2.622,5.262,0
2026-03-12 02:28:00,73.87,2.905,5.322,0
2026-03-12 02:29:00,73.47,2.557,5.318,0
2026-03-12 02:30:00,73.17,3.013,5.513,0
2026-03-12 02:31:00,73.31,2.848,5.272,0
2026-03-12 02:32:00,72.5,2.537,5.517,0
2026-03-12 02:33:00,72.97,2.611,5.834,0
2026-03-12 02:34:00,72.93,2.66,5.156,0
2026-03-12 02:35:00,72.58,2.642,5.423,0
2026-03-12 02:36:00,73.06,3.193,5.514,0
2026-03-12 02:37:00,72.78,2.71,5.423,0
2026-03-12 02:38:00,73.26,2.779,5.333,0
2026-03-12 02:39:00,73.91,2.75,5.49,0
2026-03-12 02:40:00,73.81,2.397,5.181,0
2026-03-12 02:41:00,74.55,3.047,5.45,0
2026-03-12 02:42:00,74.63,3.027,5.401,0
2026-03-12 02:43:00,74.81,3.202,5.405,0
2026-03-12 02:44:00,75.32,3.116,5.549,1
2026-03-12 02:45:00,75.15,2.855,5.374,0
2026-03-12 02:46:00,75.0,3.063,5.228,1
2026-03-12 02:47:00,74.39,3.022,5.424,0
2026-03-12 02:48:00,74.76,2.819,5.564,0
2026-03-12 02:49:00,73.82,3.21,5.48,0
2026-03-12 02:50:00,74.1,2.701,5.128,0
2026-03-12 02:51:00,73.53,2.45,5.645,0
2026-03-12 02:52:00,74.4,3.103,5.447,0
2026-03-12 02:53:00,74.16,2.853,5.578,1
2026-03-12 02:54:00,73.73,2.762,5.38,0
2026-03-12 02:55:00,73.77,2.815,5.224,0
2026-03-12 02:56:00,73.88,2.814,5.396,1
2026-03-12 02:57:00,74.25,2.566,5.545,0
2026-03-12 02:58:00,74.19,2.846,5.54,0
2026-03-12 02:59:00,74.41,2.61,5.32,0
2026-03-12 03:00:00,74.39,3.123,5.558,0
2026-03-12 03:01:00,73.75,2.821,5.68,0
2026-03-12 03:02:00,73.76,2.942,5.509,0
2026-03-12 03:03:00,74.74,2.899,5.321,0
2026-03-12 03:04:00,74.04,2.902,5.524,0
2026-03-12 03:05:00,72.88,2.714,5.342,0
2026-03-12 03:06:00,73.09,2.819,5.456,0
2026-03-12 03:07:00,73.12,2.268,5.427,0
2026-03-12 03:08:00,73.5,2.912,5.358,0
2026-03-12 03:09:00,73.95,3.143,5.635,0
2026-03-12 03:10:00,73.31,3.058,5.452,0
2026-03-12 03:11:00,73.46,2.632,5.34,0
2026-03-12 03:12:00,74.37,2.619,5.442,0
2026-03-12 03:13:00,74.3,2.801,5.371,0
2026-03-12 03:14:00,74.1,2.489,5.303,0
2026-03-12 03:15:00,73.58,2.772,5.308,0
2026-03-12 03:16:00,73.78,3.039,5.379,0
2026-03-12 03:17:00,73.49,2.631,5.478,0
2026-03-12 03:18:00,73.53,2.807,5.434,0
2026-03-12 03:19:00,74.2,3.013,5.455,0
2026-03-12 03:20:00,73.95,2.861,5.135,0
2026-03-12 03:21:00,74.34,2.597,5.349,0
2026-03-12 03:22:00,73.77,2.593,5.311,0
2026-03-12 03:23:00,73.4,2.721,5.543,0
2026-03-12 03:24:00,73.28,2.878,5.287,0
2026-03-12 03:25:00,73.68,2.706,5.378,0
2026-03-12 03:26:00,73.7,2.978,5.298,0
2026-03-12 03:27:00,73.51,2.84,5.312,0
2026-03-12 03:28:00,74.17,2.73,5.213,0
2026-03-12 03:29:00,73.92,2.942,5.418,0
2026-03-12 03:30:00,73.59,2.746,5.214,0
2026-03-12 03:31:00,73.46,2.452,5.214,0
2026-03-12 03:32:00,73.46,2.996,5.235,0
2026-03-12 03:33:00,73.83,3.285,5.327,1
2026-03-12 03:34:00,73.42,2.899,5.353,0
2026-03-12 03:35:00,73.5,2.656,5.336,0
2026-03-12 03:36:00,73.72,2.532,5.33,0
2026-03-12 03:37:00,73.69,3.068,5.207,0
2026-03-12 03:38:00,73.92,3.219,5.218,0
2026-03-12 03:39:00,74.1,2.903,5.431,0
2026-03-12 03:40:00,74.32,2.426,5.336,0
2026-03-12 03:41:00,74.36,2.938,5.562,0
2026-03-12 03:42:00,74.38,2.964,5.188,0
2026-03-12 03:43:00,73.99,2.577,5.638,0
2026-03-12 03:44:00,73.58,2.839,5.294,0
2026-03-12 03:45:00,72.56,2.93,5.143,0
2026-03-12 03:46:00,72.35,2.72,5.381,0
2026-03-12 03:47:00,73.23,3.094,5.314,0
2026-03-12 03:48:00,73.47,2.486,5.233,0
2026-03-12 03:49:00,73.94,2.943,5.31,0
2026-03-12 03:50:00,73.75,2.635,5.161,0
2026-03-12 03:51:00,74.04,2.839,5.256,0
2026-03-12 03:52:00,74.6,2.881,5.144,0
2026-03-12 03:53:00,75.34,2.854,5.39,0
2026-03-12 03:54:00,74.25,3.077,5.238,0
2026-03-12 03:55:00,74.19,3.209,5.405,0
2026-03-12 03:56:00,73.71,2.945,5.489,0
2026-03-12 03:57:00,73.94,2.93,5.433,0
2026-03-12 03:58:00,73.92,2.94,5.491,0
2026-03-12 03:59:00,74.2,2.664,5.472,0
2026-03-12 04:00:00,73.9,2.55,5.403,0
2026-03-12 04:01:00,73.86,2.757,5.345,0
2026-03-12 04:02:00,73.56,2.699,5.498,0
2026-03-12 04:03:00,73.64,2.634,5.387,0
2026-03-12 04:04:00,73.75,2.806,5.452,0
2026-03-12 04:05:00,74.58,2.667,5.124,0
2026-03-12 04:06:00,75.11,2.677,5.19,0
2026-03-12 04:07:00,74.44,2.733,5.431,0
2026-03-12 04:08:00,74.65,2.9,5.174,0
2026-03-12 04:09:00,75.41,3.221,5.446,0
2026-03-12 04:10:00,75.12,2.784,5.307,0
2026-03-12 04:11:00,74.99,2.724,5.295,0
2026-03-12 04:12:00,74.4,2.773,5.452,0
2026-03-12 04:13:00,74.77,2.488,5.466,0
2026-03-12 04:14:00,74.32,3.241,5.264,0
2026-03-12 04:15:00,73.48,3.075,5.483,0
2026-03-12 04:16:00,73.55,2.714,5.16,0
2026-03-12 04:17:00,74.0,2.754,5.346,0
2026-03-12 04:18:00,73.99,2.563,5.273,0
2026-03-12 04:19:00,74.42,2.912,5.288,0
2026-03-12 04:20:00,74.49,2.962,5.315,0
2026-03-12 04:21:00,74.19,2.562,5.326,0
2026-03-12 04:22:00,74.77,3.271,5.56,1
2026-03-12 04:23:00,73.9,2.66,5.297,0
2026-03-12 04:24:00,73.95,2.897,5.438,0
2026-03-12 04:25:00,74.37,2.675,5.412,0
2026-03-12 04:26:00,73.82,2.975,5.275,0
2026-03-12 04:27:00,73.45,2.396,5.098,0
2026-03-12 04:28:00,73.43,2.828,5.216,0
2026-03-12 04:29:00,73.53,2.992,5.56,0
2026-03-12 04:30:00,73.5,2.481,5.167,0
2026-03-12 04:31:00,73.31,2.622,5.491,0
2026-03-12 04:32:00,73.51,2.719,5.333,0
2026-03-12 04:33:00,73.41,2.733,5.381,0
2026-03-12 04:34:00,73.22,2.874,5.386,0
2026-03-12 04:35:00,73.49,2.729,5.091,0
2026-03-12 04:36:00,73.23,2.597,5.161,0
2026-03-12 04:37:00,74.4,2.613,5.353,0
2026-03-12 04:38:00,73.67,2.864,5.418,0
2026-03-12 04:39:00,74.14,2.272,5.282,0
2026-03-12 04:40:00,72.99,2.974,5.224,0
2026-03-12 04:41:00,72.97,2.732,5.129,0
2026-03-12 04:42:00,74.22,2.841,4.999,0
2026-03-12 04:43:00,74.11,2.589,5.099,0
2026-03-12 04:44:00,73.71,2.544,5.072,0
2026-03-12 04:45:00,74.66,2.535,5.135,0
2026-03-12 04:46:00,74.54,2.62,5.421,0
2026-03-12 04:47:00,74.19,2.976,5.161,0
2026-03-12 04:48:00,74.05,2.929,5.557,0
2026-03-12 04:49:00,74.17,2.961,5.467,0
2026-03-12 04:50:00,72.88,2.834,5.258,0
2026-03-12 04:51:00,74.28,3.014,5.23,0
2026-03-12 04:52:00,74.27,2.694,5.387,0
2026-03-12 04:53:00,73.94,2.935,5.269,0
2026-03-12 04:54:00,74.64,3.035,5.4,0
2026-03-12 04:55:00,74.23,2.331,5.465,0
2026-03-12 04:56:00,74.35,2.417,5.171,0
2026-03-12 04:57:00,74.77,2.74,5.69,0
2026-03-12 04:58:00,74.28,2.774,5.684,0
2026-03-12 04:59:00,74.28,3.186,5.502,0
2026-03-12 05:00:00,74.32,2.868,5.192,0
2026-03-12 05:01:00,75.5,2.967,5.44,0
2026-03-12 05:02:00,75.49,3.032,5.296,0
2026-03-12 05:03:00,74.98,2.791,5.639,0
2026-03-12 05:04:00,75.09,3.168,5.401,0
2026-03-12 05:05:00,75.5,2.912,5.181,0
2026-03-12 05:06:00,75.08,2.655,5.327,0
2026-03-12 05:07:00,75.67,2.526,5.618,0
2026-03-12 05:08:00,75.39,2.832,5.559,0
2026-03-12 05:09:00,76.37,2.901,5.464,0
2026-03-12 05:10:00,75.51,2.612,5.401,0
2026-03-12 05:11:00,75.2,2.757,5.355,0
2026-03-12 05:12:00,75.11,3.352,5.55,0
2026-03-12 05:13:00,74.31,3.164,5.629,0
2026-03-12 05:14:00,73.4,2.771,5.306,0
2026-03-12 05:15:00,74.16,2.891,5.441,0
2026-03-12 05:16:00,74.45,2.693,5.278,0
2026-03-12 05:17:00,74.56,3.028,5.426,0
2026-03-12 05:18:00,74.52,3.041,5.269,0
2026-03-12 05:19:00,74.25,2.77,5.493,0
2026-03-12 05:20:00,73.74,2.728,5.254,0
2026-03-12 05:21:00,74.82,2.686,5.129,0
2026-03-12 05:22:00,74.61,2.866,5.601,0
2026-03-12 05:23:00,74.79,2.507,5.611,0
2026-03-12 05:24:00,75.17,2.782,5.291,0
2026-03-12 05:25:00,74.8,2.67,5.48,0
2026-03-12 05:26:00,74.2,3.06,5.402,0
2026-03-12 05:27:00,74.17,2.977,5.519,0
2026-03-12 05:28:00,73.95,2.382,5.327,0
2026-03-12 05:29:00,73.7,3.161,5.284,0
2026-03-12 05:30:00,73.91,2.71,5.384,0
2026-03-12 05:31:00,73.69,3.099,5.409,0
2026-03-12 05:32:00,73.16,2.718,5.507,0
2026-03-12 05:33:00,72.7,3.076,5.08,0
2026-03-12 05:34:00,73.0,2.482,5.297,0
2026-03-12 05:35:00,73.86,2.644,5.406,0
2026-03-12 05:36:00,73.42,2.882,5.232,1
2026-03-12 05:37:00,73.96,2.889,5.264,0
2026-03-12 05:38:00,73.84,2.433,5.452,0
2026-03-12 05:39:00,73.66,2.873,5.712,0
2026-03-12 05:40:00,73.85,3.242,5.561,0
2026-03-12 05:41:00,73.07,2.819,5.401,0
2026-03-12 05:42:00,73.28,3.032,5.496,0
2026-03-12 05:43:00,72.79,2.938,5.365,0
2026-03-12 05:44:00,74.25,3.061,5.301,0
2026-03-12 05:45:00,73.55,2.622,5.287,0
2026-03-12 05:46:00,72.61,3.209,5.474,0
2026-03-12 05:47:00,73.1,2.821,5.466,0
2026-03-12 05:48:00,74.24,2.881,5.593,0
2026-03-12 05:49:00,73.95,3.065,5.449,1
2026-03-12 05:50:00,73.73,2.723,5.307,0
2026-03-12 05:51:00,73.62,3.032,5.343,0
2026-03-12 05:52:00,73.81,2.739,5.402,0
2026-03-12 05:53:00,73.41,2.747,5.397,0
2026-03-12 05:54:00,73.75,2.694,5.318,0
2026-03-12 05:55:00,73.95,2.652,5.467,0
2026-03-12 05:56:00,73.97,2.625,5.349,0
2026-03-12 05:57:00,74.16,2.897,5.616,1
2026-03-12 05:58:00,74.45,2.86,5.26,0
2026-03-12 05:59:00,74.15,2.922,5.536,0
2026-03-12 06:00:00,73.62,3.162,5.635,0
2026-03-12 06:01:00,73.06,2.961,5.079,0
2026-03-12 06:02:00,73.22,2.565,5.279,0
2026-03-12 06:03:00,73.72,2.714,5.269,0
2026-03-12 06:04:00,75.0,2.831,5.246,0
2026-03-12 06:05:00,74.42,2.678,5.44,0
2026-03-12 06:06:00,74.19,2.774,5.501,0
2026-03-12 06:07:00,74.99,3.13,5.381,0
2026-03-12 06:08:00,73.88,2.633,5.532,0
2026-03-12 06:09:00,73.29,3.082,5.239,0
2026-03-12 06:10:00,73.66,2.85,5.475,0
2026-03-12 06:11:00,73.64,2.877,5.219,0
2026-03-12 06:12:00,72.35,2.657,5.438,0
2026-03-12 06:13:00,72.06,2.412,5.432,0
2026-03-12 06:14:00,72.29,2.703,5.286,1
2026-03-12 06:15:00,72.39,2.811,5.475,0
2026-03-12 06:16:00,72.74,2.85,5.463,0
2026-03-12 06:17:00,73.36,3.012,5.514,0
2026-03-12 06:18:00,73.38,2.75,5.262,0
2026-03-12 06:19:00,73.55,2.665,5.296,0
2026-03-12 06:20:00,73.4,3.067,5.335,0
2026-03-12 06:21:00,72.89,2.424,5.475,0
2026-03-12 06:22:00,72.78,2.496,5.138,0
2026-03-12 06:23:00,72.82,2.734,5.418,0
2026-03-12 06:24:00,73.37,2.869,5.523,0
2026-03-12 06:25:00,73.28,2.902,5.492,0
2026-03-12 06:26:00,73.55,2.692,5.605,0
2026-03-12 06:27:00,73.71,2.794,5.457,0
2026-03-12 06:28:00,73.54,3.075,5.413,0
2026-03-12 06:29:00,73.32,3.013,5.405,0
2026-03-12 06:30:00,72.94,2.533,5.338,0
2026-03-12 06:31:00,73.17,2.596,5.128,0
2026-03-12 06:32:00,74.17,3.034,5.326,0
2026-03-12 06:33:00,74.46,3.195,5.414,0
2026-03-12 06:34:00,73.81,3.063,5.42,0
2026-03-12 06:35:00,73.26,2.631,5.619,0
2026-03-12 06:36:00,73.55,2.67,5.295,0
2026-03-12 06:37:00,73.42,3.033,5.328,0
2026-03-12 06:38:00,73.53,3.016,5.501,0
2026-03-12 06:39:00,74.01,2.678,5.398,0
2026-03-12 06:40:00,73.52,2.756,5.577,0
2026-03-12 06:41:00,73.87,2.76,5.486,0
2026-03-12 06:42:00,73.56,2.743,5.358,0
2026-03-12 06:43:00,73.82,2.805,5.346,0
2026-03-12 06:44:00,74.05,2.868,5.134,0
2026-03-12 06:45:00,73.84,2.905,5.352,0
2026-03-12 06:46:00,73.69,3.064,5.522,0
2026-03-12 06:47:00,73.18,2.58,5.388,0
2026-03-12 06:48:00,73.43,2.719,5.459,0
2026-03-12 06:49:00,73.6,3.069,5.471,0
2026-03-12 06:50:00,74.04,2.907,5.442,0
2026-03-12 06:51:00,72.84,2.817,5.551,0
2026-03-12 06:52:00,72.99,2.611,5.532,0
2026-03-12 06:53:00,73.03,2.946,5.519,0
2026-03-12 06:54:00,73.03,2.775,5.598,0
2026-03-12 06:55:00,72.74,2.538,5.341,0
2026-03-12 06:56:00,73.33,3.107,5.482,0
2026-03-12 06:57:00,73.6,2.953,5.577,0
2026-03-12 06:58:00,74.0,3.017,5.412,0
2026-03-12 06:59:00,74.3,2.974,5.529,0
2026-03-12 07:00:00,73.6,3.093,5.586,0
2026-03-12 07:01:00,73.8,3.077,5.389,0
2026-03-12 07:02:00,74.53,3.122,5.433,0
2026-03-12 07:03:00,73.97,3.298,5.517,1
2026-03-12 07:04:00,73.92,3.013,5.516,0
2026-03-12 07:05:00,74.13,2.878,5.325,0
2026-03-12 07:06:00,74.5,2.852,5.479,0
2026-03-12 07:07:00,74.68,3.5,5.603,0
2026-03-12 07:08:00,73.97,2.619,5.39,0
2026-03-12 07:09:00,74.08,2.75,5.342,0
2026-03-12 07:10:00,73.97,3.056,5.541,0
2026-03-12 07:11:00,74.53,3.01,5.348,0
2026-03-12 07:12:00,75.45,2.901,5.501,0
2026-03-12 07:13:00,74.72,2.646,5.57,0
2026-03-12 07:14:00,74.99,2.977,5.523,0
2026-03-12 07:15:00,75.36,2.776,5.654,0
2026-03-12 07:16:00,75.29,2.582,5.397,0
2026-03-12 07:17:00,76.13,3.038,5.479,0
2026-03-12 07:18:00,75.01,2.801,5.201,0
2026-03-12 07:19:00,75.51,3.057,5.583,0
2026-03-12 07:20:00,75.37,2.839,5.562,0
2026-03-12 07:21:00,74.64,3.076,5.388,0
2026-03-12 07:22:00,75.37,3.152,5.247,0
2026-03-12 07:23:00,74.81,3.009,5.623,0
2026-03-12 07:24:00,74.43,2.9,5.639,0
2026-03-12 07:25:00,75.37,3.093,5.554,0
2026-03-12 07:26:00,74.76,3.165,5.428,1
2026-03-12 07:27:00,75.67,2.883,5.374,0
2026-03-12 07:28:00,76.79,3.314,5.434,1
2026-03-12 07:29:00,76.68,3.021,5.483,0
2026-03-12 07:30:00,76.92,3.007,5.397,0
2026-03-12 07:31:00,75.95,3.129,5.453,0
2026-03-12 07:32:00,76.06,3.309,5.74,0
2026-03-12 07:33:00,76.27,3.205,5.545,0
2026-03-12 07:34:00,76.6,3.148,5.525,0
2026-03-12 07:35:00,75.73,2.711,5.422,0
2026-03-12 07:36:00,75.21,3.231,5.431,0
2026-03-12 07:37:00,75.71,3.153,5.409,0
2026-03-12 07:38:00,76.24,2.711,5.585,0
2026-03-12 07:39:00,76.69,3.369,5.448,0
2026-03-12 07:40:00,76.41,2.759,5.662,0
2026-03-12 07:41:00,76.35,2.946,5.618,0
2026-03-12 07:42:00,76.07,3.052,5.533,0
2026-03-12 07:43:00,76.94,3.309,5.537,0
2026-03-12 07:44:00,76.73,3.224,5.449,0
2026-03-12 07:45:00,76.41,3.146,5.548,0
2026-03-12 07:46:00,76.8,2.925,5.504,0
2026-03-12 07:47:00,76.56,3.206,5.495,0
2026-03-12 07:48:00,76.64,3.059,5.636,0
2026-03-12 07:49:00,77.41,2.989,5.488,1
2026-03-12 07:50:00,77.32,2.876,5.559,0
2026-03-12 07:51:00,77.11,3.073,5.906,0
2026-03-12 07:52:00,76.05,3.492,5.759,0
2026-03-12 07:53:00,77.03,3.371,5.755,1
2026-03-12 07:54:00,76.54,3.554,5.613,0
2026-03-12 07:55:00,76.8,3.282,5.708,0
2026-03-12 07:56:00,76.9,2.922,5.673,0
2026-03-12 07:57:00,76.74,3.317,5.759,1
2026-03-12 07:58:00,76.98,2.889,5.591,0
2026-03-12 07:59:00,76.87,3.216,5.598,1
2026-03-12 08:00:00,76.56,2.817,5.649,0
2026-03-12 08:01:00,75.66,2.994,5.562,0
2026-03-12 08:02:00,74.98,3.149,5.51,0
2026-03-12 08:03:00,75.6,3.265,5.468,0
2026-03-12 08:04:00,75.51,3.399,5.632,0
2026-03-12 08:05:00,76.35,3.062,5.577,0
2026-03-12 08:06:00,75.98,3.184,5.466,0
2026-03-12 08:07:00,75.24,3.88,5.71,0
2026-03-12 08:08:00,74.65,2.959,5.707,0
2026-03-12 08:09:00,75.31,2.949,5.601,0
2026-03-12 08:10:00,76.46,2.857,5.571,0
2026-03-12 08:11:00,76.28,3.447,5.698,0
2026-03-12 08:12:00,76.26,2.704,5.516,0
2026-03-12 08:13:00,76.13,2.892,5.253,0
2026-03-12 08:14:00,75.5,2.969,5.289,0
2026-03-12 08:15:00,75.41,3.269,5.637,0
2026-03-12 08:16:00,74.38,2.992,5.575,0
2026-03-12 08:17:00,75.24,2.851,5.708,0
2026-03-12 08:18:00,76.33,3.145,5.645,0
2026-03-12 08:19:00,76.83,3.273,5.712,0
2026-03-12 08:20:00,76.82,3.165,5.665,1
2026-03-12 08:21:00,77.3,3.091,5.808,0
2026-03-12 08:22:00,77.78,2.857,5.693,0
2026-03-12 08:23:00,78.48,3.06,5.83,0
2026-03-12 08:24:00,78.54,3.067,5.553,0
2026-03-12 08:25:00,78.69,3.691,5.457,1
2026-03-12 08:26:00,78.88,3.416,5.49,0
2026-03-12 08:27:00,79.21,3.038,5.67,0
2026-03-12 08:28:00,78.84,3.302,5.496,0
2026-03-12 08:29:00,78.97,3.176,5.653,0
2026-03-12 08:30:00,79.31,3.408,5.65,0
2026-03-12 08:31:00,79.52,3.574,5.72,1
2026-03-12 08:32:00,80.05,3.485,5.679,1
2026-03-12 08:33:00,80.28,3.068,5.74,0
2026-03-12 08:34:00,80.46,3.379,5.954,1
2026-03-12 08:35:00,79.66,3.45,5.681,0
2026-03-12 08:36:00,79.53,3.068,5.768,0
2026-03-12 08:37:00,80.03,3.574,5.427,0
2026-03-12 08:38:00,79.65,3.665,5.636,1
2026-03-12 08:39:00,79.54,3.317,5.702,0
2026-03-12 08:40:00,78.82,3.841,5.61,0
2026-03-12 08:41:00,78.59,3.459,5.837,0
2026-03-12 08:42:00,78.24,3.199,5.713,0
2026-03-12 08:43:00,78.51,3.252,5.528,0
2026-03-12 08:44:00,78.23,3.259,5.668,0
2026-03-12 08:45:00,78.59,3.662,5.875,0
2026-03-12 08:46:00,78.57,3.249,5.936,0
2026-03-12 08:47:00,78.91,3.181,5.393,0
2026-03-12 08:48:00,78.55,2.911,5.678,0
2026-03-12 08:49:00,79.23,3.273,5.532,0
2026-03-12 08:50:00,79.79,3.227,5.421,0
2026-03-12 08:51:00,79.25,3.241,5.478,0
2026-03-12 08:52:00,79.25,3.517,5.739,0
2026-03-12 08:53:00,79.13,3.095,5.695,0
2026-03-12 08:54:00,79.44,2.99,5.86,0
2026-03-12 08:55:00,79.47,3.639,5.696,0
2026-03-12 08:56:00,79.67,2.803,5.532,0
2026-03-12 08:57:00,79.46,3.406,5.589,0
2026-03-12 08:58:00,79.17,3.444,5.521,0
2026-03-12 08:59:00,78.83,3.118,5.561,0
2026-03-12 09:00:00,78.18,2.874,5.567,0
2026-03-12 09:01:00,78.42,3.397,5.642,0
2026-03-12 09:02:00,78.71,2.905,5.59,0
2026-03-12 09:03:00,78.81,3.159,5.59,0
2026-03-12 09:04:00,79.52,3.081,5.54,0
2026-03-12 09:05:00,80.18,3.566,5.487,0
2026-03-12 09:06:00,80.01,3.027,5.73,0
2026-03-12 09:07:00,79.58,3.508,5.665,0
2026-03-12 09:08:00,79.65,3.026,6.029,0
2026-03-12 09:09:00,79.47,3.485,5.458,1
2026-03-12 09:10:00,79.88,3.435,5.577,0
2026-03-12 09:11:00,79.62,3.377,5.705,0
2026-03-12 09:12:00,79.96,3.465,5.803,1
2026-03-12 09:13:00,80.29,3.106,5.596,0
2026-03-12 09:14:00,79.96,3.529,5.766,1
2026-03-12 09:15:00,79.41,3.078,5.618,1
2026-03-12 09:16:00,79.37,3.457,5.631,0
2026-03-12 09:17:00,78.81,2.937,5.794,0
2026-03-12 09:18:00,79.13,3.17,5.599,0
2026-03-12 09:19:00,79.06,3.149,5.912,1
2026-03-12 09:20:00,79.82,3.648,5.599,1
2026-03-12 09:21:00,79.41,3.245,5.461,0
2026-03-12 09:22:00,80.09,3.776,5.57,0
2026-03-12 09:23:00,79.62,3.185,5.738,0
2026-03-12 09:24:00,80.19,3.564,5.693,0
2026-03-12 09:25:00,79.63,3.507,5.539,1
2026-03-12 09:26:00,79.48,3.249,5.584,0
2026-03-12 09:27:00,80.12,3.308,5.678,1
2026-03-12 09:28:00,79.85,3.739,5.689,1
2026-03-12 09:29:00,79.75,3.663,5.542,1
2026-03-12 09:30:00,79.09,3.419,5.647,0
2026-03-12 09:31:00,79.78,3.667,5.524,1
2026-03-12 09:32:00,79.02,2.775,5.85,0
2026-03-12 09:33:00,79.22,3.817,5.684,0
2026-03-12 09:34:00,79.47,3.151,5.793,0
2026-03-12 09:35:00,79.58,3.611,5.673,0
2026-03-12 09:36:00,79.77,3.499,5.863,0
2026-03-12 09:37:00,80.53,3.175,5.859,0
2026-03-12 09:38:00,80.81,3.778,5.678,1
2026-03-12 09:39:00,80.7,3.574,5.831,0
2026-03-12 09:40:00,80.86,3.37,5.719,1
2026-03-12 09:41:00,80.78,2.964,5.871,1
2026-03-12 09:42:00,80.61,3.515,5.881,0
2026-03-12 09:43:00,80.5,3.401,6.011,0
2026-03-12 09:44:00,79.74,3.846,5.898,1
2026-03-12 09:45:00,80.14,3.404,5.576,0
2026-03-12 09:46:00,80.12,3.763,5.651,1
2026-03-12 09:47:00,79.46,3.383,5.998,0
2026-03-12 09:48:00,80.04,3.257,5.674,0
2026-03-12 09:49:00,79.96,3.698,5.765,1
2026-03-12 09:50:00,80.25,3.462,5.718,1
2026-03-12 09:51:00,80.86,3.286,5.96,0
2026-03-12 09:52:00,80.64,3.484,5.811,0
2026-03-12 09:53:00,80.88,3.209,5.786,0
2026-03-12 09:54:00,81.07,3.776,5.955,1
2026-03-12 09:55:00,80.72,3.619,5.928,1
2026-03-12 09:56:00,80.94,2.951,6.071,0
2026-03-12 09:57:00,80.8,3.528,5.998,1
2026-03-12 09:58:00,80.31,3.646,5.732,1
2026-03-12 09:59:00,81.03,3.444,6.015,0
2026-03-12 10:00:00,80.65,3.215,6.027,0
2026-03-12 10:01:00,80.02,3.474,5.959,0
2026-03-12 10:02:00,80.18,3.406,5.928,0
2026-03-12 10:03:00,79.89,3.468,6.017,0
2026-03-12 10:04:00,80.07,3.373,5.768,0
2026-03-12 10:05:00,79.11,3.406,5.894,0
2026-03-12 10:06:00,79.21,3.555,5.706,0
2026-03-12 10:07:00,79.6,3.835,5.656,0
2026-03-12 10:08:00,79.45,3.297,6.04,0
2026-03-12 10:09:00,79.78,3.202,5.995,0
2026-03-12 10:10:00,79.93,3.231,5.98,0
2026-03-12 10:11:00,80.28,3.247,5.846,0
2026-03-12 10:12:00,80.4,3.204,5.709,0
2026-03-12 10:13:00,79.75,3.351,5.834,1
2026-03-12 10:14:00,79.53,3.263,5.855,0
2026-03-12 10:15:00,79.85,3.474,6.05,1
2026-03-12 10:16:00,80.58,3.551,6.009,0
2026-03-12 10:17:00,80.4,3.208,5.945,0
2026-03-12 10:18:00,81.11,3.457,5.796,1
2026-03-12 10:19:00,80.94,2.985,6.027,0
2026-03-12 10:20:00,80.61,3.181,5.803,0
2026-03-12 10:21:00,80.36,3.502,5.744,0
2026-03-12 10:22:00,80.99,3.322,5.97,1
2026-03-12 10:23:00,80.3,3.022,6.033,0
2026-03-12 10:24:00,81.0,3.409,5.749,0
2026-03-12 10:25:00,80.2,3.305,5.83,0
2026-03-12 10:26:00,80.63,3.845,5.873,1
2026-03-12 10:27:00,81.0,4.017,5.741,1
2026-03-12 10:28:00,80.31,3.325,5.867,0
2026-03-12 10:29:00,80.35,3.356,5.821,0
2026-03-12 10:30:00,80.62,3.347,5.952,0
2026-03-12 10:31:00,80.82,3.793,5.994,1
2026-03-12 10:32:00,80.62,3.605,5.672,1
2026-03-12 10:33:00,80.86,3.701,6.272,1
2026-03-12 10:34:00,80.67,4.16,5.912,1
2026-03-12 10:35:00,81.29,2.975,5.718,0
2026-03-12 10:36:00,81.41,3.135,6.009,0
2026-03-12 10:37:00,81.18,3.659,5.837,0
2026-03-12 10:38:00,81.37,3.468,5.802,0
2026-03-12 10:39:00,81.44,3.757,6.106,1
2026-03-12 10:40:00,81.38,3.542,5.838,0
2026-03-12 10:41:00,81.55,4.087,5.887,1
2026-03-12 10:42:00,81.56,3.664,5.888,1
2026-03-12 10:43:00,82.94,3.323,5.738,0
2026-03-12 10:44:00,83.43,3.689,5.89,1
2026-03-12 10:45:00,82.65,3.184,6.088,1
2026-03-12 10:46:00,83.52,3.391,6.004,0
2026-03-12 10:47:00,82.93,3.808,5.73,1
2026-03-12 10:48:00,83.67,3.378,5.886,1
2026-03-12 10:49:00,83.18,3.435,5.883,1
2026-03-12 10:50:00,82.37,3.897,5.829,1
2026-03-12 10:51:00,82.43,3.141,5.692,1
2026-03-12 10:52:00,81.78,3.649,5.696,0
2026-03-12 10:53:00,81.75,3.373,5.83,1
2026-03-12 10:54:00,81.42,3.659,6.006,1
2026-03-12 10:55:00,81.2,3.166,5.768,1
2026-03-12 10:56:00,81.9,3.325,5.797,1
2026-03-12 10:57:00,81.21,3.496,6.08,1
2026-03-12 10:58:00,82.3,3.646,5.724,1
2026-03-12 10:59:00,81.68,3.016,5.945,1
2026-03-12 11:00:00,81.49,3.5,5.923,1
2026-03-12 11:01:00,81.58,3.547,6.025,1
2026-03-12 11:02:00,81.59,3.94,5.75,1
2026-03-12 11:03:00,81.88,3.112,6.0,0
2026-03-12 11:04:00,81.45,3.459,6.049,1
2026-03-12 11:05:00,81.97,3.278,5.777,0
2026-03-12 11:06:00,83.11,4.075,5.906,1
2026-03-12 11:07:00,82.32,3.747,5.79,1
2026-03-12 11:08:00,82.66,3.662,6.001,0
2026-03-12 11:09:00,82.54,3.3,5.917,0
2026-03-12 11:10:00,81.77,3.7,5.82,0
2026-03-12 11:11:00,82.63,3.667,5.711,1
2026-03-12 11:12:00,82.36,3.093,5.936,0
2026-03-12 11:13:00,81.66,3.571,5.793,0
2026-03-12 11:14:00,81.99,3.354,6.198,1
2026-03-12 11:15:00,81.11,3.545,5.93,0
2026-03-12 11:16:00,81.18,3.339,6.009,0
2026-03-12 11:17:00,81.01,3.499,5.949,0
2026-03-12 11:18:00,82.2,3.726,5.833,1
2026-03-12 11:19:00,82.48,3.44,6.278,1
2026-03-12 11:20:00,81.99,4.023,5.914,1
2026-03-12 11:21:00,81.73,3.726,5.818,1
2026-03-12 11:22:00,81.73,3.854,6.111,1
2026-03-12 11:23:00,81.74,3.309,5.973,1
2026-03-12 11:24:00,81.54,3.571,5.865,1
2026-03-12 11:25:00,80.21,3.371,5.83,1
2026-03-12 11:26:00,79.98,3.42,5.991,0
2026-03-12 11:27:00,79.65,3.636,5.864,1
2026-03-12 11:28:00,80.39,3.719,5.899,1
2026-03-12 11:29:00,80.84,3.659,5.894,0
2026-03-12 11:30:00,80.75,3.555,6.016,0
2026-03-12 11:31:00,80.88,3.711,5.875,0
2026-03-12 11:32:00,81.6,3.44,5.937,1
2026-03-12 11:33:00,82.43,3.459,6.152,0
2026-03-12 11:34:00,82.2,3.432,6.187,1
2026-03-12 11:35:00,82.45,3.46,5.576,0
2026-03-12 11:36:00,81.66,3.093,5.897,0
2026-03-12 11:37:00,82.13,3.633,6.03,0
2026-03-12 11:38:00,81.38,3.725,5.887,1
2026-03-12 11:39:00,81.31,3.795,6.012,0
2026-03-12 11:40:00,82.18,3.334,5.626,1
2026-03-12 11:41:00,82.45,3.446,5.683,0
2026-03-12 11:42:00,82.72,3.981,5.845,1
2026-03-12 11:43:00,82.97,3.27,5.8,0
2026-03-12 11:44:00,83.44,3.347,5.86,0
2026-03-12 11:45:00,83.26,3.388,5.779,1
2026-03-12 11:46:00,83.52,3.69,5.836,1
2026-03-12 11:47:00,83.29,3.452,6.007,0
2026-03-12 11:48:00,83.67,3.178,5.949,0
2026-03-12 11:49:00,82.63,3.749,5.88,1
2026-03-12 11:50:00,83.05,4.068,5.843,1
2026-03-12 11:51:00,82.8,3.33,5.957,1
2026-03-12 11:52:00,82.43,3.893,5.903,1
2026-03-12 11:53:00,81.99,4.027,5.9,1
2026-03-12 11:54:00,82.48,3.695,5.713,0
2026-03-12 11:55:00,82.82,3.522,5.602,1
2026-03-12 11:56:00,81.83,3.715,6.028,1
2026-03-12 11:57:00,82.75,3.582,5.957,0
2026-03-12 11:58:00,82.53,3.504,5.742,1
2026-03-12 11:59:00,82.47,3.809,5.955,1
2026-03-12 12:00:00,82.36,3.736,5.793,1
2026-03-12 12:01:00,82.43,3.614,5.913,1
2026-03-12 12:02:00,81.45,3.831,5.831,1
2026-03-12 12:03:00,82.06,3.748,6.073,0
2026-03-12 12:04:00,82.15,3.278,5.994,1
2026-03-12 12:05:00,81.47,3.246,5.732,0
2026-03-12 12:06:00,81.38,3.473,6.021,0
2026-03-12 12:07:00,80.99,3.573,5.665,1
2026-03-12 12:08:00,81.15,2.861,6.194,0
2026-03-12 12:09:00,80.83,3.286,5.75,0
2026-03-12 12:10:00,81.23,3.744,5.858,1
2026-03-12 12:11:00,80.4,3.124,5.568,0
2026-03-12 12:12:00,80.79,3.414,5.84,0
2026-03-12 12:13:00,80.57,3.576,5.628,0
2026-03-12 12:14:00,81.23,3.631,5.668,1
2026-03-12 12:15:00,80.93,3.578,5.735,1
2026-03-12 12:16:00,81.15,3.504,5.917,0
2026-03-12 12:17:00,80.99,3.437,5.651,1
2026-03-12 12:18:00,80.77,3.97,5.678,1
2026-03-12 12:19:00,81.16,3.765,5.638,1
2026-03-12 12:20:00,80.8,3.604,5.826,1
2026-03-12 12:21:00,81.44,3.036,5.704,0
2026-03-12 12:22:00,80.17,3.721,5.443,1
2026-03-12 12:23:00,79.78,3.365,5.498,0
2026-03-12 12:24:00,80.53,3.027,5.607,0
2026-03-12 12:25:00,80.38,2.926,5.716,0
2026-03-12 12:26:00,79.88,3.44,5.584,0
2026-03-12 12:27:00,80.67,3.479,5.756,1
2026-03-12 12:28:00,80.06,3.12,5.673,0
2026-03-12 12:29:00,80.7,2.956,5.87,0
2026-03-12 12:30:00,80.89,3.752,5.673,1
2026-03-12 12:31:00,81.0,3.35,6.018,0
2026-03-12 12:32:00,81.53,3.583,5.848,0
2026-03-12 12:33:00,81.33,3.252,5.514,1
2026-03-12 12:34:00,80.47,3.785,5.558,1
2026-03-12 12:35:00,81.39,3.305,5.852,0
2026-03-12 12:36:00,81.77,3.061,5.658,0
2026-03-12 12:37:00,81.53,3.673,5.559,0
2026-03-12 12:38:00,82.06,3.848,5.71,1
2026-03-12 12:39:00,81.69,3.609,5.808,1
2026-03-12 12:40:00,81.66,3.646,5.878,0
2026-03-12 12:41:00,81.29,3.351,5.668,0
2026-03-12 12:42:00,81.85,3.365,5.882,1
2026-03-12 12:43:00,81.32,3.383,5.575,0
2026-03-12 12:44:00,81.94,3.263,5.88,0
2026-03-12 12:45:00,81.23,3.288,5.776,0
2026-03-12 12:46:00,81.37,3.867,5.812,0
2026-03-12 12:47:00,82.0,3.603,5.471,1
2026-03-12 12:48:00,81.61,3.395,5.704,0
2026-03-12 12:49:00,81.37,3.181,5.779,1
2026-03-12 12:50:00,81.96,3.54,5.616,1
2026-03-12 12:51:00,81.13,3.769,5.682,1
2026-03-12 12:52:00,80.83,2.995,6.037,1
2026-03-12 12:53:00,80.17,3.35,5.696,0
2026-03-12 12:54:00,80.41,3.27,5.821,0
2026-03-12 12:55:00,80.15,3.367,5.556,0
2026-03-12 12:56:00,79.95,3.399,5.913,1
2026-03-12 12:57:00,79.52,3.135,5.893,0
2026-03-12 12:58:00,79.48,3.545,5.876,1
2026-03-12 12:59:00,79.89,3.861,5.782,0
2026-03-12 13:00:00,79.9,3.335,5.617,0
2026-03-12 13:01:00,80.55,3.203,5.972,0
2026-03-12 13:02:00,80.63,3.604,5.734,0
2026-03-12 13:03:00,80.64,3.376,5.726,0
2026-03-12 13:04:00,80.92,3.333,5.841,1
2026-03-12 13:05:00,80.45,3.299,5.681,0
2026-03-12 13:06:00,79.94,3.642,5.576,1
2026-03-12 13:07:00,80.03,3.986,5.483,0
2026-03-12 13:08:00,80.42,3.274,5.819,0
2026-03-12 13:09:00,79.59,3.689,5.989,1
2026-03-12 13:10:00,79.47,2.953,5.729,0
2026-03-12 13:11:00,79.43,3.67,5.882,0
2026-03-12 13:12:00,79.18,3.604,5.869,1
2026-03-12 13:13:00,79.77,4.169,5.586,0
2026-03-12 13:14:00,79.73,2.977,5.659,0
2026-03-12 13:15:00,81.15,3.084,5.947,1
2026-03-12 13:16:00,80.61,3.838,5.861,0
2026-03-12 13:17:00,81.1,3.416,5.917,0
2026-03-12 13:18:00,81.4,3.905,5.734,1
2026-03-12 13:19:00,81.5,3.348,5.663,0
2026-03-12 13:20:00,80.24,3.731,5.537,1
2026-03-12 13:21:00,80.25,3.762,5.671,0
2026-03-12 13:22:00,80.48,3.484,5.568,1
2026-03-12 13:23:00,80.66,3.32,5.974,0
2026-03-12 13:24:00,80.05,3.337,5.713,0
2026-03-12 13:25:00,80.24,3.245,5.753,0
2026-03-12 13:26:00,79.92,3.55,5.584,0
2026-03-12 13:27:00,80.03,3.327,5.839,0
2026-03-12 13:28:00,80.54,3.544,5.661,0
2026-03-12 13:29:00,80.05,3.741,5.863,0
2026-03-12 13:30:00,80.43,3.177,5.41,0
2026-03-12 13:31:00,80.95,3.652,5.545,0
2026-03-12 13:32:00,81.22,3.396,5.952,1
2026-03-12 13:33:00,80.86,3.574,5.766,0
2026-03-12 13:34:00,80.62,3.434,5.713,1
2026-03-12 13:35:00,80.65,3.618,5.65,1
2026-03-12 13:36:00,80.37,2.946,5.893,0
2026-03-12 13:37:00,80.33,3.788,5.743,1
2026-03-12 13:38:00,80.99,3.201,5.797,1
2026-03-12 13:39:00,81.94,3.548,5.65,1
2026-03-12 13:40:00,81.43,3.057,5.703,0
2026-03-12 13:41:00,80.96,3.367,5.691,0
2026-03-12 13:42:00,80.52,3.688,5.683,0
2026-03-12 13:43:00,80.82,3.339,5.879,0
2026-03-12 13:44:00,81.22,3.444,5.783,0
2026-03-12 13:45:00,80.79,3.375,5.51,0
2026-03-12 13:46:00,80.28,3.058,5.633,1
2026-03-12 13:47:00,80.32,3.09,5.663,0
2026-03-12 13:48:00,79.65,3.385,5.658,1
2026-03-12 13:49:00,79.43,3.002,5.657,0
2026-03-12 13:50:00,79.21,3.846,5.81,0
2026-03-12 13:51:00,79.98,3.132,5.738,1
2026-03-12 13:52:00,80.47,3.738,5.478,1
2026-03-12 13:53:00,80.23,2.988,5.861,0
2026-03-12 13:54:00,80.85,3.264,5.88,0
2026-03-12 13:55:00,80.49,3.319,5.744,0
2026-03-12 13:56:00,80.68,3.258,5.676,0
2026-03-12 13:57:00,80.86,3.538,5.549,0
2026-03-12 13:58:00,80.37,2.907,5.903,0
2026-03-12 13:59:00,80.24,3.49,5.737,1
2026-03-12 14:00:00,79.93,2.717,5.617,0
2026-03-12 14:01:00,80.41,3.24,5.562,0
2026-03-12 14:02:00,79.22,3.287,5.542,1
2026-03-12 14:03:00,79.36,3.585,5.777,0
2026-03-12 14:04:00,79.28,3.317,5.458,1
2026-03-12 14:05:00,79.31,3.151,5.504,0
2026-03-12 14:06:00,79.98,3.089,5.698,0
2026-03-12 14:07:00,79.73,3.582,5.881,0
2026-03-12 14:08:00,79.93,3.215,5.549,1
2026-03-12 14:09:00,80.64,3.357,5.617,0
2026-03-12 14:10:00,80.42,3.119,5.604,0
2026-03-12 14:11:00,79.52,3.463,5.655,0
2026-03-12 14:12:00,79.34,3.024,5.692,1
2026-03-12 14:13:00,79.89,3.38,5.761,0
2026-03-12 14:14:00,79.46,3.42,5.696,0
2026-03-12 14:15:00,79.74,2.998,5.859,0
2026-03-12 14:16:00,80.2,3.695,6.067,1
2026-03-12 14:17:00,79.69,3.301,5.775,0
2026-03-12 14:18:00,79.59,3.026,5.716,0
2026-03-12 14:19:00,80.01,3.455,5.816,0
2026-03-12 14:20:00,80.7,3.201,5.926,0
2026-03-12 14:21:00,80.5,3.483,5.722,0
2026-03-12 14:22:00,80.26,3.261,5.691,0
2026-03-12 14:23:00,80.79,3.22,5.609,0
2026-03-12 14:24:00,80.26,3.469,5.644,1
2026-03-12 14:25:00,80.15,3.284,5.825,1
2026-03-12 14:26:00,80.63,2.918,5.598,1
2026-03-12 14:27:00,80.21,3.337,5.858,0
2026-03-12 14:28:00,79.72,3.515,5.611,1
2026-03-12 14:29:00,80.06,3.116,5.639,0
2026-03-12 14:30:00,79.63,3.418,5.615,1
2026-03-12 14:31:00,80.1,3.461,5.771,1
2026-03-12 14:32:00,79.92,3.276,5.776,0
2026-03-12 14:33:00,79.61,3.351,5.709,0
2026-03-12 14:34:00,78.95,3.803,5.494,1
2026-03-12 14:35:00,79.52,3.4,5.641,0
2026-03-12 14:36:00,79.52,3.277,5.655,0
2026-03-12 14:37:00,79.47,2.871,5.608,1
2026-03-12 14:38:00,79.04,3.446,5.618,1
2026-03-12 14:39:00,78.73,2.968,5.591,1
2026-03-12 14:40:00,78.98,3.358,5.692,1
2026-03-12 14:41:00,79.34,3.533,5.83,0
2026-03-12 14:42:00,79.39,3.028,5.697,0
2026-03-12 14:43:00,79.25,3.306,5.744,0
2026-03-12 14:44:00,79.07,2.988,5.765,0
2026-03-12 14:45:00,79.32,3.529,5.8,1
2026-03-12 14:46:00,78.93,3.776,5.783,1
2026-03-12 14:47:00,78.7,2.956,5.674,0
2026-03-12 14:48:00,77.75,3.157,5.708,0
2026-03-12 14:49:00,78.69,3.213,5.6,0
2026-03-12 14:50:00,78.4,3.135,5.558,0
2026-03-12 14:51:00,78.12,3.427,5.602,0
2026-03-12 14:52:00,77.93,2.971,5.523,0
2026-03-12 14:53:00,77.01,3.278,5.625,0
2026-03-12 14:54:00,77.41,3.106,5.636,0
2026-03-12 14:55:00,76.95,2.921,5.712,0
2026-03-12 14:56:00,77.45,3.103,5.688,0
2026-03-12 14:57:00,78.11,2.848,5.342,0
2026-03-12 14:58:00,78.08,3.554,5.591,1
2026-03-12 14:59:00,77.03,2.992,5.513,0
2026-03-12 15:00:00,77.12,3.182,5.611,0
2026-03-12 15:01:00,77.59,2.768,5.529,0
2026-03-12 15:02:00,77.62,3.566,5.468,1
2026-03-12 15:03:00,78.09,2.817,5.68,0
2026-03-12 15:04:00,77.95,3.455,5.706,0
2026-03-12 15:05:00,77.33,2.892,5.565,0
2026-03-12 15:06:00,76.93,3.258,5.409,0
2026-03-12 15:07:00,77.2,2.896,5.66,0
2026-03-12 15:08:00,76.87,3.161,5.152,0
2026-03-12 15:09:00,76.88,3.08,5.643,0
2026-03-12 15:10:00,76.41,3.215,5.498,0
2026-03-12 15:11:00,76.01,2.967,5.529,0
2026-03-12 15:12:00,75.31,2.639,5.589,0
2026-03-12 15:13:00,75.89,3.438,5.552,0
2026-03-12 15:14:00,75.99,2.917,5.627,0
2026-03-12 15:15:00,75.6,3.332,5.641,0
2026-03-12 15:16:00,75.68,3.419,5.498,0
2026-03-12 15:17:00,76.15,2.91,5.503,0
2026-03-12 15:18:00,75.87,3.44,5.497,0
2026-03-12 15:19:00,76.7,3.049,5.627,0
2026-03-12 15:20:00,76.64,3.372,5.774,0
2026-03-12 15:21:00,76.78,3.655,5.37,0
2026-03-12 15:22:00,76.83,3.53,5.554,0
2026-03-12 15:23:00,76.85,3.117,5.718,0
2026-03-12 15:24:00,76.89,3.098,5.642,0
2026-03-12 15:25:00,76.6,3.208,5.672,0
2026-03-12 15:26:00,76.36,2.973,5.587,0
2026-03-12 15:27:00,76.59,3.217,5.479,0
2026-03-12 15:28:00,75.79,3.513,5.407,0
2026-03-12 15:29:00,76.56,3.196,5.412,0
2026-03-12 15:30:00,76.19,2.868,5.472,0
2026-03-12 15:31:00,76.0,2.89,5.618,0
2026-03-12 15:32:00,76.13,3.145,5.509,0
2026-03-12 15:33:00,76.83,3.035,5.463,0
2026-03-12 15:34:00,76.41,3.154,5.61,1
2026-03-12 15:35:00,75.98,3.253,5.338,0
2026-03-12 15:36:00,76.35,3.147,5.49,0
2026-03-12 15:37:00,75.75,2.784,5.553,0
2026-03-12 15:38:00,75.49,3.386,5.461,0
2026-03-12 15:39:00,76.63,3.099,5.623,0
2026-03-12 15:40:00,76.14,2.727,5.639,0
2026-03-12 15:41:00,76.53,3.15,5.401,0
2026-03-12 15:42:00,75.86,2.963,5.728,0
2026-03-12 15:43:00,76.44,3.459,5.554,0
2026-03-12 15:44:00,76.6,3.183,5.438,0
2026-03-12 15:45:00,76.96,3.184,5.486,0
2026-03-12 15:46:00,76.56,3.18,5.757,0
2026-03-12 15:47:00,76.93,3.315,5.353,0
2026-03-12 15:48:00,77.08,3.355,5.664,0
2026-03-12 15:49:00,77.89,3.265,5.453,1
2026-03-12 15:50:00,77.41,2.857,5.366,0
2026-03-12 15:51:00,77.7,3.308,5.723,0
2026-03-12 15:52:00,77.13,3.361,5.49,0
2026-03-12 15:53:00,76.86,3.346,5.606,0
2026-03-12 15:54:00,77.29,3.187,5.828,0
2026-03-12 15:55:00,76.78,3.069,5.549,1
2026-03-12 15:56:00,76.86,3.223,5.658,0
2026-03-12 15:57:00,76.51,2.851,5.388,0
2026-03-12 15:58:00,76.13,3.074,5.536,0
2026-03-12 15:59:00,76.74,3.579,5.652,0
2026-03-12 16:00:00,77.61,3.277,5.59,0
2026-03-12 16:01:00,77.5,3.286,5.499,0
2026-03-12 16:02:00,77.17,2.987,5.582,0
2026-03-12 16:03:00,78.22,3.283,5.52,0
2026-03-12 16:04:00,79.16,3.275,5.656,0
2026-03-12 16:05:00,78.62,2.913,5.74,0
2026-03-12 16:06:00,78.86,3.453,5.634,0
2026-03-12 16:07:00,78.74,3.28,5.698,1
2026-03-12 16:08:00,78.25,3.096,5.675,0
2026-03-12 16:09:00,78.58,3.044,5.669,0
2026-03-12 16:10:00,78.58,3.012,5.63,0
2026-03-12 16:11:00,78.9,2.962,5.654,1
2026-03-12 16:12:00,78.94,3.302,5.494,0
2026-03-12 16:13:00,78.63,2.938,5.467,0
2026-03-12 16:14:00,78.7,3.38,5.683,1
2026-03-12 16:15:00,78.94,3.354,5.425,0
2026-03-12 16:16:00,78.81,3.398,5.565,0
2026-03-12 16:17:00,79.23,3.642,5.759,1
2026-03-12 16:18:00,78.55,3.202,5.541,0
2026-03-12 16:19:00,78.11,3.276,5.623,0
2026-03-12 16:20:00,78.67,3.245,5.633,0
2026-03-12 16:21:00,77.75,2.974,5.809,0
2026-03-12 16:22:00,77.27,3.016,5.794,0
2026-03-12 16:23:00,77.9,2.689,5.647,0
2026-03-12 16:24:00,77.45,3.287,5.507,0
2026-03-12 16:25:00,77.09,2.741,5.519,0
2026-03-12 16:26:00,76.85,3.163,5.718,0
2026-03-12 16:27:00,77.34,3.412,5.597,0
2026-03-12 16:28:00,78.06,3.533,5.432,0
2026-03-12 16:29:00,77.66,3.405,5.535,0
2026-03-12 16:30:00,78.44,3.24,5.761,0
2026-03-12 16:31:00,78.25,6.22,5.634,1
2026-03-12 16:32:00,78.41,3.291,5.834,0
2026-03-12 16:33:00,78.65,3.289,5.569,1
2026-03-12 16:34:00,79.4,2.978,5.609,0
2026-03-12 16:35:00,79.22,3.157,5.582,0
2026-03-12 16:36:00,78.97,3.196,5.687,0
2026-03-12 16:37:00,78.62,3.251,5.806,0
2026-03-12 16:38:00,78.13,3.376,5.594,0
2026-03-12 16:39:00,78.39,3.276,5.636,0
2026-03-12 16:40:00,78.36,3.536,5.558,1
2026-03-12 16:41:00,79.06,3.141,5.461,0
2026-03-12 16:42:00,79.23,3.391,5.607,0
2026-03-12 16:43:00,78.39,3.85,5.612,0
2026-03-12 16:44:00,79.32,3.163,5.628,0
2026-03-12 16:45:00,78.6,3.116,5.821,0
2026-03-12 16:46:00,77.91,3.596,5.653,0
2026-03-12 16:47:00,77.81,3.027,5.736,1
2026-03-12 16:48:00,77.73,3.105,5.544,0
2026-03-12 16:49:00,77.85,3.46,5.435,0
2026-03-12 16:50:00,77.56,3.558,5.669,0
2026-03-12 16:51:00,77.88,3.361,5.435,0
2026-03-12 16:52:00,77.78,3.502,5.573,0
2026-03-12 16:53:00,77.18,3.031,5.548,0
2026-03-12 16:54:00,77.24,3.238,5.646,0
2026-03-12 16:55:00,77.52,3.106,5.539,1
2026-03-12 16:56:00,76.68,2.949,5.686,0
2026-03-12 16:57:00,76.54,3.087,5.581,0
2026-03-12 16:58:00,76.4,3.224,5.329,0
2026-03-12 16:59:00,76.64,3.216,5.521,0
2026-03-12 17:00:00,76.93,3.692,5.429,1
2026-03-12 17:01:00,77.19,2.904,5.828,1
2026-03-12 17:02:00,77.35,3.166,5.642,0
2026-03-12 17:03:00,76.7,3.114,5.631,0
2026-03-12 17:04:00,77.0,3.219,5.481,1
2026-03-12 17:05:00,77.7,2.998,5.617,1
2026-03-12 17:06:00,77.46,3.473,5.707,0
2026-03-12 17:07:00,78.46,3.435,5.679,0
2026-03-12 17:08:00,77.79,3.452,5.819,0
2026-03-12 17:09:00,77.71,3.199,5.628,1
2026-03-12 17:10:00,77.34,3.026,5.703,0
2026-03-12 17:11:00,78.47,3.283,5.627,0
2026-03-12 17:12:00,77.65,3.33,5.726,0
2026-03-12 17:13:00,77.48,3.224,5.643,0
2026-03-12 17:14:00,77.52,3.096,5.574,0
2026-03-12 17:15:00,78.33,3.363,5.689,0
2026-03-12 17:16:00,77.42,3.053,5.651,0
2026-03-12 17:17:00,78.13,3.538,5.794,0
2026-03-12 17:18:00,77.83,2.972,5.623,0
2026-03-12 17:19:00,78.21,3.069,5.563,0
2026-03-12 17:20:00,78.17,3.912,5.552,1
2026-03-12 17:21:00,77.96,3.554,5.646,0
2026-03-12 17:22:00,78.2,3.437,5.575,1
2026-03-12 17:23:00,78.98,2.872,5.859,1
2026-03-12 17:24:00,79.6,3.211,5.936,1
2026-03-12 17:25:00,79.18,3.177,5.736,0
2026-03-12 17:26:00,79.81,3.27,5.917,0
2026-03-12 17:27:00,79.91,3.368,5.48,1
2026-03-12 17:28:00,80.28,3.628,5.647,1
2026-03-12 17:29:00,80.85,3.457,5.836,0
2026-03-12 17:30:00,80.43,2.957,5.556,0
2026-03-12 17:31:00,80.59,3.235,5.687,1
2026-03-12 17:32:00,80.77,3.009,5.712,0
2026-03-12 17:33:00,79.37,3.484,5.378,1
2026-03-12 17:34:00,79.18,2.832,5.907,0
2026-03-12 17:35:00,80.04,3.02,6.022,0
2026-03-12 17:36:00,79.56,3.335,5.814,1
2026-03-12 17:37:00,80.36,3.263,5.601,0
2026-03-12 17:38:00,79.95,3.618,5.715,1
2026-03-12 17:39:00,79.04,3.31,5.755,0
2026-03-12 17:40:00,78.83,2.953,5.733,0
2026-03-12 17:41:00,79.32,3.325,5.754,0
2026-03-12 17:42:00,78.66,3.147,5.595,0
2026-03-12 17:43:00,79.03,2.933,5.683,0
2026-03-12 17:44:00,79.67,2.876,5.575,0
2026-03-12 17:45:00,79.58,3.641,5.639,1
2026-03-12 17:46:00,79.05,3.126,5.457,0
2026-03-12 17:47:00,79.05,3.203,5.557,0
2026-03-12 17:48:00,78.13,3.335,5.747,0
2026-03-12 17:49:00,78.54,3.256,5.407,0
2026-03-12 17:50:00,77.15,2.888,5.645,0
2026-03-12 17:51:00,77.06,2.998,5.718,0
2026-03-12 17:52:00,77.67,3.136,5.597,0
2026-03-12 17:53:00,78.43,2.903,5.647,1
2026-03-12 17:54:00,78.18,3.082,5.701,0
2026-03-12 17:55:00,78.27,3.716,5.758,1
2026-03-12 17:56:00,78.75,3.233,5.591,0
2026-03-12 17:57:00,77.98,3.215,5.563,0
2026-03-12 17:58:00,78.17,3.437,5.673,1
2026-03-12 17:59:00,78.1,3.158,5.873,0
2026-03-12 18:00:00,77.35,2.794,5.731,0
2026-03-12 18:01:00,77.33,3.437,5.683,0
2026-03-12 18:02:00,77.89,3.273,5.518,0
2026-03-12 18:03:00,78.13,3.444,5.468,0
2026-03-12 18:04:00,79.05,3.454,5.676,0
2026-03-12 18:05:00,78.76,3.231,5.428,0
2026-03-12 18:06:00,79.49,3.541,5.828,0
2026-03-12 18:07:00,79.23,3.352,6.086,0
2026-03-12 18:08:00,78.99,3.527,5.753,1
2026-03-12 18:09:00,79.69,3.21,5.79,0
2026-03-12 18:10:00,79.35,3.768,5.653,0
2026-03-12 18:11:00,79.23,3.578,5.567,0
2026-03-12 18:12:00,77.77,3.415,5.797,0
2026-03-12 18:13:00,78.41,3.3,5.732,0
2026-03-12 18:14:00,79.03,3.106,5.508,0
2026-03-12 18:15:00,78.86,3.25,5.298,1
2026-03-12 18:16:00,79.64,3.389,5.589,0
2026-03-12 18:17:00,79.48,3.375,5.681,1
2026-03-12 18:18:00,79.74,3.272,5.807,0
2026-03-12 18:19:00,79.94,3.136,5.648,0
2026-03-12 18:20:00,79.7,3.349,5.701,1
2026-03-12 18:21:00,79.17,3.057,5.762,0
2026-03-12 18:22:00,79.58,3.621,5.625,0
2026-03-12 18:23:00,79.47,3.188,5.707,0
2026-03-12 18:24:00,79.12,3.351,5.798,1
2026-03-12 18:25:00,78.79,3.392,5.547,0
2026-03-12 18:26:00,78.51,3.28,5.701,0
2026-03-12 18:27:00,79.1,3.387,5.815,0
2026-03-12 18:28:00,77.77,3.442,5.446,0
2026-03-12 18:29:00,78.0,2.92,5.57,0
2026-03-12 18:30:00,77.24,2.806,5.466,0
2026-03-12 18:31:00,77.25,3.165,5.581,0
2026-03-12 18:32:00,77.89,3.203,5.436,0
2026-03-12 18:33:00,77.77,3.111,5.633,0
2026-03-12 18:34:00,77.48,3.143,5.718,0
2026-03-12 18:35:00,78.07,3.423,5.701,1
2026-03-12 18:36:00,77.31,3.574,5.72,0
2026-03-12 18:37:00,77.65,3.488,5.583,0
2026-03-12 18:38:00,76.66,2.832,5.581,0
2026-03-12 18:39:00,77.66,3.222,5.517,1
2026-03-12 18:40:00,78.31,3.373,5.777,1
2026-03-12 18:41:00,78.43,2.849,5.527,0
2026-03-12 18:42:00,78.18,3.482,5.603,0
2026-03-12 18:43:00,77.83,3.258,5.801,1
2026-03-12 18:44:00,77.93,3.327,5.537,0
2026-03-12 18:45:00,77.68,2.998,5.672,0
2026-03-12 18:46:00,77.3,3.086,5.656,0
2026-03-12 18:47:00,77.35,3.352,5.871,0
2026-03-12 18:48:00,77.19,2.985,5.739,0
2026-03-12 18:49:00,77.22,3.332,5.695,0
2026-03-12 18:50:00,77.8,3.294,5.526,0
2026-03-12 18:51:00,77.46,3.42,5.474,0
2026-03-12 18:52:00,77.01,3.498,5.663,0
2026-03-12 18:53:00,78.06,3.247,5.95,0
2026-03-12 18:54:00,77.7,3.348,5.602,0
2026-03-12 18:55:00,77.14,3.409,5.724,0
2026-03-12 18:56:00,77.86,3.449,5.589,1
2026-03-12 18:57:00,77.24,3.548,5.524,0
2026-03-12 18:58:00,78.04,2.946,5.635,0
2026-03-12 18:59:00,77.99,3.647,5.444,1
2026-03-12 19:00:00,78.28,3.185,5.495,0
2026-03-12 19:01:00,78.88,3.323,5.63,0
2026-03-12 19:02:00,78.54,3.114,5.653,1
2026-03-12 19:03:00,78.25,3.003,5.54,0
2026-03-12 19:04:00,78.16,3.263,5.522,0
2026-03-12 19:05:00,77.27,3.251,5.58,0
2026-03-12 19:06:00,77.71,3.036,5.505,1
2026-03-12 19:07:00,78.1,3.188,5.802,0
2026-03-12 19:08:00,77.56,3.334,5.61,0
2026-03-12 19:09:00,77.46,3.004,5.485,0
2026-03-12 19:10:00,78.01,3.091,5.485,0
2026-03-12 19:11:00,78.3,3.195,5.529,0
2026-03-12 19:12:00,78.09,3.112,5.639,0
2026-03-12 19:13:00,77.96,3.53,5.627,1
2026-03-12 19:14:00,77.65,3.249,5.364,0
2026-03-12 19:15:00,77.11,3.335,5.468,0
2026-03-12 19:16:00,76.92,2.945,5.663,0
2026-03-12 19:17:00,76.77,3.287,5.563,0
2026-03-12 19:18:00,76.96,3.043,5.538,0
2026-03-12 19:19:00,77.23,2.765,5.461,0
2026-03-12 19:20:00,77.7,3.332,5.706,1
2026-03-12 19:21:00,77.49,3.228,5.625,0
2026-03-12 19:22:00,77.67,3.092,5.649,0
2026-03-12 19:23:00,76.75,3.205,5.687,0
2026-03-12 19:24:00,76.95,3.339,5.482,0
2026-03-12 19:25:00,77.06,2.81,5.588,0
2026-03-12 19:26:00,77.38,3.182,5.503,0
2026-03-12 19:27:00,76.93,3.167,5.394,0
2026-03-12 19:28:00,76.95,3.197,5.743,0
2026-03-12 19:29:00,76.98,3.166,5.459,0
2026-03-12 19:30:00,77.2,3.334,5.462,0
2026-03-12 19:31:00,76.29,3.04,5.513,0
2026-03-12 19:32:00,76.97,2.998,5.604,0
2026-03-12 19:33:00,77.02,2.976,5.527,0
2026-03-12 19:34:00,77.3,3.074,5.554,0
2026-03-12 19:35:00,77.0,2.973,5.618,0
2026-03-12 19:36:00,76.91,3.285,5.408,0
2026-03-12 19:37:00,76.23,3.415,5.446,1
2026-03-12 19:38:00,76.86,3.028,5.504,0
2026-03-12 19:39:00,77.46,3.245,5.372,0
2026-03-12 19:40:00,77.34,3.004,5.487,0
2026-03-12 19:41:00,78.19,3.496,5.393,0
2026-03-12 19:42:00,78.51,3.323,5.601,0
2026-03-12 19:43:00,79.68,3.795,5.623,1
2026-03-12 19:44:00,79.11,3.143,5.629,0
2026-03-12 19:45:00,79.72,3.469,5.582,0
2026-03-12 19:46:00,79.02,3.156,5.344,1
2026-03-12 19:47:00,78.94,3.295,5.761,0
2026-03-12 19:48:00,79.71,3.287,5.448,0
2026-03-12 19:49:00,78.77,3.248,5.492,0
2026-03-12 19:50:00,78.03,3.169,5.807,0
2026-03-12 19:51:00,77.12,3.128,5.594,0
2026-03-12 19:52:00,76.61,3.113,5.365,0
2026-03-12 19:53:00,76.94,2.955,5.423,0
2026-03-12 19:54:00,77.4,2.988,5.358,0
2026-03-12 19:55:00,76.88,2.893,5.426,0
2026-03-12 19:56:00,77.43,3.219,5.493,0
2026-03-12 19:57:00,77.75,3.166,5.418,0
2026-03-12 19:58:00,76.85,2.519,5.378,0
2026-03-12 19:59:00,76.65,2.89,5.522,0
2026-03-12 20:00:00,76.8,2.848,5.526,0
2026-03-12 20:01:00,76.49,2.864,5.326,0
2026-03-12 20:02:00,76.49,3.114,5.751,0
2026-03-12 20:03:00,76.8,3.023,5.383,0
2026-03-12 20:04:00,76.76,2.963,5.602,1
2026-03-12 20:05:00,77.15,3.431,5.504,1
2026-03-12 20:06:00,77.53,3.492,5.225,0
2026-03-12 20:07:00,76.79,3.46,5.533,0
2026-03-12 20:08:00,77.25,3.019,5.716,0
2026-03-12 20:09:00,76.51,3.082,5.566,0
2026-03-12 20:10:00,77.04,2.844,5.497,0
2026-03-12 20:11:00,77.26,3.316,5.601,1
2026-03-12 20:12:00,77.63,3.47,5.59,0
2026-03-12 20:13:00,77.58,3.124,5.531,0
2026-03-12 20:14:00,77.3,3.193,5.612,0
2026-03-12 20:15:00,77.14,3.102,5.54,0
2026-03-12 20:16:00,77.6,3.333,5.399,0
2026-03-12 20:17:00,77.72,3.277,5.494,0
2026-03-12 20:18:00,77.99,3.257,5.672,0
2026-03-12 20:19:00,77.67,2.907,5.719,0
2026-03-12 20:20:00,77.76,2.858,5.576,0
2026-03-12 20:21:00,76.78,2.769,5.278,0
2026-03-12 20:22:00,77.62,3.187,5.719,0
2026-03-12 20:23:00,77.37,3.083,5.421,0
2026-03-12 20:24:00,77.4,3.24,5.596,0
2026-03-12 20:25:00,77.54,2.963,5.294,0
2026-03-12 20:26:00,77.78,3.518,5.644,0
2026-03-12 20:27:00,77.28,3.526,5.792,0
2026-03-12 20:28:00,77.32,3.146,5.728,0
2026-03-12 20:29:00,76.78,3.289,5.376,0
2026-03-12 20:30:00,77.49,3.282,5.612,0
2026-03-12 20:31:00,77.25,2.999,5.601,0
2026-03-12 20:32:00,76.92,3.096,5.715,0
2026-03-12 20:33:00,77.06,3.23,5.554,0
2026-03-12 20:34:00,77.14,3.592,5.439,0
2026-03-12 20:35:00,77.1,3.107,5.551,0
2026-03-12 20:36:00,77.0,3.379,5.526,0
2026-03-12 20:37:00,77.09,2.84,5.578,0
2026-03-12 20:38:00,77.85,3.483,5.587,0
2026-03-12 20:39:00,76.9,2.887,5.46,0
2026-03-12 20:40:00,77.18,2.885,5.526,0
2026-03-12 20:41:00,77.78,3.308,5.675,0
2026-03-12 20:42:00,78.11,3.19,5.776,0
2026-03-12 20:43:00,77.6,3.163,5.788,0
2026-03-12 20:44:00,78.3,2.948,5.763,0
2026-03-12 20:45:00,77.99,3.287,5.697,0
2026-03-12 20:46:00,78.65,2.773,5.742,0
2026-03-12 20:47:00,78.43,2.982,5.514,0
2026-03-12 20:48:00,78.0,3.267,5.31,0
2026-03-12 20:49:00,78.75,3.178,5.499,0
2026-03-12 20:50:00,78.87,2.978,5.461,1
2026-03-12 20:51:00,77.96,3.028,5.458,0
2026-03-12 20:52:00,77.18,3.059,5.531,0
2026-03-12 20:53:00,77.58,2.919,5.629,0
2026-03-12 20:54:00,77.35,3.133,5.431,0
2026-03-12 20:55:00,76.94,3.161,5.576,0
2026-03-12 20:56:00,75.94,2.924,5.536,0
2026-03-12 20:57:00,76.32,3.017,5.275,0
2026-03-12 20:58:00,77.61,3.338,5.397,1
2026-03-12 20:59:00,77.14,2.981,5.803,0
2026-03-12 21:00:00,77.29,3.551,5.258,0
2026-03-12 21:01:00,77.32,3.287,5.608,0
2026-03-12 21:02:00,77.75,3.334,5.59,0
2026-03-12 21:03:00,77.42,3.415,5.461,0
2026-03-12 21:04:00,76.96,3.006,5.684,0
2026-03-12 21:05:00,77.68,3.004,5.561,0
2026-03-12 21:06:00,77.94,3.017,5.567,0
2026-03-12 21:07:00,77.62,3.168,5.52,0
2026-03-12 21:08:00,76.72,3.045,5.388,0
2026-03-12 21:09:00,77.34,2.849,5.493,1
2026-03-12 21:10:00,77.32,3.059,5.661,0
2026-03-12 21:11:00,76.77,3.498,5.351,0
2026-03-12 21:12:00,76.9,3.196,5.608,0
2026-03-12 21:13:00,76.49,3.26,5.411,0
2026-03-12 21:14:00,76.69,3.063,5.611,0
2026-03-12 21:15:00,76.69,2.921,5.414,0
2026-03-12 21:16:00,77.28,2.927,5.478,0
2026-03-12 21:17:00,76.83,2.984,5.508,0
2026-03-12 21:18:00,76.23,2.885,5.421,1
2026-03-12 21:19:00,76.5,2.872,5.289,0
2026-03-12 21:20:00,75.54,2.808,5.773,0
2026-03-12 21:21:00,76.19,2.764,5.674,0
2026-03-12 21:22:00,76.13,2.43,5.451,0
2026-03-12 21:23:00,76.13,3.297,5.272,0
2026-03-12 21:24:00,76.43,3.416,5.663,1
2026-03-12 21:25:00,76.63,3.385,5.66,0
2026-03-12 21:26:00,75.92,3.07,5.479,0
2026-03-12 21:27:00,76.33,2.972,5.245,0
2026-03-12 21:28:00,75.61,2.716,5.468,0
2026-03-12 21:29:00,75.23,2.658,5.558,0
2026-03-12 21:30:00,75.29,3.047,5.511,0
2026-03-12 21:31:00,75.32,3.429,5.111,0
2026-03-12 21:32:00,74.98,3.122,5.415,0
2026-03-12 21:33:00,74.87,2.846,5.376,0
2026-03-12 21:34:00,75.39,3.084,5.285,0
2026-03-12 21:35:00,75.58,2.494,5.58,0
2026-03-12 21:36:00,75.7,2.54,5.405,0
2026-03-12 21:37:00,75.95,2.992,5.357,0
2026-03-12 21:38:00,76.49,3.491,5.285,1
2026-03-12 21:39:00,75.45,3.147,5.545,0
2026-03-12 21:40:00,76.48,2.794,5.608,0
2026-03-12 21:41:00,76.42,2.666,5.15,0
2026-03-12 21:42:00,77.03,2.472,5.347,0
2026-03-12 21:43:00,76.07,2.826,5.309,0
2026-03-12 21:44:00,76.45,2.791,5.554,0
2026-03-12 21:45:00,76.6,2.979,5.237,1
2026-03-12 21:46:00,76.32,2.835,5.105,0
2026-03-12 21:47:00,76.07,3.144,5.277,0
2026-03-12 21:48:00,75.61,3.107,5.483,0
2026-03-12 21:49:00,75.33,3.029,5.437,0
2026-03-12 21:50:00,75.59,2.821,5.51,0
2026-03-12 21:51:00,74.8,2.952,5.453,0
2026-03-12 21:52:00,75.81,2.41,5.462,0
2026-03-12 21:53:00,74.84,2.514,5.262,0
2026-03-12 21:54:00,74.86,3.125,5.293,0
2026-03-12 21:55:00,74.61,2.909,5.238,0
2026-03-12 21:56:00,74.56,2.936,5.384,0
2026-03-12 21:57:00,74.3,2.617,5.566,0
2026-03-12 21:58:00,74.0,3.11,5.441,0
2026-03-12 21:59:00,73.92,3.132,5.325,0
2026-03-12 22:00:00,75.36,2.534,5.605,0
2026-03-12 22:01:00,74.96,2.92,5.392,0
2026-03-12 22:02:00,75.26,3.358,5.301,0
2026-03-12 22:03:00,75.91,2.975,5.319,0
2026-03-12 22:04:00,75.56,2.916,5.185,0
2026-03-12 22:05:00,75.42,3.228,5.236,0
2026-03-12 22:06:00,74.72,2.775,5.491,0
2026-03-12 22:07:00,75.36,2.841,5.351,0
2026-03-12 22:08:00,74.34,2.691,5.151,0
2026-03-12 22:09:00,74.38,2.696,5.667,0
2026-03-12 22:10:00,74.36,2.947,5.043,0
2026-03-12 22:11:00,74.89,3.091,5.322,0
2026-03-12 22:12:00,74.39,2.87,5.393,0
2026-03-12 22:13:00,74.78,2.768,5.343,0
2026-03-12 22:14:00,73.7,2.731,5.537,0
2026-03-12 22:15:00,73.93,2.631,5.335,0
2026-03-12 22:16:00,74.33,2.75,5.322,0
2026-03-12 22:17:00,73.78,3.22,5.434,0
2026-03-12 22:18:00,73.33,2.711,5.265,0
2026-03-12 22:19:00,72.78,3.211,5.504,0
2026-03-12 22:20:00,73.61,2.896,5.611,0
2026-03-12 22:21:00,73.8,2.556,5.285,0
2026-03-12 22:22:00,74.46,3.162,5.291,0
2026-03-12 22:23:00,74.37,2.597,5.406,0
2026-03-12 22:24:00,74.15,3.135,5.414,0
2026-03-12 22:25:00,74.99,2.951,5.442,0
2026-03-12 22:26:00,74.55,2.637,5.404,0
2026-03-12 22:27:00,74.05,2.95,5.28,0
2026-03-12 22:28:00,73.7,2.693,5.301,0
2026-03-12 22:29:00,73.85,2.712,5.28,0
2026-03-12 22:30:00,73.98,3.229,5.261,0
2026-03-12 22:31:00,72.98,2.947,5.62,0
2026-03-12 22:32:00,73.37,2.744,5.15,0
2026-03-12 22:33:00,74.21,2.878,5.075,0
2026-03-12 22:34:00,73.28,3.104,5.285,0
2026-03-12 22:35:00,73.36,2.774,5.5,0
2026-03-12 22:36:00,73.24,3.052,5.396,0
2026-03-12 22:37:00,73.33,2.961,5.256,0
2026-03-12 22:38:00,73.67,2.851,5.564,0
2026-03-12 22:39:00,73.26,2.723,5.313,0
2026-03-12 22:40:00,73.99,2.636,5.616,0
2026-03-12 22:41:00,73.27,2.951,5.413,0
2026-03-12 22:42:00,73.16,2.718,5.188,0
2026-03-12 22:43:00,74.09,3.079,5.323,0
2026-03-12 22:44:00,73.97,3.562,5.48,0
2026-03-12 22:45:00,74.63,2.68,5.487,0
2026-03-12 22:46:00,74.72,2.681,5.546,0
2026-03-12 22:47:00,73.84,3.073,5.368,0
2026-03-12 22:48:00,74.54,3.07,5.629,0
2026-03-12 22:49:00,74.94,2.938,5.469,0
2026-03-12 22:50:00,75.34,2.796,5.326,0
2026-03-12 22:51:00,75.36,3.102,5.487,0
2026-03-12 22:52:00,75.65,3.171,5.503,1
2026-03-12 22:53:00,75.3,2.693,5.469,0
2026-03-12 22:54:00,75.47,3.24,5.375,0
2026-03-12 22:55:00,75.79,2.845,5.243,0
2026-03-12 22:56:00,74.67,2.822,5.465,0
2026-03-12 22:57:00,74.89,2.715,5.387,0
2026-03-12 22:58:00,75.35,2.472,5.325,0
2026-03-12 22:59:00,75.07,3.093,5.33,0
2026-03-12 23:00:00,75.01,2.686,5.383,0
2026-03-12 23:01:00,74.2,2.794,5.439,0
2026-03-12 23:02:00,74.58,3.133,5.66,0
2026-03-12 23:03:00,75.24,2.819,5.239,0
2026-03-12 23:04:00,74.05,2.894,4.972,0
2026-03-12 23:05:00,74.49,2.895,5.286,0
2026-03-12 23:06:00,74.69,2.887,5.413,0
2026-03-12 23:07:00,74.65,2.825,5.333,0
2026-03-12 23:08:00,74.61,2.734,5.441,0
2026-03-12 23:09:00,74.2,2.586,5.47,0
2026-03-12 23:10:00,73.75,2.657,5.138,0
2026-03-12 23:11:00,74.14,2.788,5.311,0
2026-03-12 23:12:00,74.35,2.993,5.511,0
2026-03-12 23:13:00,74.46,2.817,5.28,0
2026-03-12 23:14:00,74.5,2.715,5.295,0
2026-03-12 23:15:00,73.71,2.641,5.325,0
2026-03-12 23:16:00,73.88,3.037,5.508,0
2026-03-12 23:17:00,74.22,2.833,5.524,0
2026-03-12 23:18:00,74.41,2.773,5.276,0
2026-03-12 23:19:00,73.53,2.72,5.295,0
2026-03-12 23:20:00,73.29,2.828,5.574,0
2026-03-12 23:21:00,73.31,2.619,5.278,1
2026-03-12 23:22:00,74.12,3.195,5.463,1
2026-03-12 23:23:00,73.8,2.699,5.471,1
2026-03-12 23:24:00,74.39,2.769,5.303,0
2026-03-12 23:25:00,74.14,2.808,5.499,0
2026-03-12 23:26:00,74.06,3.237,5.412,0
2026-03-12 23:27:00,74.42,2.861,5.491,0
2026-03-12 23:28:00,74.19,2.229,5.537,0
2026-03-12 23:29:00,74.36,2.602,5.532,0
2026-03-12 23:30:00,74.27,2.609,5.38,0
2026-03-12 23:31:00,74.95,2.834,5.497,0
2026-03-12 23:32:00,75.27,2.895,5.406,0
2026-03-12 23:33:00,75.45,2.819,5.511,0
2026-03-12 23:34:00,74.17,2.777,5.202,0
2026-03-12 23:35:00,75.08,2.684,5.221,0
2026-03-12 23:36:00,75.16,2.834,5.58,0
2026-03-12 23:37:00,75.4,2.848,5.168,0
2026-03-12 23:38:00,75.69,3.203,5.343,0
2026-03-12 23:39:00,76.01,3.109,5.463,0
2026-03-12 23:40:00,75.67,2.943,5.145,0
2026-03-12 23:41:00,75.25,2.345,5.366,0
2026-03-12 23:42:00,75.84,3.039,5.322,0
2026-03-12 23:43:00,74.85,2.869,5.421,0
2026-03-12 23:44:00,75.99,2.929,5.27,0
2026-03-12 23:45:00,75.67,2.683,5.284,0
2026-03-12 23:46:00,75.2,2.845,5.478,0
2026-03-12 23:47:00,76.24,2.95,5.235,0
2026-03-12 23:48:00,76.12,3.015,5.215,0
2026-03-12 23:49:00,76.05,3.081,5.519,0
2026-03-12 23:50:00,75.55,3.23,5.133,0
2026-03-12 23:51:00,74.84,2.83,5.324,1
2026-03-12 23:52:00,74.54,2.931,5.602,0
2026-03-12 23:53:00,74.38,2.901,5.405,0
2026-03-12 23:54:00,74.7,2.827,5.337,0
2026-03-12 23:55:00,73.66,2.83,5.289,0
2026-03-12 23:56:00,74.35,2.619,5.165,0
2026-03-12 23:57:00,74.21,2.952,5.505,0
2026-03-12 23:58:00,74.32,2.429,5.49,0
2026-03-12 23:59:00,74.54,2.635,5.469,0
2026-03-13 00:00:00,73.97,2.917,5.256,0
2026-03-13 00:01:00,74.27,2.743,5.449,0
2026-03-13 00:02:00,73.94,2.556,5.29,0
2026-03-13 00:03:00,73.99,2.99,5.43,0
2026-03-13 00:04:00,74.03,2.57,5.349,0
2026-03-13 00:05:00,74.35,2.755,5.411,0
2026-03-13 00:06:00,74.05,2.818,5.306,0
2026-03-13 00:07:00,74.15,2.776,5.423,0
2026-03-13 00:08:00,74.24,2.838,5.205,0
2026-03-13 00:09:00,74.01,2.472,5.347,0
2026-03-13 00:10:00,74.67,3.038,5.425,0
2026-03-13 00:11:00,75.68,2.685,5.174,0
2026-03-13 00:12:00,74.69,3.03,5.312,0
2026-03-13 00:13:00,74.93,2.688,5.425,0
2026-03-13 00:14:00,74.89,2.388,5.362,0
2026-03-13 00:15:00,74.45,2.529,5.443,0
2026-03-13 00:16:00,74.5,2.784,5.229,0
2026-03-13 00:17:00,74.28,2.908,5.567,0
2026-03-13 00:18:00,74.45,2.898,5.376,0
2026-03-13 00:19:00,73.73,2.863,5.273,1
2026-03-13 00:20:00,74.29,2.623,5.167,0
2026-03-13 00:21:00,75.1,2.901,5.226,0
2026-03-13 00:22:00,74.7,2.662,5.294,0
2026-03-13 00:23:00,74.14,3.118,5.258,0
2026-03-13 00:24:00,74.19,2.843,5.272,0
2026-03-13 00:25:00,74.12,2.581,5.113,0
2026-03-13 00:26:00,73.6,2.535,5.29,0
2026-03-13 00:27:00,73.74,2.739,5.303,0
2026-03-13 00:28:00,72.65,2.534,5.205,0
2026-03-13 00:29:00,72.83,2.722,5.364,0
2026-03-13 00:30:00,72.76,3.037,5.335,0
2026-03-13 00:31:00,71.32,2.666,5.403,0
2026-03-13 00:32:00,71.52,2.62,4.982,0
2026-03-13 00:33:00,72.41,2.506,5.383,0
2026-03-13 00:34:00,72.91,2.619,5.512,0
2026-03-13 00:35:00,72.89,2.997,5.408,0
2026-03-13 00:36:00,73.13,2.561,5.245,0
2026-03-13 00:37:00,73.88,2.808,5.438,0
2026-03-13 00:38:00,73.33,2.937,5.158,0
2026-03-13 00:39:00,73.94,2.848,5.402,0
2026-03-13 00:40:00,73.83,2.887,5.242,0
2026-03-13 00:41:00,74.26,3.035,5.238,0
2026-03-13 00:42:00,74.59,3.335,5.349,0
2026-03-13 00:43:00,74.1,2.9,5.27,0
2026-03-13 00:44:00,74.17,2.712,5.345,0
2026-03-13 00:45:00,73.42,2.358,5.367,0
2026-03-13 00:46:00,73.76,3.026,5.274,0
2026-03-13 00:47:00,73.61,2.706,5.305,1
2026-03-13 00:48:00,73.38,2.87,5.493,0
2026-03-13 00:49:00,73.5,2.725,5.297,0
2026-03-13 00:50:00,73.17,2.375,5.088,0
2026-03-13 00:51:00,73.2,2.438,5.273,0
2026-03-13 00:52:00,73.76,2.747,5.275,0
2026-03-13 00:53:00,74.63,2.764,5.316,1
2026-03-13 00:54:00,74.48,2.869,5.288,0
2026-03-13 00:55:00,74.56,2.877,5.095,0
2026-03-13 00:56:00,74.15,2.956,5.113,0
2026-03-13 00:57:00,74.2,3.3,5.392,0
2026-03-13 00:58:00,74.35,2.761,5.219,0
2026-03-13 00:59:00,74.08,3.021,5.14,0
2026-03-13 01:00:00,75.03,3.274,5.475,0
2026-03-13 01:01:00,74.37,2.522,5.241,0
2026-03-13 01:02:00,74.55,3.122,5.254,0
2026-03-13 01:03:00,74.86,2.853,5.234,0
2026-03-13 01:04:00,74.53,2.982,5.431,0
2026-03-13 01:05:00,73.99,2.964,5.212,0
2026-03-13 01:06:00,73.43,2.739,5.325,0
2026-03-13 01:07:00,73.34,2.693,5.26,0
2026-03-13 01:08:00,72.69,2.452,5.343,0
2026-03-13 01:09:00,72.84,2.692,5.131,0
2026-03-13 01:10:00,73.31,2.706,5.414,0
2026-03-13 01:11:00,73.55,2.692,5.329,0
2026-03-13 01:12:00,73.75,2.67,5.143,0
2026-03-13 01:13:00,73.09,2.805,5.277,0
2026-03-13 01:14:00,73.44,2.685,5.145,0
2026-03-13 01:15:00,73.15,2.675,5.222,0
2026-03-13 01:16:00,73.32,2.679,5.281,0
2026-03-13 01:17:00,74.04,2.6,5.28,0
2026-03-13 01:18:00,74.04,2.318,5.175,0
2026-03-13 01:19:00,73.76,2.801,5.321,0
2026-03-13 01:20:00,74.56,2.895,5.065,0
2026-03-13 01:21:00,73.91,2.595,5.118,0
2026-03-13 01:22:00,73.25,2.471,5.159,0
2026-03-13 01:23:00,73.16,3.107,5.348,0
2026-03-13 01:24:00,73.27,2.814,4.931,0
2026-03-13 01:25:00,73.39,2.936,5.295,0
2026-03-13 01:26:00,73.23,2.648,5.179,0
2026-03-13 01:27:00,73.08,2.651,5.15,0
2026-03-13 01:28:00,73.17,2.675,5.371,0
2026-03-13 01:29:00,73.74,2.811,5.181,0
2026-03-13 01:30:00,73.0,2.779,5.353,0
2026-03-13 01:31:00,72.92,2.853,5.235,0
2026-03-13 01:32:00,73.44,2.654,5.372,0
2026-03-13 01:33:00,72.56,2.34,5.243,0
2026-03-13 01:34:00,72.74,3.111,5.277,0
2026-03-13 01:35:00,72.87,2.406,5.087,0
2026-03-13 01:36:00,72.55,2.375,5.162,0
2026-03-13 01:37:00,71.9,2.351,5.365,0
2026-03-13 01:38:00,72.14,2.509,5.114,0
2026-03-13 01:39:00,73.07,2.647,5.375,0
2026-03-13 01:40:00,73.25,2.835,5.094,0
2026-03-13 01:41:00,72.2,2.792,5.368,0
2026-03-13 01:42:00,72.47,2.628,5.119,0
2026-03-13 01:43:00,72.47,2.619,5.196,0
2026-03-13 01:44:00,72.79,2.758,5.105,0
2026-03-13 01:45:00,72.31,2.785,5.317,0
2026-03-13 01:46:00,72.5,2.54,5.356,0
2026-03-13 01:47:00,72.39,2.71,5.036,0
2026-03-13 01:48:00,72.62,2.871,5.245,0
2026-03-13 01:49:00,72.67,2.432,5.302,0
2026-03-13 01:50:00,72.73,2.428,4.81,0
2026-03-13 01:51:00,73.09,2.645,4.958,0
2026-03-13 01:52:00,72.99,2.665,5.254,0
2026-03-13 01:53:00,73.09,2.458,5.123,0
2026-03-13 01:54:00,72.18,2.659,5.338,0
2026-03-13 01:55:00,72.08,2.227,5.365,0
2026-03-13 01:56:00,72.78,2.434,5.094,0
2026-03-13 01:57:00,72.43,2.848,5.025,0
2026-03-13 01:58:00,71.74,2.393,5.12,0
2026-03-13 01:59:00,71.78,2.379,5.167,0
2026-03-13 02:00:00,70.64,2.482,5.096,0
2026-03-13 02:01:00,70.84,2.684,5.184,0
2026-03-13 02:02:00,70.99,2.36,5.0,0
2026-03-13 02:03:00,70.65,2.716,5.23,0
2026-03-13 02:04:00,71.14,2.616,5.321,0
2026-03-13 02:05:00,70.74,2.52,5.115,0
2026-03-13 02:06:00,71.79,2.617,5.097,0
2026-03-13 02:07:00,71.66,2.559,5.331,0
2026-03-13 02:08:00,71.83,2.438,5.119,0
2026-03-13 02:09:00,71.46,2.779,5.036,0
2026-03-13 02:10:00,71.77,2.805,5.218,0
2026-03-13 02:11:00,71.93,2.556,5.046,0
2026-03-13 02:12:00,71.23,2.87,5.183,0
2026-03-13 02:13:00,71.34,2.536,4.766,0
2026-03-13 02:14:00,71.13,2.673,5.088,0
2026-03-13 02:15:00,70.43,2.475,5.257,0
2026-03-13 02:16:00,69.88,2.31,5.042,0
2026-03-13 02:17:00,69.13,2.386,4.852,0
2026-03-13 02:18:00,69.84,2.35,5.389,0
2026-03-13 02:19:00,70.05,2.685,5.148,0
2026-03-13 02:20:00,70.08,2.563,5.115,0
2026-03-13 02:21:00,70.49,2.797,5.082,0
2026-03-13 02:22:00,70.25,2.672,4.997,0
2026-03-13 02:23:00,70.28,2.428,5.295,0
2026-03-13 02:24:00,71.02,2.168,5.292,0
2026-03-13 02:25:00,70.57,2.553,5.386,0
2026-03-13 02:26:00,71.24,2.623,4.683,0
2026-03-13 02:27:00,70.79,2.68,4.963,0
2026-03-13 02:28:00,70.43,2.312,5.187,0
2026-03-13 02:29:00,70.41,2.456,5.003,0
2026-03-13 02:30:00,70.25,2.369,5.251,0
2026-03-13 02:31:00,70.42,2.503,5.281,0
2026-03-13 02:32:00,70.14,2.751,5.214,0
2026-03-13 02:33:00,70.9,2.457,5.251,0
2026-03-13 02:34:00,70.24,2.491,5.028,0
2026-03-13 02:35:00,70.94,2.378,5.166,0
2026-03-13 02:36:00,72.34,2.565,5.401,0
2026-03-13 02:37:00,71.58,2.233,5.139,0
2026-03-13 02:38:00,72.17,3.049,5.261,0
2026-03-13 02:39:00,71.97,2.574,4.822,0
2026-03-13 02:40:00,72.41,2.44,4.905,0
2026-03-13 02:41:00,72.58,2.455,5.268,0
2026-03-13 02:42:00,72.39,2.686,5.024,0
2026-03-13 02:43:00,72.13,2.457,5.109,0
2026-03-13 02:44:00,72.08,2.242,5.257,0
2026-03-13 02:45:00,72.82,2.549,5.093,0
2026-03-13 02:46:00,72.48,2.413,5.049,0
2026-03-13 02:47:00,73.2,2.393,5.106,0
2026-03-13 02:48:00,72.51,2.475,5.378,0
2026-03-13 02:49:00,72.78,2.402,5.01,0
2026-03-13 02:50:00,71.99,2.48,5.148,0
2026-03-13 02:51:00,72.19,2.434,5.314,0
2026-03-13 02:52:00,72.5,2.388,4.975,0
2026-03-13 02:53:00,72.24,2.28,5.102,0
2026-03-13 02:54:00,73.34,2.839,5.156,1
2026-03-13 02:55:00,72.35,2.656,5.301,0
2026-03-13 02:56:00,71.83,2.474,5.122,0
2026-03-13 02:57:00,72.06,2.529,5.19,0
2026-03-13 02:58:00,72.11,2.756,5.051,0
2026-03-13 02:59:00,71.73,2.517,5.104,0
2026-03-13 03:00:00,71.49,2.484,5.206,1
2026-03-13 03:01:00,72.47,2.37,5.324,0
2026-03-13 03:02:00,72.38,2.559,5.096,0
2026-03-13 03:03:00,71.93,2.53,5.059,0
2026-03-13 03:04:00,71.92,2.68,5.187,0
2026-03-13 03:05:00,71.56,2.594,5.15,0
2026-03-13 03:06:00,71.56,2.53,5.142,0
2026-03-13 03:07:00,72.41,2.669,5.216,0
2026-03-13 03:08:00,71.56,2.37,5.055,0
2026-03-13 03:09:00,71.79,2.615,4.715,0
2026-03-13 03:10:00,71.96,2.452,5.288,0
2026-03-13 03:11:00,72.67,2.731,4.985,0
2026-03-13 03:12:00,72.64,2.604,4.953,0
2026-03-13 03:13:00,72.43,2.583,5.155,0
2026-03-13 03:14:00,73.19,3.125,5.102,0
2026-03-13 03:15:00,72.12,2.452,5.334,0
2026-03-13 03:16:00,73.1,2.505,5.109,0
2026-03-13 03:17:00,72.51,2.497,5.181,0
2026-03-13 03:18:00,73.14,2.556,4.877,0
2026-03-13 03:19:00,72.29,2.547,5.051,0
2026-03-13 03:20:00,72.2,2.559,5.134,0
2026-03-13 03:21:00,72.95,2.464,5.378,0
2026-03-13 03:22:00,72.66,2.505,5.348,0
2026-03-13 03:23:00,72.55,2.718,4.8,0
2026-03-13 03:24:00,72.68,2.863,5.12,0
2026-03-13 03:25:00,72.38,2.554,5.087,0
2026-03-13 03:26:00,72.89,2.505,5.126,0
2026-03-13 03:27:00,73.1,2.838,5.071,0
2026-03-13 03:28:00,73.63,2.517,5.069,0
2026-03-13 03:29:00,72.39,2.474,5.022,0
2026-03-13 03:30:00,72.6,2.581,5.15,0
2026-03-13 03:31:00,71.89,2.206,4.91,0
2026-03-13 03:32:00,71.88,2.384,4.946,0
2026-03-13 03:33:00,72.04,3.037,5.217,0
2026-03-13 03:34:00,71.22,2.552,4.858,0
2026-03-13 03:35:00,71.03,2.379,5.314,0
2026-03-13 03:36:00,71.75,2.716,4.807,0
2026-03-13 03:37:00,71.69,2.786,5.212,0
2026-03-13 03:38:00,71.26,2.801,5.165,0
2026-03-13 03:39:00,71.0,2.543,5.097,0
2026-03-13 03:40:00,71.22,2.471,5.314,0
2026-03-13 03:41:00,71.39,2.515,5.232,0
2026-03-13 03:42:00,71.31,2.424,5.155,0
2026-03-13 03:43:00,72.03,2.636,4.835,0
2026-03-13 03:44:00,71.47,2.286,5.1,0
2026-03-13 03:45:00,71.72,2.635,5.29,0
2026-03-13 03:46:00,71.78,2.435,4.849,0
2026-03-13 03:47:00,71.61,2.307,5.014,0
2026-03-13 03:48:00,72.15,2.316,5.109,0
2026-03-13 03:49:00,72.37,2.743,5.027,0
2026-03-13 03:50:00,72.42,2.602,4.974,0
2026-03-13 03:51:00,72.35,2.66,5.092,0
2026-03-13 03:52:00,71.9,2.406,5.359,0
2026-03-13 03:53:00,72.22,2.911,5.134,0
2026-03-13 03:54:00,72.12,2.171,5.145,0
2026-03-13 03:55:00,72.26,2.646,5.031,0
2026-03-13 03:56:00,71.39,2.652,5.097,0
2026-03-13 03:57:00,70.78,2.532,5.088,0
2026-03-13 03:58:00,71.6,2.494,5.091,0
2026-03-13 03:59:00,71.58,2.557,5.066,0
2026-03-13 04:00:00,71.38,2.595,5.2,0
2026-03-13 04:01:00,71.07,2.508,5.112,0
2026-03-13 04:02:00,70.96,2.639,5.181,0
2026-03-13 04:03:00,72.24,2.582,5.016,0
2026-03-13 04:04:00,72.25,2.472,4.968,0
2026-03-13 04:05:00,71.64,2.525,5.17,0
2026-03-13 04:06:00,71.65,2.617,5.153,0
2026-03-13 04:07:00,71.29,2.492,5.171,0
2026-03-13 04:08:00,71.51,2.657,5.045,0
2026-03-13 04:09:00,71.61,2.103,5.046,0
2026-03-13 04:10:00,71.37,2.637,5.248,0
2026-03-13 04:11:00,72.54,2.357,5.333,0
2026-03-13 04:12:00,71.85,2.437,5.299,0
2026-03-13 04:13:00,71.15,2.335,4.992,0
2026-03-13 04:14:00,71.23,2.604,5.291,0
2026-03-13 04:15:00,71.16,2.632,4.849,0
2026-03-13 04:16:00,71.01,2.149,5.149,0
2026-03-13 04:17:00,70.41,2.406,5.272,0
2026-03-13 04:18:00,70.23,2.761,5.476,0
2026-03-13 04:19:00,70.61,2.474,5.113,0
2026-03-13 04:20:00,70.46,2.563,5.252,0
2026-03-13 04:21:00,71.16,2.35,5.21,1
2026-03-13 04:22:00,71.67,2.595,5.314,0
2026-03-13 04:23:00,70.72,2.68,4.984,0
2026-03-13 04:24:00,70.95,2.565,5.413,0
2026-03-13 04:25:00,71.21,2.807,5.289,0
2026-03-13 04:26:00,71.49,2.522,5.094,0
2026-03-13 04:27:00,71.93,2.154,5.232,0
2026-03-13 04:28:00,72.38,2.302,5.373,0
2026-03-13 04:29:00,72.07,2.605,5.015,0
2026-03-13 04:30:00,71.51,2.444,5.146,0
2026-03-13 04:31:00,71.05,2.612,5.128,0
2026-03-13 04:32:00,70.9,2.598,5.107,0
2026-03-13 04:33:00,71.15,2.304,5.076,0
2026-03-13 04:34:00,71.32,2.66,5.114,0
2026-03-13 04:35:00,71.66,2.311,5.185,0
2026-03-13 04:36:00,71.73,2.464,5.2,0
2026-03-13 04:37:00,72.1,2.319,5.255,0
2026-03-13 04:38:00,71.85,2.742,5.085,0
2026-03-13 04:39:00,71.43,2.413,4.981,0
2026-03-13 04:40:00,71.37,2.291,4.88,0
2026-03-13 04:41:00,71.74,2.501,5.206,0
2026-03-13 04:42:00,72.15,2.825,5.259,0
2026-03-13 04:43:00,72.06,2.789,5.157,0
2026-03-13 04:44:00,72.76,2.542,5.279,0
2026-03-13 04:45:00,73.61,2.588,5.155,0
2026-03-13 04:46:00,73.01,2.565,5.337,0
2026-03-13 04:47:00,72.5,2.548,5.203,0
2026-03-13 04:48:00,72.3,2.329,5.102,1
2026-03-13 04:49:00,72.77,2.436,4.918,0
2026-03-13 04:50:00,72.76,2.489,5.285,0
2026-03-13 04:51:00,72.96,2.779,5.123,0
2026-03-13 04:52:00,72.8,2.555,5.202,0
2026-03-13 04:53:00,72.84,2.414,5.207,0
2026-03-13 04:54:00,72.07,2.477,4.974,0
2026-03-13 04:55:00,72.26,2.261,5.258,0
2026-03-13 04:56:00,71.89,2.193,5.087,0
2026-03-13 04:57:00,71.65,2.723,4.986,0
2026-03-13 04:58:00,71.87,2.845,5.184,0
2026-03-13 04:59:00,71.98,2.439,5.202,0
2026-03-13 05:00:00,71.79,2.344,5.167,0
2026-03-13 05:01:00,71.91,2.815,5.259,0
2026-03-13 05:02:00,71.98,2.263,5.261,0
2026-03-13 05:03:00,72.12,2.357,5.298,0
2026-03-13 05:04:00,72.27,2.717,5.224,0
2026-03-13 05:05:00,72.8,2.405,5.128,0
2026-03-13 05:06:00,72.36,2.449,5.046,0
2026-03-13 05:07:00,72.41,2.832,5.231,0
2026-03-13 05:08:00,70.81,2.501,5.097,0
2026-03-13 05:09:00,72.25,2.412,5.205,0
2026-03-13 05:10:00,72.16,2.456,5.191,0
2026-03-13 05:11:00,72.27,2.837,4.956,0
2026-03-13 05:12:00,71.88,2.364,5.046,0
2026-03-13 05:13:00,71.56,2.213,5.205,0
2026-03-13 05:14:00,70.82,2.718,5.203,0
2026-03-13 05:15:00,71.34,2.648,5.241,0
2026-03-13 05:16:00,71.47,2.713,5.216,1
2026-03-13 05:17:00,70.92,2.429,5.185,0
2026-03-13 05:18:00,71.75,2.591,5.142,0
2026-03-13 05:19:00,71.36,2.96,5.448,0
2026-03-13 05:20:00,70.86,2.409,4.899,0
2026-03-13 05:21:00,70.75,2.323,5.13,0
2026-03-13 05:22:00,70.94,2.668,5.041,0
2026-03-13 05:23:00,71.22,2.174,5.032,0
2026-03-13 05:24:00,70.86,2.355,5.082,0
2026-03-13 05:25:00,71.28,2.467,4.993,0
2026-03-13 05:26:00,71.17,2.692,5.168,0
2026-03-13 05:27:00,71.33,2.485,5.065,0
2026-03-13 05:28:00,70.37,2.23,5.013,0
2026-03-13 05:29:00,70.78,2.783,5.044,0
2026-03-13 05:30:00,70.33,2.346,5.129,0
2026-03-13 05:31:00,70.39,2.12,5.08,0
2026-03-13 05:32:00,70.92,2.465,4.763,0
2026-03-13 05:33:00,71.48,2.375,4.871,0
2026-03-13 05:34:00,70.87,2.357,5.068,0
2026-03-13 05:35:00,70.38,2.462,4.883,0
2026-03-13 05:36:00,70.01,2.421,4.976,0
2026-03-13 05:37:00,68.48,2.517,5.173,0
2026-03-13 05:38:00,69.04,2.524,5.134,0
2026-03-13 05:39:00,69.23,2.557,5.019,0
2026-03-13 05:40:00,69.03,2.167,4.856,0
2026-03-13 05:41:00,68.68,2.594,4.917,0
2026-03-13 05:42:00,68.12,2.688,5.004,0
2026-03-13 05:43:00,68.06,2.509,4.917,0
2026-03-13 05:44:00,68.56,2.568,4.83,0
2026-03-13 05:45:00,68.2,2.615,5.212,0
2026-03-13 05:46:00,68.77,2.819,5.223,0
2026-03-13 05:47:00,69.48,2.43,5.349,0
2026-03-13 05:48:00,69.6,2.344,5.28,0
2026-03-13 05:49:00,69.64,2.605,5.183,0
2026-03-13 05:50:00,70.82,2.561,5.01,0
2026-03-13 05:51:00,70.92,2.506,5.147,0
2026-03-13 05:52:00,70.73,2.757,4.974,0
2026-03-13 05:53:00,71.31,2.583,5.29,0
2026-03-13 05:54:00,69.92,2.175,5.158,0
2026-03-13 05:55:00,70.48,2.506,5.083,0
2026-03-13 05:56:00,69.99,2.536,5.127,0
2026-03-13 05:57:00,70.3,2.617,5.15,0
2026-03-13 05:58:00,70.11,2.492,5.113,0
2026-03-13 05:59:00,70.31,2.406,5.203,0
2026-03-13 06:00:00,70.2,2.225,4.811,0
2026-03-13 06:01:00,70.56,2.35,5.207,0
2026-03-13 06:02:00,70.2,2.757,4.939,0
2026-03-13 06:03:00,70.13,2.943,5.107,0
2026-03-13 06:04:00,70.11,2.514,5.098,0
2026-03-13 06:05:00,70.41,2.645,5.075,1
2026-03-13 06:06:00,70.86,2.437,5.167,0
2026-03-13 06:07:00,71.42,2.836,5.223,0
2026-03-13 06:08:00,71.27,2.671,5.318,0
2026-03-13 06:09:00,71.02,2.381,5.354,0
2026-03-13 06:10:00,70.04,2.631,4.966,0
2026-03-13 06:11:00,69.7,2.827,5.392,0
2026-03-13 06:12:00,69.27,2.605,5.425,0
2026-03-13 06:13:00,69.82,2.44,5.114,0
2026-03-13 06:14:00,70.22,2.524,5.18,0
2026-03-13 06:15:00,70.85,2.424,5.362,0
2026-03-13 06:16:00,70.58,2.671,5.06,0
2026-03-13 06:17:00,71.66,2.562,5.143,0
2026-03-13 06:18:00,70.96,2.129,5.054,0
2026-03-13 06:19:00,70.34,2.267,5.238,0
2026-03-13 06:20:00,71.51,2.797,5.207,0
2026-03-13 06:21:00,72.56,2.545,5.33,0
2026-03-13 06:22:00,72.28,2.604,5.004,0
2026-03-13 06:23:00,71.89,2.564,5.329,0
2026-03-13 06:24:00,72.13,2.796,5.081,0
2026-03-13 06:25:00,71.85,2.454,4.983,0
2026-03-13 06:26:00,72.1,2.936,5.417,0
2026-03-13 06:27:00,72.14,2.37,5.285,0
2026-03-13 06:28:00,72.29,2.874,5.196,0
2026-03-13 06:29:00,72.84,2.818,5.052,0
2026-03-13 06:30:00,72.38,2.675,5.052,0
2026-03-13 06:31:00,73.14,2.499,5.123,0
2026-03-13 06:32:00,74.22,2.903,5.311,0
2026-03-13 06:33:00,73.68,2.508,5.249,0
2026-03-13 06:34:00,73.95,2.975,5.197,0
2026-03-13 06:35:00,74.81,2.747,5.046,0
2026-03-13 06:36:00,74.54,2.537,5.041,0
2026-03-13 06:37:00,74.19,2.714,5.199,0
2026-03-13 06:38:00,74.34,2.822,5.256,0
2026-03-13 06:39:00,74.89,2.69,5.299,0
2026-03-13 06:40:00,74.02,2.863,5.323,0
2026-03-13 06:41:00,75.16,3.049,5.419,0
2026-03-13 06:42:00,74.84,3.015,5.355,0
2026-03-13 06:43:00,74.43,3.033,5.412,0
2026-03-13 06:44:00,74.23,2.422,5.531,0
2026-03-13 06:45:00,74.8,2.703,5.16,0
2026-03-13 06:46:00,74.34,2.693,5.311,0
2026-03-13 06:47:00,74.07,2.722,5.304,0
2026-03-13 06:48:00,74.12,2.692,5.221,0
2026-03-13 06:49:00,74.0,2.71,5.324,0
2026-03-13 06:50:00,73.38,2.718,5.175,0
2026-03-13 06:51:00,73.48,3.118,5.325,0
2026-03-13 06:52:00,72.93,2.405,5.287,0
2026-03-13 06:53:00,71.72,2.496,5.215,0
2026-03-13 06:54:00,71.6,2.448,5.247,0
2026-03-13 06:55:00,71.58,2.973,5.192,0
2026-03-13 06:56:00,71.47,2.692,5.262,0
2026-03-13 06:57:00,71.2,2.568,5.063,0
2026-03-13 06:58:00,72.02,2.551,5.24,0
2026-03-13 06:59:00,71.72,2.685,5.26,0
2026-03-13 07:00:00,71.45,2.781,5.284,0
2026-03-13 07:01:00,70.61,2.729,4.909,0
2026-03-13 07:02:00,70.5,2.551,4.936,0
2026-03-13 07:03:00,70.59,2.452,5.044,0
2026-03-13 07:04:00,71.22,2.816,5.246,0
2026-03-13 07:05:00,71.36,2.902,5.157,0
2026-03-13 07:06:00,71.07,2.279,5.318,0
2026-03-13 07:07:00,69.89,2.349,5.056,0
2026-03-13 07:08:00,69.75,2.761,5.211,0
2026-03-13 07:09:00,70.03,2.553,5.276,0
2026-03-13 07:10:00,70.31,2.701,5.256,0
2026-03-13 07:11:00,70.39,2.67,5.258,0
2026-03-13 07:12:00,70.17,2.414,5.305,0
2026-03-13 07:13:00,70.11,2.584,5.277,0
2026-03-13 07:14:00,70.94,2.73,4.99,0
2026-03-13 07:15:00,71.01,2.423,4.972,0
2026-03-13 07:16:00,71.51,2.57,5.275,0
2026-03-13 07:17:00,71.55,3.197,5.307,0
2026-03-13 07:18:00,71.69,2.57,5.089,0
2026-03-13 07:19:00,71.48,2.515,5.454,0
2026-03-13 07:20:00,71.26,2.876,5.445,0
2026-03-13 07:21:00,71.53,2.563,5.27,0
2026-03-13 07:22:00,71.55,2.841,5.321,0
2026-03-13 07:23:00,71.81,2.774,5.036,0
2026-03-13 07:24:00,71.48,3.168,5.2,0
2026-03-13 07:25:00,71.93,2.557,5.436,0
2026-03-13 07:26:00,72.12,2.682,5.351,1
2026-03-13 07:27:00,72.85,2.519,5.492,0
2026-03-13 07:28:00,72.43,2.688,5.337,0
2026-03-13 07:29:00,73.12,2.578,5.436,0
2026-03-13 07:30:00,73.1,2.933,5.402,0
2026-03-13 07:31:00,72.18,2.484,5.339,0
2026-03-13 07:32:00,72.78,2.616,5.327,0
2026-03-13 07:33:00,73.65,2.764,5.149,0
2026-03-13 07:34:00,73.79,2.727,5.466,0
2026-03-13 07:35:00,73.24,2.937,5.455,0
2026-03-13 07:36:00,74.43,3.038,5.49,0
2026-03-13 07:37:00,73.2,2.855,5.459,0
2026-03-13 07:38:00,74.35,2.856,5.647,0
2026-03-13 07:39:00,73.89,3.051,5.646,0
2026-03-13 07:40:00,73.44,3.276,5.413,0
2026-03-13 07:41:00,74.69,2.723,5.332,0
2026-03-13 07:42:00,74.31,3.039,5.42,0
2026-03-13 07:43:00,74.46,3.091,5.347,0
2026-03-13 07:44:00,74.2,2.943,5.298,1
2026-03-13 07:45:00,73.75,2.832,5.343,0
2026-03-13 07:46:00,73.45,2.674,5.3,0
2026-03-13 07:47:00,73.63,3.17,5.123,0
2026-03-13 07:48:00,74.13,2.992,5.161,0
2026-03-13 07:49:00,73.56,2.735,5.449,0
2026-03-13 07:50:00,73.87,2.617,5.392,0
2026-03-13 07:51:00,74.12,2.805,5.548,0
2026-03-13 07:52:00,72.59,2.682,5.329,0
2026-03-13 07:53:00,72.78,2.708,5.344,0
2026-03-13 07:54:00,73.09,2.547,5.444,0
2026-03-13 07:55:00,72.79,2.636,5.371,0
2026-03-13 07:56:00,72.91,3.052,5.308,0
2026-03-13 07:57:00,72.34,2.801,5.323,0
2026-03-13 07:58:00,72.47,2.714,5.367,0
2026-03-13 07:59:00,72.39,2.719,5.284,0
2026-03-13 08:00:00,73.38,2.902,5.254,0
2026-03-13 08:01:00,72.78,2.814,5.311,0
2026-03-13 08:02:00,73.97,3.045,5.222,0
2026-03-13 08:03:00,73.39,2.991,5.426,0
2026-03-13 08:04:00,73.59,2.6,5.563,0
2026-03-13 08:05:00,73.54,2.749,5.321,0
2026-03-13 08:06:00,73.74,2.569,5.315,0
2026-03-13 08:07:00,73.99,2.694,5.109,0
2026-03-13 08:08:00,74.3,2.803,5.485,0
2026-03-13 08:09:00,74.5,2.984,5.14,0
2026-03-13 08:10:00,75.03,2.78,5.032,1
2026-03-13 08:11:00,74.53,2.913,5.355,0
2026-03-13 08:12:00,74.55,2.855,5.192,0
2026-03-13 08:13:00,73.61,2.87,5.473,0
2026-03-13 08:14:00,73.51,2.953,5.168,0
2026-03-13 08:15:00,73.13,2.789,5.466,0
2026-03-13 08:16:00,72.44,2.846,5.249,0
2026-03-13 08:17:00,73.18,2.847,5.269,0
2026-03-13 08:18:00,72.67,2.925,5.314,0
2026-03-13 08:19:00,73.21,2.727,5.191,0
2026-03-13 08:20:00,72.74,2.552,5.397,0
2026-03-13 08:21:00,73.16,2.713,5.366,0
2026-03-13 08:22:00,73.13,2.86,5.24,0
2026-03-13 08:23:00,72.9,2.705,5.222,0
2026-03-13 08:24:00,73.42,2.883,5.299,0
2026-03-13 08:25:00,73.45,2.901,5.305,0
2026-03-13 08:26:00,73.62,3.017,5.329,0
2026-03-13 08:27:00,74.33,2.779,5.326,0
2026-03-13 08:28:00,73.93,2.874,5.282,0
2026-03-13 08:29:00,73.67,2.555,5.335,0
2026-03-13 08:30:00,73.36,3.155,5.416,1
2026-03-13 08:31:00,73.37,2.497,5.553,0
2026-03-13 08:32:00,73.34,2.648,5.234,0
2026-03-13 08:33:00,74.2,2.752,5.3,0
2026-03-13 08:34:00,74.48,2.488,5.524,0
2026-03-13 08:35:00,74.81,3.182,5.233,0
2026-03-13 08:36:00,74.42,2.844,5.3,0
2026-03-13 08:37:00,74.08,3.081,5.142,0
2026-03-13 08:38:00,74.02,2.678,5.225,0
2026-03-13 08:39:00,73.62,2.343,5.283,0
2026-03-13 08:40:00,73.08,3.142,5.2,0
2026-03-13 08:41:00,73.19,2.488,5.393,0
2026-03-13 08:42:00,72.81,2.48,5.352,0
2026-03-13 08:43:00,72.93,3.816,5.425,0
2026-03-13 08:44:00,72.61,2.734,5.382,0
2026-03-13 08:45:00,73.68,2.997,5.394,0
2026-03-13 08:46:00,73.39,2.78,5.215,0
2026-03-13 08:47:00,73.64,2.723,5.482,0
2026-03-13 08:48:00,73.62,2.484,5.052,0
2026-03-13 08:49:00,72.97,2.793,4.942,0
2026-03-13 08:50:00,73.24,2.386,5.04,0
2026-03-13 08:51:00,72.83,2.503,5.064,0
2026-03-13 08:52:00,72.64,2.593,5.29,0
2026-03-13 08:53:00,73.25,2.645,5.221,0
2026-03-13 08:54:00,72.22,2.691,5.119,0
2026-03-13 08:55:00,73.03,2.576,5.193,0
2026-03-13 08:56:00,73.36,2.813,5.146,0
2026-03-13 08:57:00,73.35,2.651,5.316,0
2026-03-13 08:58:00,73.8,2.688,5.392,0
2026-03-13 08:59:00,74.27,2.9,5.036,0
2026-03-13 09:00:00,74.16,2.527,5.189,0
2026-03-13 09:01:00,74.29,2.696,5.429,0
2026-03-13 09:02:00,73.58,2.644,5.236,0
2026-03-13 09:03:00,73.55,2.534,5.016,0
2026-03-13 09:04:00,73.19,2.609,5.347,0
2026-03-13 09:05:00,71.97,2.985,5.212,0
2026-03-13 09:06:00,72.75,2.279,5.33,0
2026-03-13 09:07:00,72.74,2.809,5.304,0
2026-03-13 09:08:00,72.9,3.828,5.351,0
2026-03-13 09:09:00,73.17,2.552,5.338,0
2026-03-13 09:10:00,73.63,2.765,5.218,0
2026-03-13 09:11:00,73.99,2.983,5.415,0
2026-03-13 09:12:00,73.87,2.368,5.187,0
2026-03-13 09:13:00,73.61,2.977,5.299,0
2026-03-13 09:14:00,73.34,2.986,5.383,0
2026-03-13 09:15:00,72.99,2.595,5.256,0
2026-03-13 09:16:00,73.38,2.882,5.241,0
2026-03-13 09:17:00,73.46,2.64,5.474,0
2026-03-13 09:18:00,74.07,2.703,5.183,0
2026-03-13 09:19:00,74.2,2.94,5.228,0
2026-03-13 09:20:00,74.5,2.366,5.291,0
2026-03-13 09:21:00,74.63,3.071,5.355,0
2026-03-13 09:22:00,75.12,3.167,4.988,0
2026-03-13 09:23:00,75.32,2.495,5.383,0
2026-03-13 09:24:00,74.12,2.554,5.261,0
2026-03-13 09:25:00,74.26,3.024,4.993,1
2026-03-13 09:26:00,74.72,2.945,5.342,0
2026-03-13 09:27:00,74.07,2.838,5.26,0
2026-03-13 09:28:00,74.27,2.886,5.509,0
2026-03-13 09:29:00,74.48,2.295,5.228,0
2026-03-13 09:30:00,73.82,2.826,5.129,0
2026-03-13 09:31:00,74.39,2.761,5.199,0
2026-03-13 09:32:00,74.86,2.983,5.182,0
2026-03-13 09:33:00,74.72,2.803,5.224,0
2026-03-13 09:34:00,74.3,2.635,5.224,0
2026-03-13 09:35:00,73.92,2.818,5.331,0
2026-03-13 09:36:00,73.93,2.786,5.202,0
2026-03-13 09:37:00,73.92,2.996,5.353,0
2026-03-13 09:38:00,74.49,2.735,5.312,0
2026-03-13 09:39:00,74.45,2.984,5.139,0
2026-03-13 09:40:00,74.78,2.944,5.23,0
2026-03-13 09:41:00,74.33,2.847,5.205,0
2026-03-13 09:42:00,74.17,2.716,5.617,0
2026-03-13 09:43:00,73.59,2.666,5.173,0
2026-03-13 09:44:00,74.44,2.818,5.151,0
2026-03-13 09:45:00,74.46,2.99,5.393,0
2026-03-13 09:46:00,74.56,3.168,5.412,0
2026-03-13 09:47:00,74.23,2.606,5.192,0
2026-03-13 09:48:00,73.86,2.614,5.012,0
2026-03-13 09:49:00,73.19,2.968,5.044,0
2026-03-13 09:50:00,73.59,2.556,5.25,0
2026-03-13 09:51:00,74.2,2.847,5.368,0
2026-03-13 09:52:00,73.33,3.246,5.478,0
2026-03-13 09:53:00,72.8,2.823,5.479,0
2026-03-13 09:54:00,72.8,2.832,5.232,0
2026-03-13 09:55:00,72.91,2.64,5.128,0
2026-03-13 09:56:00,72.79,2.563,5.209,0
2026-03-13 09:57:00,73.09,2.914,5.45,0
2026-03-13 09:58:00,72.83,2.77,5.304,0
2026-03-13 09:59:00,72.04,2.449,5.267,0
2026-03-13 10:00:00,72.89,2.504,5.454,0
2026-03-13 10:01:00,72.59,2.6,5.007,0
2026-03-13 10:02:00,72.44,2.954,4.946,1
2026-03-13 10:03:00,72.8,2.9,5.323,0
2026-03-13 10:04:00,73.13,2.983,5.386,0
2026-03-13 10:05:00,73.11,2.833,5.318,0
2026-03-13 10:06:00,73.03,2.82,5.344,0
2026-03-13 10:07:00,73.5,2.623,5.296,0
2026-03-13 10:08:00,72.98,2.857,5.057,0
2026-03-13 10:09:00,72.4,3.175,5.407,0
2026-03-13 10:10:00,73.33,2.769,5.401,0
2026-03-13 10:11:00,73.99,2.569,5.402,0
2026-03-13 10:12:00,74.14,2.477,5.231,0
2026-03-13 10:13:00,73.72,2.703,5.048,0
2026-03-13 10:14:00,74.14,2.307,5.195,0
2026-03-13 10:15:00,73.58,2.757,5.431,0
2026-03-13 10:16:00,73.03,2.752,5.363,0
2026-03-13 10:17:00,73.22,2.619,5.202,0
2026-03-13 10:18:00,73.07,2.474,5.229,0
2026-03-13 10:19:00,72.83,2.357,5.366,0
2026-03-13 10:20:00,73.31,2.557,5.676,0
2026-03-13 10:21:00,72.5,2.601,5.4,0
2026-03-13 10:22:00,72.92,3.121,5.324,0
2026-03-13 10:23:00,73.08,2.737,5.21,0
2026-03-13 10:24:00,73.09,2.566,5.238,0
2026-03-13 10:25:00,73.61,2.868,5.119,0
2026-03-13 10:26:00,73.21,3.0,4.879,0
2026-03-13 10:27:00,73.73,2.799,5.34,0
2026-03-13 10:28:00,73.54,2.599,5.236,0
2026-03-13 10:29:00,73.98,2.795,5.085,0
2026-03-13 10:30:00,73.73,2.832,5.463,0
2026-03-13 10:31:00,73.72,2.682,5.018,0
2026-03-13 10:32:00,73.31,2.856,5.128,0
2026-03-13 10:33:00,73.35,2.7,5.18,0
2026-03-13 10:34:00,72.35,2.904,5.033,0
2026-03-13 10:35:00,73.4,2.751,5.389,0
2026-03-13 10:36:00,72.93,3.04,5.299,0
2026-03-13 10:37:00,72.87,2.941,5.156,0
2026-03-13 10:38:00,72.22,2.762,5.114,0
2026-03-13 10:39:00,71.73,2.707,5.463,0
2026-03-13 10:40:00,72.18,2.517,5.164,0
2026-03-13 10:41:00,72.39,2.852,4.97,0
2026-03-13 10:42:00,71.75,2.759,5.225,0
2026-03-13 10:43:00,71.89,2.663,5.145,0
2026-03-13 10:44:00,72.51,2.484,5.088,0
2026-03-13 10:45:00,71.8,2.545,5.315,0
2026-03-13 10:46:00,71.86,2.361,5.179,0
2026-03-13 10:47:00,71.99,2.791,5.062,1
2026-03-13 10:48:00,71.96,2.513,5.304,0
2026-03-13 10:49:00,70.86,2.608,5.204,0
2026-03-13 10:50:00,70.23,2.886,5.01,0
2026-03-13 10:51:00,69.54,2.443,5.252,0
2026-03-13 10:52:00,69.61,2.557,4.979,0
2026-03-13 10:53:00,69.98,2.272,5.162,0
2026-03-13 10:54:00,70.91,2.744,5.127,0
2026-03-13 10:55:00,70.79,2.596,5.053,0
2026-03-13 10:56:00,71.12,2.578,5.31,0
2026-03-13 10:57:00,71.4,2.572,5.244,0
2026-03-13 10:58:00,71.06,2.542,5.089,0
2026-03-13 10:59:00,71.21,2.58,5.392,0
2026-03-13 11:00:00,71.59,2.599,5.239,0
2026-03-13 11:01:00,72.1,2.56,5.274,0
2026-03-13 11:02:00,72.11,2.96,5.386,0
2026-03-13 11:03:00,72.14,2.589,5.029,0
2026-03-13 11:04:00,72.38,2.575,5.065,0
2026-03-13 11:05:00,72.15,2.686,4.987,0
2026-03-13 11:06:00,71.87,2.815,5.334,0
2026-03-13 11:07:00,72.87,2.654,5.247,0
2026-03-13 11:08:00,73.04,2.731,5.354,0
2026-03-13 11:09:00,72.78,3.115,5.215,0
2026-03-13 11:10:00,73.13,2.715,5.414,0
2026-03-13 11:11:00,73.22,2.899,5.06,0
2026-03-13 11:12:00,72.9,2.698,5.202,0
2026-03-13 11:13:00,73.12,2.9,5.53,0
2026-03-13 11:14:00,72.52,2.541,5.231,0
2026-03-13 11:15:00,72.42,2.757,5.279,0
2026-03-13 11:16:00,72.09,2.886,5.341,0
2026-03-13 11:17:00,72.06,2.959,5.304,0
2026-03-13 11:18:00,72.46,2.592,5.296,0
2026-03-13 11:19:00,72.42,2.639,5.181,0
2026-03-13 11:20:00,73.06,2.567,5.158,0
2026-03-13 11:21:00,73.05,2.85,5.275,0
2026-03-13 11:22:00,73.25,2.831,5.319,0
2026-03-13 11:23:00,73.06,2.969,5.272,0
2026-03-13 11:24:00,72.65,3.055,5.535,0
2026-03-13 11:25:00,72.95,2.782,5.123,0
2026-03-13 11:26:00,73.29,2.893,5.536,0
2026-03-13 11:27:00,73.04,2.989,5.3,0
2026-03-13 11:28:00,73.61,2.999,5.566,0
2026-03-13 11:29:00,73.03,2.494,5.236,0
2026-03-13 11:30:00,73.1,2.961,5.535,0
2026-03-13 11:31:00,73.18,2.906,5.241,0
2026-03-13 11:32:00,74.01,3.064,5.541,0
2026-03-13 11:33:00,73.62,2.714,5.284,0
2026-03-13 11:34:00,73.35,2.946,5.533,0
2026-03-13 11:35:00,73.17,2.833,5.229,0
2026-03-13 11:36:00,73.22,2.76,5.447,0
2026-03-13 11:37:00,72.38,2.477,5.344,0
2026-03-13 11:38:00,72.47,2.616,5.265,0
2026-03-13 11:39:00,72.59,2.669,5.289,0
2026-03-13 11:40:00,73.02,3.043,5.243,0
2026-03-13 11:41:00,73.25,3.033,5.522,0
2026-03-13 11:42:00,73.43,3.034,5.548,0
2026-03-13 11:43:00,73.32,2.641,5.456,0
2026-03-13 11:44:00,73.27,2.852,5.32,0
2026-03-13 11:45:00,74.74,2.941,5.521,0
2026-03-13 11:46:00,74.39,2.689,5.445,0
2026-03-13 11:47:00,74.98,2.887,5.505,0
2026-03-13 11:48:00,75.41,2.932,5.432,1
2026-03-13 11:49:00,74.62,3.107,5.394,0
2026-03-13 11:50:00,75.19,2.822,5.426,0
2026-03-13 11:51:00,75.08,3.0,5.609,1
2026-03-13 11:52:00,75.86,2.681,5.635,0
2026-03-13 11:53:00,75.49,3.019,5.516,0
2026-03-13 11:54:00,75.42,2.775,5.375,0
2026-03-13 11:55:00,75.09,2.636,5.34,0
2026-03-13 11:56:00,76.17,3.226,5.542,0
2026-03-13 11:57:00,75.91,2.949,5.519,0
2026-03-13 11:58:00,75.59,2.734,5.351,0
2026-03-13 11:59:00,75.72,2.796,5.516,0
2026-03-13 12:00:00,75.27,2.865,5.304,0
2026-03-13 12:01:00,75.56,3.551,5.311,1
2026-03-13 12:02:00,75.68,3.413,5.529,0
2026-03-13 12:03:00,74.83,2.948,5.478,0
2026-03-13 12:04:00,75.26,3.014,5.335,0
2026-03-13 12:05:00,75.4,3.328,5.408,0
2026-03-13 12:06:00,76.38,3.402,5.624,0
2026-03-13 12:07:00,76.03,2.924,5.516,0
2026-03-13 12:08:00,76.86,3.247,5.669,0
2026-03-13 12:09:00,76.68,3.069,5.417,0
2026-03-13 12:10:00,76.33,2.96,5.477,1
2026-03-13 12:11:00,76.35,2.979,5.507,0
2026-03-13 12:12:00,76.77,2.943,5.645,0
2026-03-13 12:13:00,76.4,2.975,5.315,0
2026-03-13 12:14:00,76.99,3.075,5.509,0
2026-03-13 12:15:00,76.64,3.182,5.575,0
2026-03-13 12:16:00,76.86,2.817,5.402,0
2026-03-13 12:17:00,76.86,2.996,5.442,0
2026-03-13 12:18:00,77.28,3.092,5.29,0
2026-03-13 12:19:00,76.77,2.867,5.656,0
2026-03-13 12:20:00,76.61,2.958,5.237,0
2026-03-13 12:21:00,76.59,3.045,5.397,0
2026-03-13 12:22:00,75.88,2.98,5.384,0
2026-03-13 12:23:00,76.17,3.449,5.448,0
2026-03-13 12:24:00,74.65,2.801,5.386,0
2026-03-13 12:25:00,74.87,2.978,5.52,0
2026-03-13 12:26:00,74.75,3.117,5.415,0
2026-03-13 12:27:00,74.63,3.322,5.64,0
2026-03-13 12:28:00,74.67,2.969,5.493,0
2026-03-13 12:29:00,74.56,3.194,5.568,0
2026-03-13 12:30:00,75.16,3.239,5.347,0
2026-03-13 12:31:00,76.96,3.204,5.503,0
2026-03-13 12:32:00,76.31,3.527,5.811,0
2026-03-13 12:33:00,76.8,3.368,5.531,0
2026-03-13 12:34:00,76.22,3.036,5.698,0
2026-03-13 12:35:00,76.05,2.819,5.528,0
2026-03-13 12:36:00,75.58,2.999,5.361,0
2026-03-13 12:37:00,75.68,3.121,5.561,0
2026-03-13 12:38:00,75.59,2.922,5.272,0
2026-03-13 12:39:00,75.92,3.672,5.329,0
2026-03-13 12:40:00,75.66,2.869,5.245,0
2026-03-13 12:41:00,75.29,2.929,5.594,0
2026-03-13 12:42:00,74.54,3.117,5.48,0
2026-03-13 12:43:00,74.83,2.843,5.509,0
2026-03-13 12:44:00,74.24,3.073,5.394,0
2026-03-13 12:45:00,74.58,2.93,5.302,0
2026-03-13 12:46:00,74.61,2.862,5.276,0
2026-03-13 12:47:00,74.78,3.167,5.271,1
2026-03-13 12:48:00,74.79,3.395,5.171,0
2026-03-13 12:49:00,74.39,2.932,5.264,0
2026-03-13 12:50:00,74.67,2.866,5.573,0
2026-03-13 12:51:00,74.55,2.758,5.601,0
2026-03-13 12:52:00,74.8,3.325,5.452,0
2026-03-13 12:53:00,74.68,3.137,5.538,0
2026-03-13 12:54:00,75.24,2.814,5.554,0
2026-03-13 12:55:00,75.44,3.369,5.488,0
2026-03-13 12:56:00,76.03,3.113,5.431,0
2026-03-13 12:57:00,75.53,3.394,5.56,0
2026-03-13 12:58:00,76.34,3.217,5.467,0
2026-03-13 12:59:00,76.26,3.01,5.584,0
2026-03-13 13:00:00,75.57,2.671,5.476,0
2026-03-13 13:01:00,74.97,2.833,5.499,0
2026-03-13 13:02:00,74.51,3.065,5.412,0
2026-03-13 13:03:00,74.85,3.293,5.446,0
2026-03-13 13:04:00,73.84,3.37,5.226,0
2026-03-13 13:05:00,73.92,2.937,5.511,1
2026-03-13 13:06:00,74.08,3.018,5.404,0
2026-03-13 13:07:00,74.39,2.771,5.533,0
2026-03-13 13:08:00,74.45,2.693,5.334,0
2026-03-13 13:09:00,74.34,2.895,5.742,0
2026-03-13 13:10:00,74.75,3.292,5.621,0
2026-03-13 13:11:00,74.25,2.938,5.52,0
2026-03-13 13:12:00,74.84,2.793,5.305,0
2026-03-13 13:13:00,74.74,2.94,5.629,0
2026-03-13 13:14:00,73.91,2.846,5.319,0
2026-03-13 13:15:00,74.0,2.817,5.434,0
2026-03-13 13:16:00,74.68,2.918,5.563,0
2026-03-13 13:17:00,75.24,2.871,5.551,0
2026-03-13 13:18:00,75.12,2.862,5.418,0
2026-03-13 13:19:00,75.12,3.15,5.286,0
2026-03-13 13:20:00,75.19,2.943,5.391,0
2026-03-13 13:21:00,75.33,3.228,5.393,0
2026-03-13 13:22:00,74.54,2.637,5.274,0
2026-03-13 13:23:00,74.11,2.765,5.141,0
2026-03-13 13:24:00,74.77,2.984,5.22,0
2026-03-13 13:25:00,74.35,2.954,5.33,0
2026-03-13 13:26:00,73.51,2.759,5.562,0
2026-03-13 13:27:00,74.08,2.608,5.365,0
2026-03-13 13:28:00,73.86,2.617,5.141,0
2026-03-13 13:29:00,74.2,3.075,5.287,1
2026-03-13 13:30:00,74.34,2.905,5.692,0
2026-03-13 13:31:00,74.23,2.696,5.048,0
2026-03-13 13:32:00,74.1,2.777,5.06,0
2026-03-13 13:33:00,74.66,2.289,5.326,0
2026-03-13 13:34:00,74.06,2.823,5.237,0
2026-03-13 13:35:00,73.92,2.796,5.32,0
2026-03-13 13:36:00,73.34,2.622,5.359,0
2026-03-13 13:37:00,73.13,2.478,5.305,0
2026-03-13 13:38:00,73.6,2.85,5.335,0
2026-03-13 13:39:00,73.9,2.9,5.28,0
2026-03-13 13:40:00,74.11,2.853,5.266,0
2026-03-13 13:41:00,73.83,2.841,5.541,0
2026-03-13 13:42:00,73.64,3.006,5.466,0
2026-03-13 13:43:00,74.24,3.018,5.355,0
2026-03-13 13:44:00,74.17,2.795,5.225,0
2026-03-13 13:45:00,74.21,2.721,5.646,0
2026-03-13 13:46:00,74.62,2.831,5.211,0
2026-03-13 13:47:00,74.38,2.737,5.442,0
2026-03-13 13:48:00,74.17,2.729,5.317,0
2026-03-13 13:49:00,74.3,2.779,5.35,0
2026-03-13 13:50:00,73.57,2.668,5.303,0
2026-03-13 13:51:00,73.93,3.255,5.514,0
2026-03-13 13:52:00,74.71,2.905,5.625,0
2026-03-13 13:53:00,74.74,2.89,5.519,0
2026-03-13 13:54:00,74.96,2.899,5.252,0
2026-03-13 13:55:00,75.24,3.1,5.441,1
2026-03-13 13:56:00,74.92,2.926,5.527,0
2026-03-13 13:57:00,75.56,2.677,5.58,0
2026-03-13 13:58:00,75.59,3.061,5.583,0
2026-03-13 13:59:00,75.44,3.141,5.528,0
2026-03-13 14:00:00,75.81,2.941,5.6,0
2026-03-13 14:01:00,74.69,2.928,5.37,0
2026-03-13 14:02:00,74.8,2.443,5.499,0
2026-03-13 14:03:00,75.17,3.049,5.565,0
2026-03-13 14:04:00,75.63,2.75,5.321,0
2026-03-13 14:05:00,75.23,2.81,5.541,0
2026-03-13 14:06:00,75.21,2.823,5.576,0
2026-03-13 14:07:00,74.39,2.769,5.282,0
2026-03-13 14:08:00,74.2,2.675,5.56,0
2026-03-13 14:09:00,75.08,3.056,5.317,0
2026-03-13 14:10:00,74.65,2.837,5.437,0
2026-03-13 14:11:00,75.33,2.815,5.672,0
2026-03-13 14:12:00,75.69,2.743,5.684,0
2026-03-13 14:13:00,75.77,2.722,5.587,0
2026-03-13 14:14:00,75.33,3.16,5.401,0
2026-03-13 14:15:00,76.21,3.111,5.59,0
2026-03-13 14:16:00,76.83,3.109,5.34,0
2026-03-13 14:17:00,77.04,3.272,5.276,0
2026-03-13 14:18:00,76.41,2.872,5.538,0
2026-03-13 14:19:00,77.35,3.222,5.289,0
2026-03-13 14:20:00,77.19,2.857,5.46,0
2026-03-13 14:21:00,77.63,3.327,5.479,0
2026-03-13 14:22:00,77.29,2.993,5.266,0
2026-03-13 14:23:00,77.33,3.056,5.57,0
2026-03-13 14:24:00,77.0,2.986,5.645,0
2026-03-13 14:25:00,76.0,3.346,5.233,0
2026-03-13 14:26:00,76.31,3.24,5.271,0
2026-03-13 14:27:00,76.1,3.062,4.976,1
2026-03-13 14:28:00,76.49,2.688,5.401,0
2026-03-13 14:29:00,76.44,2.679,5.271,0
2026-03-13 14:30:00,76.49,3.038,5.663,0
2026-03-13 14:31:00,76.51,2.92,5.627,0
2026-03-13 14:32:00,76.59,3.289,5.514,0
2026-03-13 14:33:00,77.09,3.083,5.546,0
2026-03-13 14:34:00,76.65,2.869,5.515,0
2026-03-13 14:35:00,76.84,3.423,5.662,0
2026-03-13 14:36:00,76.68,3.182,5.687,1
2026-03-13 14:37:00,77.45,3.067,5.47,0
2026-03-13 14:38:00,77.69,3.391,5.729,0
2026-03-13 14:39:00,77.52,3.078,5.645,0
2026-03-13 14:40:00,76.67,3.002,5.796,0
2026-03-13 14:41:00,77.16,3.33,5.638,0
2026-03-13 14:42:00,77.11,2.792,5.632,0
2026-03-13 14:43:00,77.52,2.878,5.227,0
2026-03-13 14:44:00,76.89,2.749,5.428,0
2026-03-13 14:45:00,76.83,3.205,5.614,1
2026-03-13 14:46:00,76.77,2.912,5.337,0
2026-03-13 14:47:00,77.02,3.099,5.4,0
2026-03-13 14:48:00,76.74,2.956,5.573,0
2026-03-13 14:49:00,77.67,2.759,5.547,0
2026-03-13 14:50:00,77.82,2.762,5.422,0
2026-03-13 14:51:00,77.59,3.133,5.387,0
2026-03-13 14:52:00,77.57,2.748,5.642,0
2026-03-13 14:53:00,78.06,3.372,5.532,0
2026-03-13 14:54:00,77.97,3.396,5.286,0
2026-03-13 14:55:00,78.21,2.91,5.497,0
2026-03-13 14:56:00,78.02,2.961,5.598,0
2026-03-13 14:57:00,77.55,2.813,5.271,0
2026-03-13 14:58:00,77.26,2.951,5.402,0
2026-03-13 14:59:00,77.47,2.97,5.599,0
2026-03-13 15:00:00,77.15,3.298,5.514,0
2026-03-13 15:01:00,76.81,2.671,5.526,0
2026-03-13 15:02:00,76.66,2.959,5.281,1
2026-03-13 15:03:00,76.84,2.837,5.39,0
2026-03-13 15:04:00,76.32,3.151,5.622,0
2026-03-13 15:05:00,75.71,2.857,5.439,0
2026-03-13 15:06:00,76.71,2.829,5.631,0
2026-03-13 15:07:00,76.34,2.728,5.553,0
2026-03-13 15:08:00,76.21,2.832,5.403,0
2026-03-13 15:09:00,75.7,3.136,5.473,0
2026-03-13 15:10:00,75.88,2.629,5.399,0
2026-03-13 15:11:00,76.35,3.376,5.567,0
2026-03-13 15:12:00,76.61,2.995,5.577,0
2026-03-13 15:13:00,76.39,3.199,5.453,0
2026-03-13 15:14:00,77.08,3.156,5.583,0
2026-03-13 15:15:00,76.42,3.242,5.576,0
2026-03-13 15:16:00,76.77,2.835,5.712,0
2026-03-13 15:17:00,76.54,2.812,5.56,0
2026-03-13 15:18:00,76.91,2.624,5.531,0
2026-03-13 15:19:00,77.31,3.131,5.391,0
2026-03-13 15:20:00,77.59,2.86,5.585,0
2026-03-13 15:21:00,77.17,3.069,5.576,0
2026-03-13 15:22:00,77.44,3.277,5.427,0
2026-03-13 15:23:00,76.75,3.13,5.484,0
2026-03-13 15:24:00,76.99,3.193,5.437,0
2026-03-13 15:25:00,76.9,2.913,5.631,0
2026-03-13 15:26:00,77.22,2.839,5.656,0
2026-03-13 15:27:00,76.97,3.109,5.499,0
2026-03-13 15:28:00,76.89,3.283,5.73,0
2026-03-13 15:29:00,77.04,2.84,5.569,0
2026-03-13 15:30:00,76.55,3.036,5.541,0
2026-03-13 15:31:00,76.91,3.17,5.659,0
2026-03-13 15:32:00,76.21,2.959,5.648,0
2026-03-13 15:33:00,77.02,2.821,5.523,0
2026-03-13 15:34:00,77.17,2.891,5.542,0
2026-03-13 15:35:00,77.33,3.396,5.715,0
2026-03-13 15:36:00,77.52,2.899,5.658,0
2026-03-13 15:37:00,76.91,2.888,5.67,0
2026-03-13 15:38:00,76.8,3.004,5.775,0
2026-03-13 15:39:00,77.12,3.043,5.629,0
2026-03-13 15:40:00,77.25,3.201,5.637,1
2026-03-13 15:41:00,77.39,3.293,5.525,0
2026-03-13 15:42:00,78.27,2.922,5.528,0
2026-03-13 15:43:00,77.29,2.834,5.441,0
2026-03-13 15:44:00,77.97,2.98,5.67,0
2026-03-13 15:45:00,77.51,3.482,5.493,0
2026-03-13 15:46:00,76.86,3.166,5.326,0
2026-03-13 15:47:00,77.45,3.253,5.718,0
2026-03-13 15:48:00,77.54,3.307,5.588,0
2026-03-13 15:49:00,77.78,3.251,5.499,0
2026-03-13 15:50:00,77.68,3.036,5.434,0
2026-03-13 15:51:00,77.42,3.047,5.476,0
2026-03-13 15:52:00,77.29,3.306,5.568,0
2026-03-13 15:53:00,77.18,3.044,5.51,0
2026-03-13 15:54:00,76.83,3.083,5.477,0
2026-03-13 15:55:00,76.0,3.032,5.62,1
2026-03-13 15:56:00,75.71,2.799,5.459,0
2026-03-13 15:57:00,75.66,2.975,5.492,0
2026-03-13 15:58:00,76.72,2.888,5.553,1
2026-03-13 15:59:00,75.79,2.999,5.443,0
2026-03-13 16:00:00,76.64,3.238,5.602,0
2026-03-13 16:01:00,76.67,3.415,5.422,0
2026-03-13 16:02:00,77.06,2.897,5.553,0
2026-03-13 16:03:00,77.3,3.022,5.531,0
2026-03-13 16:04:00,77.27,2.679,5.588,0
2026-03-13 16:05:00,76.68,3.009,5.151,0
2026-03-13 16:06:00,76.17,2.916,5.773,0
2026-03-13 16:07:00,76.59,2.812,5.454,0
2026-03-13 16:08:00,76.39,2.99,5.547,0
2026-03-13 16:09:00,77.07,2.862,5.669,0
2026-03-13 16:10:00,77.12,3.037,5.534,0
2026-03-13 16:11:00,77.38,2.968,5.592,0
2026-03-13 16:12:00,77.03,2.969,5.47,0
2026-03-13 16:13:00,76.71,3.217,5.512,0
2026-03-13 16:14:00,76.76,3.198,5.552,0
2026-03-13 16:15:00,76.71,2.724,5.538,0
2026-03-13 16:16:00,76.11,2.779,5.121,0
2026-03-13 16:17:00,75.97,3.268,5.289,0
2026-03-13 16:18:00,75.68,3.319,5.576,0
2026-03-13 16:19:00,76.2,3.461,5.599,0
2026-03-13 16:20:00,75.65,2.97,5.625,0
2026-03-13 16:21:00,75.33,2.94,5.508,0
2026-03-13 16:22:00,75.88,2.79,5.448,1
2026-03-13 16:23:00,75.08,2.966,5.52,0
2026-03-13 16:24:00,75.55,2.856,5.492,0
2026-03-13 16:25:00,75.84,3.613,5.498,0
2026-03-13 16:26:00,75.91,3.163,5.462,0
2026-03-13 16:27:00,76.11,3.088,5.438,0
2026-03-13 16:28:00,75.94,2.978,5.559,0
2026-03-13 16:29:00,75.63,2.781,5.421,0
2026-03-13 16:30:00,76.23,3.141,5.502,0
2026-03-13 16:31:00,75.68,3.204,5.553,0
2026-03-13 16:32:00,76.16,2.702,5.466,0
2026-03-13 16:33:00,76.22,2.717,5.468,0
2026-03-13 16:34:00,76.13,2.624,5.488,0
2026-03-13 16:35:00,75.42,3.096,5.338,0
2026-03-13 16:36:00,75.46,3.166,5.41,0
2026-03-13 16:37:00,74.63,3.078,5.485,0
2026-03-13 16:38:00,75.08,2.93,5.322,0
2026-03-13 16:39:00,74.93,2.928,5.337,0
2026-03-13 16:40:00,74.36,2.863,5.274,0
2026-03-13 16:41:00,74.12,3.057,5.185,0
2026-03-13 16:42:00,74.21,2.742,5.305,1
2026-03-13 16:43:00,74.39,3.164,5.405,0
2026-03-13 16:44:00,74.28,2.604,5.617,0
2026-03-13 16:45:00,74.41,2.804,5.471,0
2026-03-13 16:46:00,73.62,2.512,5.162,0
2026-03-13 16:47:00,73.56,2.858,5.254,0
2026-03-13 16:48:00,73.78,2.322,5.227,0
2026-03-13 16:49:00,73.77,2.889,5.287,0
2026-03-13 16:50:00,74.5,2.757,5.266,0
2026-03-13 16:51:00,74.65,2.876,5.387,0
2026-03-13 16:52:00,74.25,2.618,5.155,0
2026-03-13 16:53:00,75.11,2.752,5.365,0
2026-03-13 16:54:00,74.09,3.121,5.239,0
2026-03-13 16:55:00,75.15,2.996,5.172,0
2026-03-13 16:56:00,74.76,2.919,5.408,0
2026-03-13 16:57:00,75.26,2.677,5.167,0
2026-03-13 16:58:00,75.09,2.85,5.396,0
2026-03-13 16:59:00,74.51,2.843,5.614,0
2026-03-13 17:00:00,74.63,2.931,5.512,0
2026-03-13 17:01:00,74.62,2.957,5.458,0
2026-03-13 17:02:00,75.3,2.773,5.372,0
2026-03-13 17:03:00,75.44,2.816,5.497,0
2026-03-13 17:04:00,75.82,3.296,5.546,0
2026-03-13 17:05:00,75.76,3.134,5.328,0
2026-03-13 17:06:00,74.47,2.862,5.497,0
2026-03-13 17:07:00,75.49,3.36,5.203,0
2026-03-13 17:08:00,75.38,3.115,5.319,0
2026-03-13 17:09:00,75.34,2.861,5.21,0
2026-03-13 17:10:00,75.75,3.295,5.523,0
2026-03-13 17:11:00,76.79,2.991,5.794,0
2026-03-13 17:12:00,76.69,2.738,5.547,0
2026-03-13 17:13:00,76.66,3.086,5.383,0
2026-03-13 17:14:00,76.79,2.975,5.295,0
2026-03-13 17:15:00,76.5,3.252,5.614,0
2026-03-13 17:16:00,76.67,3.093,5.131,0
2026-03-13 17:17:00,76.42,2.687,5.34,0
2026-03-13 17:18:00,76.6,2.73,5.457,0
2026-03-13 17:19:00,75.93,2.959,5.388,0
2026-03-13 17:20:00,74.93,3.167,5.301,0
2026-03-13 17:21:00,75.03,2.969,5.431,0
2026-03-13 17:22:00,75.38,2.906,5.257,0
2026-03-13 17:23:00,75.58,2.675,5.3,0
2026-03-13 17:24:00,75.89,3.131,5.385,0
2026-03-13 17:25:00,75.44,2.665,5.379,0
2026-03-13 17:26:00,75.18,2.489,5.312,0
2026-03-13 17:27:00,75.66,2.832,5.44,0
2026-03-13 17:28:00,74.23,2.636,5.292,0
2026-03-13 17:29:00,74.54,2.485,5.534,0
2026-03-13 17:30:00,75.08,2.911,5.215,0
2026-03-13 17:31:00,74.33,2.952,5.284,0
2026-03-13 17:32:00,74.67,2.849,5.194,0
2026-03-13 17:33:00,73.58,2.903,5.386,0
2026-03-13 17:34:00,73.16,2.566,5.424,0
2026-03-13 17:35:00,72.79,2.571,4.88,0
2026-03-13 17:36:00,72.91,2.758,5.18,0
2026-03-13 17:37:00,72.32,2.462,5.432,0
2026-03-13 17:38:00,72.72,2.55,5.472,1
2026-03-13 17:39:00,72.8,2.777,5.495,0
2026-03-13 17:40:00,72.57,2.434,5.377,0
2026-03-13 17:41:00,72.5,2.977,5.331,0
2026-03-13 17:42:00,73.03,2.752,5.332,0
2026-03-13 17:43:00,72.95,2.71,5.136,0
2026-03-13 17:44:00,72.49,2.528,5.177,0
2026-03-13 17:45:00,73.17,2.76,5.021,0
2026-03-13 17:46:00,72.44,2.62,5.215,0
2026-03-13 17:47:00,72.39,2.464,5.217,0
2026-03-13 17:48:00,72.13,2.663,5.413,0
2026-03-13 17:49:00,72.49,2.971,5.616,0
2026-03-13 17:50:00,72.52,3.02,5.24,0
2026-03-13 17:51:00,73.03,2.827,5.374,0
2026-03-13 17:52:00,73.75,3.473,5.347,0
2026-03-13 17:53:00,74.22,3.012,5.568,0
2026-03-13 17:54:00,74.14,2.821,5.256,0
2026-03-13 17:55:00,73.87,3.222,5.152,0
2026-03-13 17:56:00,74.25,3.129,5.48,0
2026-03-13 17:57:00,74.35,3.104,5.438,0
2026-03-13 17:58:00,74.78,3.004,5.461,0
2026-03-13 17:59:00,74.96,2.71,5.512,0
2026-03-13 18:00:00,74.19,2.725,5.457,0
2026-03-13 18:01:00,74.49,2.941,5.33,0
2026-03-13 18:02:00,74.09,2.641,5.355,0
2026-03-13 18:03:00,74.08,2.779,5.397,0
2026-03-13 18:04:00,73.97,2.892,5.239,0
2026-03-13 18:05:00,73.29,2.643,5.207,0
2026-03-13 18:06:00,73.89,3.268,5.525,0
2026-03-13 18:07:00,74.01,2.882,5.474,0
2026-03-13 18:08:00,73.77,2.549,5.361,0
2026-03-13 18:09:00,73.86,2.729,5.227,0
2026-03-13 18:10:00,73.5,2.969,5.415,0
2026-03-13 18:11:00,73.81,2.555,5.34,0
2026-03-13 18:12:00,73.52,2.834,5.47,1
2026-03-13 18:13:00,73.8,3.105,5.246,0
2026-03-13 18:14:00,73.57,2.725,5.428,0
2026-03-13 18:15:00,73.96,2.412,5.527,0
2026-03-13 18:16:00,74.68,2.895,5.353,0
2026-03-13 18:17:00,74.64,2.87,5.442,0
2026-03-13 18:18:00,74.36,2.646,5.346,0
2026-03-13 18:19:00,74.55,3.03,5.339,0
2026-03-13 18:20:00,74.08,3.109,5.267,0
2026-03-13 18:21:00,73.77,2.878,5.298,0
2026-03-13 18:22:00,73.97,3.058,5.449,0
2026-03-13 18:23:00,74.26,2.628,5.299,0
2026-03-13 18:24:00,73.87,2.809,5.466,0
2026-03-13 18:25:00,74.33,3.178,5.44,0
2026-03-13 18:26:00,75.1,2.926,5.219,0
2026-03-13 18:27:00,74.42,2.628,5.452,1
2026-03-13 18:28:00,75.26,2.828,5.476,0
2026-03-13 18:29:00,74.81,3.118,5.445,0
2026-03-13 18:30:00,75.07,3.154,5.405,0
2026-03-13 18:31:00,75.01,3.297,5.455,0
2026-03-13 18:32:00,74.63,2.809,5.502,0
2026-03-13 18:33:00,75.43,2.751,5.253,0
2026-03-13 18:34:00,75.6,2.746,5.561,0
2026-03-13 18:35:00,74.53,2.593,5.585,1
2026-03-13 18:36:00,74.61,2.52,5.313,0
2026-03-13 18:37:00,74.48,2.882,5.126,0
2026-03-13 18:38:00,74.33,2.469,5.581,0
2026-03-13 18:39:00,73.51,2.552,5.192,0
2026-03-13 18:40:00,73.37,2.946,5.343,0
2026-03-13 18:41:00,73.4,2.914,5.413,0
2026-03-13 18:42:00,73.98,2.806,5.223,0
2026-03-13 18:43:00,73.73,3.0,5.308,0
2026-03-13 18:44:00,73.12,2.817,5.267,0
2026-03-13 18:45:00,73.72,2.975,5.295,0
2026-03-13 18:46:00,73.58,2.697,5.345,0
2026-03-13 18:47:00,74.26,2.733,5.232,0
2026-03-13 18:48:00,74.07,3.24,5.58,0
2026-03-13 18:49:00,74.88,3.027,5.488,0
2026-03-13 18:50:00,75.86,2.835,5.539,0
2026-03-13 18:51:00,76.58,2.667,5.614,0
2026-03-13 18:52:00,75.35,3.012,5.389,0
2026-03-13 18:53:00,75.42,3.186,5.337,0
2026-03-13 18:54:00,75.24,3.166,5.594,1
2026-03-13 18:55:00,75.04,2.936,5.549,0
2026-03-13 18:56:00,74.82,2.903,5.433,1
2026-03-13 18:57:00,75.63,3.105,5.654,0
2026-03-13 18:58:00,75.84,3.211,5.479,0
2026-03-13 18:59:00,76.07,3.068,5.452,0
2026-03-13 19:00:00,76.65,3.269,5.457,0
2026-03-13 19:01:00,76.54,2.736,5.594,0
2026-03-13 19:02:00,76.08,2.803,5.373,0
2026-03-13 19:03:00,76.25,3.148,5.492,0
2026-03-13 19:04:00,76.71,2.95,5.157,0
2026-03-13 19:05:00,77.08,3.384,5.3,0
2026-03-13 19:06:00,76.56,3.007,5.171,0
2026-03-13 19:07:00,77.0,2.812,5.486,0
2026-03-13 19:08:00,76.44,2.751,5.249,0
2026-03-13 19:09:00,75.53,2.554,5.203,0
2026-03-13 19:10:00,75.97,2.774,5.381,0
2026-03-13 19:11:00,75.02,2.801,5.375,0
2026-03-13 19:12:00,74.45,2.626,5.284,0
2026-03-13 19:13:00,74.31,2.623,5.154,0
2026-03-13 19:14:00,75.17,2.868,5.386,0
2026-03-13 19:15:00,75.46,3.058,5.271,0
2026-03-13 19:16:00,75.82,3.039,5.281,0
2026-03-13 19:17:00,75.53,2.914,5.397,0
2026-03-13 19:18:00,74.76,3.106,5.351,0
2026-03-13 19:19:00,75.24,2.921,5.591,0
2026-03-13 19:20:00,74.75,2.994,5.382,0
2026-03-13 19:21:00,75.29,2.877,5.296,0
2026-03-13 19:22:00,74.47,3.14,5.338,0
2026-03-13 19:23:00,74.47,2.966,5.47,0
2026-03-13 19:24:00,74.08,2.846,5.319,0
2026-03-13 19:25:00,74.0,2.636,5.426,0
2026-03-13 19:26:00,73.78,2.832,5.34,0
2026-03-13 19:27:00,74.01,2.494,5.503,0
2026-03-13 19:28:00,75.0,3.008,5.61,0
2026-03-13 19:29:00,74.69,3.112,5.442,0
2026-03-13 19:30:00,74.1,2.515,4.964,0
2026-03-13 19:31:00,74.58,3.028,5.546,0
2026-03-13 19:32:00,74.56,2.968,5.522,0
2026-03-13 19:33:00,75.1,3.271,5.345,0
2026-03-13 19:34:00,74.95,2.466,5.303,0
2026-03-13 19:35:00,75.52,2.597,5.205,0
2026-03-13 19:36:00,74.68,2.782,5.204,0
2026-03-13 19:37:00,74.61,2.593,5.573,0
2026-03-13 19:38:00,74.68,2.633,5.487,0
2026-03-13 19:39:00,74.02,2.639,5.257,0
2026-03-13 19:40:00,74.77,2.64,5.286,0
2026-03-13 19:41:00,74.83,2.804,5.503,0
2026-03-13 19:42:00,75.03,2.774,5.537,0
2026-03-13 19:43:00,75.94,2.91,5.347,0
2026-03-13 19:44:00,76.13,3.062,5.383,0
2026-03-13 19:45:00,75.63,2.749,5.399,0
2026-03-13 19:46:00,76.59,2.743,5.5,0
2026-03-13 19:47:00,77.26,3.786,5.653,0
2026-03-13 19:48:00,77.38,3.406,5.557,0
2026-03-13 19:49:00,76.85,3.012,5.523,0
2026-03-13 19:50:00,77.1,3.132,5.3,0
2026-03-13 19:51:00,76.81,2.996,5.297,0
2026-03-13 19:52:00,77.5,2.979,5.547,0
2026-03-13 19:53:00,76.85,2.962,5.606,0
2026-03-13 19:54:00,76.64,2.772,5.287,0
2026-03-13 19:55:00,76.63,2.797,5.452,0
2026-03-13 19:56:00,76.09,2.899,5.429,0
2026-03-13 19:57:00,76.82,3.242,5.822,0
2026-03-13 19:58:00,76.63,2.707,5.521,0
2026-03-13 19:59:00,76.65,3.027,5.654,0
2026-03-13 20:00:00,77.34,3.067,5.566,0
2026-03-13 20:01:00,76.67,3.245,5.681,0
2026-03-13 20:02:00,75.9,3.387,5.389,0
2026-03-13 20:03:00,76.0,2.542,5.437,0
2026-03-13 20:04:00,76.14,3.166,5.167,0
2026-03-13 20:05:00,75.45,2.925,5.702,0
2026-03-13 20:06:00,75.42,3.072,5.29,0
2026-03-13 20:07:00,75.08,2.723,5.309,0
2026-03-13 20:08:00,74.91,2.521,5.249,0
2026-03-13 20:09:00,75.59,2.927,5.417,1
2026-03-13 20:10:00,75.53,3.362,5.393,0
2026-03-13 20:11:00,75.29,3.133,5.413,0
2026-03-13 20:12:00,75.59,2.836,5.332,0
2026-03-13 20:13:00,75.47,2.794,5.411,0
2026-03-13 20:14:00,76.0,3.202,5.568,1
2026-03-13 20:15:00,75.47,3.144,5.535,0
2026-03-13 20:16:00,74.99,2.689,5.546,0
2026-03-13 20:17:00,75.44,2.801,5.342,0
2026-03-13 20:18:00,75.0,2.684,5.478,0
2026-03-13 20:19:00,75.03,2.723,5.378,0
2026-03-13 20:20:00,74.73,2.635,5.361,0
2026-03-13 20:21:00,74.62,2.884,5.295,0
2026-03-13 20:22:00,74.19,2.781,5.306,1
2026-03-13 20:23:00,74.13,2.792,5.302,0
2026-03-13 20:24:00,74.49,3.311,5.476,0
2026-03-13 20:25:00,74.39,3.085,5.352,0
2026-03-13 20:26:00,74.86,3.142,5.301,0
2026-03-13 20:27:00,74.3,2.451,5.346,0
2026-03-13 20:28:00,74.44,2.883,5.632,0
2026-03-13 20:29:00,73.23,3.256,5.245,0
2026-03-13 20:30:00,73.82,2.734,5.296,0
2026-03-13 20:31:00,73.64,3.023,5.332,0
2026-03-13 20:32:00,73.12,2.667,5.283,0
2026-03-13 20:33:00,73.37,2.525,5.099,0
2026-03-13 20:34:00,73.81,2.977,5.32,0
2026-03-13 20:35:00,73.47,2.629,5.459,0
2026-03-13 20:36:00,73.96,3.079,5.288,0
2026-03-13 20:37:00,73.79,2.997,5.259,0
2026-03-13 20:38:00,72.97,2.882,5.271,0
2026-03-13 20:39:00,73.45,2.533,5.243,0
2026-03-13 20:40:00,72.56,2.699,5.231,0
2026-03-13 20:41:00,72.92,3.189,5.188,1
2026-03-13 20:42:00,73.35,2.74,5.354,0
2026-03-13 20:43:00,73.58,2.909,5.555,0
2026-03-13 20:44:00,73.39,2.839,5.416,0
2026-03-13 20:45:00,73.62,2.794,5.278,0
2026-03-13 20:46:00,72.25,2.652,5.179,0
2026-03-13 20:47:00,73.37,2.796,5.365,0
2026-03-13 20:48:00,72.47,2.22,5.191,1
2026-03-13 20:49:00,73.67,2.577,4.989,0
2026-03-13 20:50:00,72.19,2.856,5.032,1
2026-03-13 20:51:00,72.95,2.653,5.547,0
2026-03-13 20:52:00,72.25,2.859,5.469,0
2026-03-13 20:53:00,71.98,2.571,5.328,0
2026-03-13 20:54:00,72.03,2.844,5.402,0
2026-03-13 20:55:00,71.55,2.826,5.073,0
2026-03-13 20:56:00,71.5,2.907,5.391,0
2026-03-13 20:57:00,72.78,3.082,5.284,0
2026-03-13 20:58:00,73.33,2.635,5.464,0
2026-03-13 20:59:00,73.75,2.272,5.317,0
2026-03-13 21:00:00,74.05,2.753,5.282,0
2026-03-13 21:01:00,74.16,2.88,5.281,0
2026-03-13 21:02:00,73.81,2.648,5.092,0
2026-03-13 21:03:00,73.15,2.435,5.376,0
2026-03-13 21:04:00,73.28,2.578,5.193,0
2026-03-13 21:05:00,73.2,2.773,5.398,0
2026-03-13 21:06:00,72.71,2.699,5.129,0
2026-03-13 21:07:00,72.71,2.554,5.225,0
2026-03-13 21:08:00,72.78,3.121,5.325,0
2026-03-13 21:09:00,72.01,2.686,5.449,0
2026-03-13 21:10:00,71.97,2.879,5.196,0
2026-03-13 21:11:00,72.33,2.31,5.305,0
2026-03-13 21:12:00,71.94,2.802,5.249,0
2026-03-13 21:13:00,72.07,2.423,5.157,0
2026-03-13 21:14:00,72.46,2.679,5.229,0
2026-03-13 21:15:00,72.33,2.902,5.286,0
2026-03-13 21:16:00,72.82,2.643,5.321,0
2026-03-13 21:17:00,72.68,2.524,5.304,0
2026-03-13 21:18:00,72.57,2.274,5.146,0
2026-03-13 21:19:00,73.81,3.177,5.547,0
2026-03-13 21:20:00,73.76,2.812,5.444,0
2026-03-13 21:21:00,73.95,2.693,5.223,0
2026-03-13 21:22:00,74.13,2.858,5.503,0
2026-03-13 21:23:00,73.88,2.655,5.303,0
2026-03-13 21:24:00,73.89,3.034,5.174,0
2026-03-13 21:25:00,73.8,2.734,5.316,0
2026-03-13 21:26:00,74.39,2.69,5.336,0
2026-03-13 21:27:00,74.16,2.764,5.395,0
2026-03-13 21:28:00,73.7,2.842,5.353,0
2026-03-13 21:29:00,73.95,2.523,5.083,0
2026-03-13 21:30:00,73.94,2.738,5.265,0
2026-03-13 21:31:00,74.82,3.035,5.539,0
2026-03-13 21:32:00,75.11,2.814,5.324,0
2026-03-13 21:33:00,74.66,3.307,5.308,0
2026-03-13 21:34:00,74.31,3.126,5.522,0
2026-03-13 21:35:00,74.48,3.493,5.425,0
2026-03-13 21:36:00,74.15,2.707,5.539,0
2026-03-13 21:37:00,74.79,2.446,5.328,0
2026-03-13 21:38:00,73.99,2.765,5.499,0
2026-03-13 21:39:00,74.68,2.69,5.532,0
2026-03-13 21:40:00,74.69,2.666,5.336,0
2026-03-13 21:41:00,74.61,3.049,5.482,0
2026-03-13 21:42:00,75.04,2.889,5.48,0
2026-03-13 21:43:00,74.13,2.784,5.38,0
2026-03-13 21:44:00,73.79,2.945,5.399,0
2026-03-13 21:45:00,73.45,2.771,5.335,0
2026-03-13 21:46:00,73.63,3.069,5.323,0
2026-03-13 21:47:00,73.77,3.142,5.501,0
2026-03-13 21:48:00,74.1,2.531,5.487,0
2026-03-13 21:49:00,72.98,2.636,5.23,0
2026-03-13 21:50:00,73.19,2.633,5.315,0
2026-03-13 21:51:00,72.99,3.067,5.333,0
2026-03-13 21:52:00,73.38,2.928,5.417,0
2026-03-13 21:53:00,73.34,2.596,5.604,0
2026-03-13 21:54:00,73.0,2.492,5.428,0
2026-03-13 21:55:00,72.31,2.432,5.483,0
2026-03-13 21:56:00,73.06,3.22,5.192,0
2026-03-13 21:57:00,73.11,2.574,4.97,0
2026-03-13 21:58:00,72.91,3.113,5.359,0
2026-03-13 21:59:00,73.1,2.914,5.109,0
2026-03-13 22:00:00,73.02,3.068,5.06,0
2026-03-13 22:01:00,72.57,2.517,5.459,0
2026-03-13 22:02:00,72.79,2.697,5.12,0
2026-03-13 22:03:00,73.23,3.101,5.365,1
2026-03-13 22:04:00,73.35,2.895,5.414,0
2026-03-13 22:05:00,74.18,2.886,5.453,0
2026-03-13 22:06:00,73.94,2.758,5.503,0
2026-03-13 22:07:00,73.97,2.836,5.379,0
2026-03-13 22:08:00,74.07,3.068,5.215,0
2026-03-13 22:09:00,74.55,3.032,5.358,0
2026-03-13 22:10:00,75.15,2.507,5.239,0
2026-03-13 22:11:00,74.76,2.856,5.097,1
2026-03-13 22:12:00,75.04,2.641,5.531,0
2026-03-13 22:13:00,74.79,2.862,5.446,0
2026-03-13 22:14:00,75.12,2.706,5.332,0
2026-03-13 22:15:00,74.43,2.717,5.27,0
2026-03-13 22:16:00,74.59,3.185,5.258,0
2026-03-13 22:17:00,74.51,3.158,5.62,0
2026-03-13 22:18:00,74.18,2.573,5.281,0
2026-03-13 22:19:00,73.09,2.611,5.022,0
2026-03-13 22:20:00,73.6,2.815,5.501,0
2026-03-13 22:21:00,73.28,2.751,5.301,0
2026-03-13 22:22:00,73.63,2.663,5.639,0
2026-03-13 22:23:00,73.61,2.854,5.397,0
2026-03-13 22:24:00,73.17,2.938,5.39,0
2026-03-13 22:25:00,74.06,2.81,5.527,0
2026-03-13 22:26:00,74.46,2.558,5.411,0
2026-03-13 22:27:00,73.73,2.595,5.562,0
2026-03-13 22:28:00,74.36,3.004,5.562,0
2026-03-13 22:29:00,74.95,2.88,5.613,0
2026-03-13 22:30:00,74.48,2.636,5.377,0
2026-03-13 22:31:00,74.52,2.976,5.47,0
2026-03-13 22:32:00,74.55,2.796,5.279,0
2026-03-13 22:33:00,75.12,2.873,5.492,0
2026-03-13 22:34:00,74.67,3.176,5.304,0
2026-03-13 22:35:00,75.39,3.019,5.563,0
2026-03-13 22:36:00,75.53,2.742,5.447,0
2026-03-13 22:37:00,75.39,2.701,5.362,0
2026-03-13 22:38:00,75.01,2.881,5.571,0
2026-03-13 22:39:00,75.45,2.683,5.443,0
2026-03-13 22:40:00,75.3,2.844,5.532,0
2026-03-13 22:41:00,75.1,2.841,5.362,0
2026-03-13 22:42:00,75.18,2.638,5.381,0
2026-03-13 22:43:00,75.17,2.861,5.39,0
2026-03-13 22:44:00,76.07,2.789,5.566,0
2026-03-13 22:45:00,75.87,3.136,5.136,0
2026-03-13 22:46:00,76.12,2.544,5.525,0
2026-03-13 22:47:00,76.1,2.688,5.189,0
2026-03-13 22:48:00,75.73,3.306,5.454,0
2026-03-13 22:49:00,76.11,2.797,5.433,0
2026-03-13 22:50:00,76.05,2.447,5.318,0
2026-03-13 22:51:00,76.59,3.155,5.52,0
2026-03-13 22:52:00,76.2,3.034,5.455,0
2026-03-13 22:53:00,75.82,2.834,5.479,0
2026-03-13 22:54:00,75.4,2.819,5.32,0
2026-03-13 22:55:00,75.53,2.573,5.365,0
2026-03-13 22:56:00,74.69,3.082,5.421,0
2026-03-13 22:57:00,74.34,2.636,5.447,0
2026-03-13 22:58:00,74.41,2.475,5.185,0
2026-03-13 22:59:00,73.99,2.735,5.311,0
2026-03-13 23:00:00,74.01,2.806,5.401,0
2026-03-13 23:01:00,74.17,2.935,5.236,0
2026-03-13 23:02:00,73.58,2.717,5.136,1
2026-03-13 23:03:00,74.68,2.603,5.353,0
2026-03-13 23:04:00,73.93,2.856,5.256,0
2026-03-13 23:05:00,74.28,3.039,5.29,0
2026-03-13 23:06:00,74.0,2.653,5.252,0
2026-03-13 23:07:00,74.6,2.504,5.316,0
2026-03-13 23:08:00,75.23,2.991,5.353,0
2026-03-13 23:09:00,74.82,2.791,5.279,0
2026-03-13 23:10:00,75.26,2.673,5.484,0
2026-03-13 23:11:00,74.2,2.92,5.243,0
2026-03-13 23:12:00,74.93,3.094,5.293,0
2026-03-13 23:13:00,74.08,2.597,5.227,0
2026-03-13 23:14:00,74.88,2.494,5.254,0
2026-03-13 23:15:00,74.74,3.163,5.152,1
2026-03-13 23:16:00,74.52,2.595,5.185,0
2026-03-13 23:17:00,74.84,2.647,5.387,0
2026-03-13 23:18:00,74.33,2.921,5.342,0
2026-03-13 23:19:00,75.04,2.836,5.151,0
2026-03-13 23:20:00,74.94,2.694,5.377,0
2026-03-13 23:21:00,74.68,2.767,5.148,0
2026-03-13 23:22:00,74.94,2.505,5.477,0
2026-03-13 23:23:00,74.45,2.661,5.361,0
2026-03-13 23:24:00,74.83,2.742,5.606,0
2026-03-13 23:25:00,74.33,2.827,5.37,0
2026-03-13 23:26:00,73.48,2.642,5.389,0
2026-03-13 23:27:00,73.52,2.917,5.272,0
2026-03-13 23:28:00,73.71,2.321,5.354,0
2026-03-13 23:29:00,73.49,2.961,5.237,0
2026-03-13 23:30:00,73.85,2.932,5.336,0
2026-03-13 23:31:00,73.41,2.713,5.121,0
2026-03-13 23:32:00,72.94,2.975,5.376,0
2026-03-13 23:33:00,74.09,2.708,5.438,0
2026-03-13 23:34:00,73.69,2.751,5.221,0
2026-03-13 23:35:00,74.28,2.371,5.281,0
2026-03-13 23:36:00,74.29,2.653,5.41,0
2026-03-13 23:37:00,74.0,2.444,5.394,0
2026-03-13 23:38:00,73.72,2.815,5.217,0
2026-03-13 23:39:00,74.17,2.619,5.391,0
2026-03-13 23:40:00,74.59,2.854,5.17,0
2026-03-13 23:41:00,74.24,2.605,5.243,0
2026-03-13 23:42:00,74.06,2.756,5.314,0
2026-03-13 23:43:00,74.38,2.57,5.21,0
2026-03-13 23:44:00,74.46,2.625,5.427,0
2026-03-13 23:45:00,74.02,2.72,5.252,0
2026-03-13 23:46:00,74.31,3.261,5.433,0
2026-03-13 23:47:00,74.14,2.986,5.112,0
2026-03-13 23:48:00,74.95,3.013,5.127,0
2026-03-13 23:49:00,75.01,2.852,5.364,0
2026-03-13 23:50:00,74.56,3.131,5.477,0
2026-03-13 23:51:00,74.33,2.978,5.333,0
2026-03-13 23:52:00,74.85,3.07,5.336,0
2026-03-13 23:53:00,74.73,2.908,5.232,0
2026-03-13 23:54:00,74.46,2.772,5.492,0
2026-03-13 23:55:00,74.63,2.734,5.351,0
2026-03-13 23:56:00,74.91,2.534,5.638,0
2026-03-13 23:57:00,75.13,2.967,5.243,0
2026-03-13 23:58:00,74.25,2.589,5.423,0
2026-03-13 23:59:00,74.56,2.64,5.418,0
2026-03-14 00:00:00,75.94,2.694,5.324,0
2026-03-14 00:01:00,76.39,2.74,5.455,0
2026-03-14 00:02:00,76.28,2.902,5.405,0
2026-03-14 00:03:00,76.28,2.553,5.6,0
2026-03-14 00:04:00,76.8,3.025,5.409,0
2026-03-14 00:05:00,76.66,2.721,5.355,0
2026-03-14 00:06:00,76.31,2.833,5.312,1
2026-03-14 00:07:00,76.04,2.791,5.517,0
2026-03-14 00:08:00,75.99,2.899,5.324,0
2026-03-14 00:09:00,76.12,3.075,5.266,0
2026-03-14 00:10:00,76.17,2.805,5.188,0
2026-03-14 00:11:00,76.69,2.714,5.329,0
2026-03-14 00:12:00,75.98,2.838,5.211,0
2026-03-14 00:13:00,75.94,2.603,5.293,0
2026-03-14 00:14:00,75.47,3.096,5.525,0
2026-03-14 00:15:00,75.58,2.923,5.417,0
2026-03-14 00:16:00,74.74,2.593,5.359,0
2026-03-14 00:17:00,74.64,2.545,5.038,0
2026-03-14 00:18:00,74.59,2.571,5.255,0
2026-03-14 00:19:00,73.82,2.775,5.348,0
2026-03-14 00:20:00,74.3,2.811,5.241,0
2026-03-14 00:21:00,73.51,2.616,5.27,0
2026-03-14 00:22:00,73.86,3.232,5.297,0
2026-03-14 00:23:00,74.09,2.666,5.358,0
2026-03-14 00:24:00,73.97,3.002,5.389,0
2026-03-14 00:25:00,74.06,2.657,5.53,0
2026-03-14 00:26:00,74.63,2.87,5.435,0
2026-03-14 00:27:00,74.0,3.101,5.173,0
2026-03-14 00:28:00,74.05,2.775,5.504,0
2026-03-14 00:29:00,73.76,2.771,5.402,0
2026-03-14 00:30:00,74.03,3.083,5.49,0
2026-03-14 00:31:00,73.79,2.864,5.618,0
2026-03-14 00:32:00,74.66,2.677,5.626,0
2026-03-14 00:33:00,75.16,2.985,5.531,0
2026-03-14 00:34:00,75.16,2.796,5.436,0
2026-03-14 00:35:00,75.63,3.035,5.461,0
2026-03-14 00:36:00,75.36,2.842,5.327,0
2026-03-14 00:37:00,75.49,2.789,5.297,0
2026-03-14 00:38:00,74.92,2.741,5.489,0
2026-03-14 00:39:00,75.35,2.799,5.382,0
2026-03-14 00:40:00,75.55,3.123,5.53,0
2026-03-14 00:41:00,75.58,2.999,5.528,0
2026-03-14 00:42:00,76.57,2.767,5.292,0
2026-03-14 00:43:00,76.3,2.919,5.347,0
2026-03-14 00:44:00,75.98,2.613,5.419,0
2026-03-14 00:45:00,75.27,3.259,5.31,0
2026-03-14 00:46:00,75.56,2.954,5.311,0
2026-03-14 00:47:00,75.62,2.702,5.446,0
2026-03-14 00:48:00,76.77,2.763,5.393,0
2026-03-14 00:49:00,75.87,2.726,5.492,0
2026-03-14 00:50:00,75.54,3.21,5.403,0
2026-03-14 00:51:00,75.31,3.062,5.306,0
2026-03-14 00:52:00,74.52,2.608,5.445,0
2026-03-14 00:53:00,75.25,2.802,5.372,0
2026-03-14 00:54:00,75.11,3.017,5.267,0
2026-03-14 00:55:00,75.48,2.799,5.301,0
2026-03-14 00:56:00,75.05,2.781,5.364,0
2026-03-14 00:57:00,75.32,2.978,5.302,0
2026-03-14 00:58:00,74.86,2.746,5.452,0
2026-03-14 00:59:00,74.83,2.352,5.264,0
2026-03-14 01:00:00,75.45,2.771,5.094,0
2026-03-14 01:01:00,75.7,2.876,5.376,0
2026-03-14 01:02:00,75.34,3.065,5.28,1
2026-03-14 01:03:00,74.69,2.962,5.301,0
2026-03-14 01:04:00,75.12,2.488,5.16,0
2026-03-14 01:05:00,74.71,2.815,5.152,0
2026-03-14 01:06:00,74.53,3.31,5.29,0
2026-03-14 01:07:00,74.57,2.51,4.979,1
2026-03-14 01:08:00,73.89,2.737,4.956,0
2026-03-14 01:09:00,73.61,2.783,5.137,0
2026-03-14 01:10:00,73.74,2.465,5.179,0
2026-03-14 01:11:00,73.48,2.714,5.213,0
2026-03-14 01:12:00,73.38,3.231,5.196,0
2026-03-14 01:13:00,73.58,2.219,5.308,0
2026-03-14 01:14:00,73.74,2.502,5.075,0
2026-03-14 01:15:00,73.8,2.496,5.097,0
2026-03-14 01:16:00,73.53,2.727,5.144,0
2026-03-14 01:17:00,72.86,2.591,5.063,0
2026-03-14 01:18:00,72.85,2.689,5.29,0
2026-03-14 01:19:00,73.06,2.666,5.074,0
2026-03-14 01:20:00,72.69,2.674,5.153,0
2026-03-14 01:21:00,72.38,2.829,5.118,0
2026-03-14 01:22:00,73.16,2.972,5.305,0
2026-03-14 01:23:00,73.15,2.428,5.503,0
2026-03-14 01:24:00,72.66,2.614,4.894,0
2026-03-14 01:25:00,72.48,3.144,5.101,1
2026-03-14 01:26:00,72.74,2.586,5.309,0
2026-03-14 01:27:00,72.89,3.072,5.221,0
2026-03-14 01:28:00,73.55,2.688,5.153,0
2026-03-14 01:29:00,72.8,2.613,5.107,0
2026-03-14 01:30:00,72.99,2.787,5.243,0
2026-03-14 01:31:00,73.19,2.75,5.287,0
2026-03-14 01:32:00,72.41,2.599,5.027,0
2026-03-14 01:33:00,72.31,2.734,5.081,0
2026-03-14 01:34:00,72.48,2.478,4.965,0
2026-03-14 01:35:00,72.33,2.842,5.12,0
2026-03-14 01:36:00,72.95,3.007,5.438,0
2026-03-14 01:37:00,72.79,2.639,5.253,0
2026-03-14 01:38:00,73.95,2.948,5.311,0
2026-03-14 01:39:00,73.56,2.792,5.269,0
2026-03-14 01:40:00,73.24,2.892,5.123,0
2026-03-14 01:41:00,72.57,2.697,5.092,0
2026-03-14 01:42:00,72.68,2.718,5.315,0
2026-03-14 01:43:00,72.06,2.479,5.161,0
2026-03-14 01:44:00,72.77,2.264,5.003,0
2026-03-14 01:45:00,73.13,2.34,5.269,0
2026-03-14 01:46:00,73.45,2.472,5.026,0
2026-03-14 01:47:00,73.98,2.851,5.024,0
2026-03-14 01:48:00,73.91,2.622,5.338,0
2026-03-14 01:49:00,72.91,2.353,5.31,0
2026-03-14 01:50:00,73.55,2.875,5.232,0
2026-03-14 01:51:00,72.77,2.484,5.244,1
2026-03-14 01:52:00,72.99,2.513,5.083,0
2026-03-14 01:53:00,73.21,2.528,5.209,0
2026-03-14 01:54:00,72.69,2.611,5.181,0
2026-03-14 01:55:00,72.42,2.421,5.127,0
2026-03-14 01:56:00,72.53,2.622,5.128,0
2026-03-14 01:57:00,73.06,3.067,5.386,0
2026-03-14 01:58:00,72.42,2.614,5.247,0
2026-03-14 01:59:00,72.8,2.497,4.922,0
2026-03-14 02:00:00,72.62,2.823,5.335,0
2026-03-14 02:01:00,72.89,2.756,5.185,0
2026-03-14 02:02:00,72.6,2.308,5.196,0
2026-03-14 02:03:00,72.25,2.165,4.931,0
2026-03-14 02:04:00,72.31,2.456,4.968,0
2026-03-14 02:05:00,71.66,3.102,5.102,0
2026-03-14 02:06:00,72.49,2.565,5.012,0
2026-03-14 02:07:00,71.33,2.389,5.072,0
2026-03-14 02:08:00,72.0,2.579,4.971,0
2026-03-14 02:09:00,72.2,2.386,5.224,0
2026-03-14 02:10:00,72.1,2.183,4.952,0
2026-03-14 02:11:00,71.86,2.954,5.096,0
2026-03-14 02:12:00,71.7,2.236,5.136,0
2026-03-14 02:13:00,71.61,2.401,5.126,0
2026-03-14 02:14:00,71.81,2.484,5.102,0
2026-03-14 02:15:00,71.52,2.468,4.946,0
2026-03-14 02:16:00,70.74,2.091,5.078,0
2026-03-14 02:17:00,70.27,2.498,4.953,0
2026-03-14 02:18:00,69.7,2.02,4.77,0
2026-03-14 02:19:00,69.35,2.102,4.892,0
2026-03-14 02:20:00,69.67,2.677,4.981,0
2026-03-14 02:21:00,69.56,2.646,4.691,0
2026-03-14 02:22:00,69.52,2.107,4.95,0
2026-03-14 02:23:00,68.74,2.309,4.895,0
2026-03-14 02:24:00,68.95,2.205,4.924,0
2026-03-14 02:25:00,68.61,2.49,4.923,0
2026-03-14 02:26:00,69.2,2.223,5.014,0
2026-03-14 02:27:00,68.84,2.44,4.719,0
2026-03-14 02:28:00,68.78,2.228,4.885,0
2026-03-14 02:29:00,69.03,2.193,5.133,0
2026-03-14 02:30:00,69.45,2.491,4.958,0
2026-03-14 02:31:00,68.76,2.287,5.007,0
2026-03-14 02:32:00,69.12,2.458,5.192,0
2026-03-14 02:33:00,69.64,2.442,4.939,0
2026-03-14 02:34:00,68.47,2.177,4.804,0
2026-03-14 02:35:00,68.0,2.083,4.942,0
2026-03-14 02:36:00,69.44,2.829,5.203,0
2026-03-14 02:37:00,68.82,2.294,5.197,0
2026-03-14 02:38:00,68.19,2.116,4.839,0
2026-03-14 02:39:00,68.23,2.275,4.728,0
2026-03-14 02:40:00,68.97,2.153,5.199,0
2026-03-14 02:41:00,69.17,2.531,5.015,0
2026-03-14 02:42:00,68.83,2.55,4.983,0
2026-03-14 02:43:00,69.2,2.552,5.039,0
2026-03-14 02:44:00,69.24,2.162,5.35,0
2026-03-14 02:45:00,70.48,2.567,5.238,0
2026-03-14 02:46:00,69.64,2.388,4.925,0
2026-03-14 02:47:00,69.88,1.92,5.089,0
2026-03-14 02:48:00,69.33,2.172,5.162,0
2026-03-14 02:49:00,68.62,2.416,4.973,0
2026-03-14 02:50:00,69.75,2.55,4.834,0
2026-03-14 02:51:00,69.22,2.33,4.921,0
2026-03-14 02:52:00,70.4,2.212,5.039,0
2026-03-14 02:53:00,69.86,2.341,4.972,0
2026-03-14 02:54:00,70.24,2.307,5.031,0
2026-03-14 02:55:00,70.09,2.228,5.143,0
2026-03-14 02:56:00,70.02,2.195,4.93,0
2026-03-14 02:57:00,70.0,2.362,4.761,0
2026-03-14 02:58:00,70.0,2.293,5.114,0
2026-03-14 02:59:00,70.08,2.523,5.067,0
2026-03-14 03:00:00,69.72,2.393,4.999,0
2026-03-14 03:01:00,70.16,2.333,4.848,0
2026-03-14 03:02:00,69.03,2.343,4.841,0
2026-03-14 03:03:00,69.63,2.568,5.111,0
2026-03-14 03:04:00,68.81,2.133,4.772,0
2026-03-14 03:05:00,68.9,2.357,4.885,0
2026-03-14 03:06:00,69.33,2.422,5.178,0
2026-03-14 03:07:00,69.01,2.366,4.981,0
2026-03-14 03:08:00,69.07,2.577,5.064,0
2026-03-14 03:09:00,69.25,2.297,5.03,0
2026-03-14 03:10:00,69.79,2.368,4.938,0
2026-03-14 03:11:00,68.8,2.464,5.022,0
2026-03-14 03:12:00,68.56,2.145,4.863,0
2026-03-14 03:13:00,69.31,2.277,5.107,0
2026-03-14 03:14:00,69.7,2.288,5.017,0
2026-03-14 03:15:00,69.06,2.403,5.127,0
2026-03-14 03:16:00,70.19,2.276,5.254,0
2026-03-14 03:17:00,69.83,2.278,5.166,0
2026-03-14 03:18:00,70.17,2.35,5.105,0
2026-03-14 03:19:00,69.64,2.504,5.043,0
2026-03-14 03:20:00,69.25,2.401,5.153,0
2026-03-14 03:21:00,70.01,2.166,5.099,0
2026-03-14 03:22:00,70.55,2.588,5.092,0
2026-03-14 03:23:00,70.19,2.649,4.873,0
2026-03-14 03:24:00,70.26,2.474,4.943,0
2026-03-14 03:25:00,69.51,2.337,5.036,0
2026-03-14 03:26:00,70.15,2.317,5.011,0
2026-03-14 03:27:00,69.7,2.647,4.814,0
2026-03-14 03:28:00,69.5,2.336,4.822,0
2026-03-14 03:29:00,69.5,2.505,5.218,0
2026-03-14 03:30:00,70.16,2.327,4.681,1
2026-03-14 03:31:00,69.59,2.572,5.242,0
2026-03-14 03:32:00,69.69,2.363,4.887,0
2026-03-14 03:33:00,70.68,2.385,5.347,0
2026-03-14 03:34:00,70.14,2.605,5.054,0
2026-03-14 03:35:00,70.71,2.586,5.37,0
2026-03-14 03:36:00,71.11,2.512,4.961,0
2026-03-14 03:37:00,71.54,2.35,5.24,1
2026-03-14 03:38:00,70.78,2.464,5.186,0
2026-03-14 03:39:00,70.74,2.101,5.062,0
2026-03-14 03:40:00,71.59,2.484,5.258,0
2026-03-14 03:41:00,70.77,2.368,5.1,0
2026-03-14 03:42:00,70.76,2.614,5.246,0
2026-03-14 03:43:00,70.8,2.374,4.96,0
2026-03-14 03:44:00,70.41,2.15,5.163,0
2026-03-14 03:45:00,71.13,2.434,5.253,0
2026-03-14 03:46:00,70.66,2.681,5.156,0
2026-03-14 03:47:00,71.49,2.651,5.105,0
2026-03-14 03:48:00,71.46,2.353,4.864,1
2026-03-14 03:49:00,70.55,2.523,4.986,0
2026-03-14 03:50:00,70.95,2.384,5.17,0
2026-03-14 03:51:00,71.2,2.304,4.954,0
2026-03-14 03:52:00,70.75,2.521,4.854,0
2026-03-14 03:53:00,70.8,2.397,5.148,0
2026-03-14 03:54:00,70.5,2.512,5.196,0
2026-03-14 03:55:00,71.1,2.371,5.349,0
2026-03-14 03:56:00,69.8,2.068,5.096,0
2026-03-14 03:57:00,70.9,2.395,5.318,0
2026-03-14 03:58:00,69.83,2.372,4.906,0
2026-03-14 03:59:00,70.86,2.557,5.128,0
2026-03-14 04:00:00,70.82,2.272,5.001,0
2026-03-14 04:01:00,71.21,2.616,5.278,0
2026-03-14 04:02:00,70.7,2.295,4.882,0
2026-03-14 04:03:00,71.38,2.066,4.929,0
2026-03-14 04:04:00,71.54,2.621,5.135,0
2026-03-14 04:05:00,72.43,2.501,5.022,0
2026-03-14 04:06:00,71.87,2.505,5.014,0
2026-03-14 04:07:00,70.73,2.32,4.866,0
2026-03-14 04:08:00,71.19,2.612,4.907,0
2026-03-14 04:09:00,71.7,2.549,5.288,0
2026-03-14 04:10:00,72.34,2.967,4.926,0
2026-03-14 04:11:00,71.67,2.512,4.887,0
2026-03-14 04:12:00,71.59,2.77,5.194,0
2026-03-14 04:13:00,70.98,2.582,4.822,0
2026-03-14 04:14:00,71.34,2.596,4.95,0
2026-03-14 04:15:00,70.27,2.509,5.094,0
2026-03-14 04:16:00,70.0,2.072,5.114,0
2026-03-14 04:17:00,70.15,2.38,4.827,0
2026-03-14 04:18:00,70.55,2.261,4.897,0
2026-03-14 04:19:00,70.06,2.468,4.978,0
2026-03-14 04:20:00,69.04,2.38,4.982,0
2026-03-14 04:21:00,69.48,2.27,5.208,0
2026-03-14 04:22:00,69.75,2.461,5.026,0
2026-03-14 04:23:00,69.35,2.599,4.952,0
2026-03-14 04:24:00,69.45,2.622,5.188,0
2026-03-14 04:25:00,69.37,2.274,5.052,0
2026-03-14 04:26:00,70.14,2.684,5.039,0
2026-03-14 04:27:00,69.37,2.274,5.009,0
2026-03-14 04:28:00,70.92,2.568,5.085,0
2026-03-14 04:29:00,69.82,2.522,5.12,0
2026-03-14 04:30:00,69.35,2.565,5.101,0
2026-03-14 04:31:00,69.33,2.19,5.279,0
2026-03-14 04:32:00,69.64,2.515,5.071,0
2026-03-14 04:33:00,69.18,2.64,4.945,0
2026-03-14 04:34:00,69.68,2.102,4.717,0
2026-03-14 04:35:00,69.69,2.342,4.78,0
2026-03-14 04:36:00,70.19,2.402,5.298,0
2026-03-14 04:37:00,70.23,2.095,4.993,0
2026-03-14 04:38:00,69.93,2.244,5.08,0
2026-03-14 04:39:00,69.75,2.269,4.845,0
2026-03-14 04:40:00,70.11,2.331,4.95,0
2026-03-14 04:41:00,69.8,2.407,5.248,0
2026-03-14 04:42:00,69.94,2.406,5.049,0
2026-03-14 04:43:00,69.77,2.177,4.913,0
2026-03-14 04:44:00,70.59,2.454,5.04,0
2026-03-14 04:45:00,70.87,2.202,4.937,0
2026-03-14 04:46:00,71.09,2.491,5.016,0
2026-03-14 04:47:00,70.96,2.415,5.144,0
2026-03-14 04:48:00,70.77,2.361,5.096,0
2026-03-14 04:49:00,70.63,2.56,5.017,0
2026-03-14 04:50:00,71.71,2.332,5.064,0
2026-03-14 04:51:00,71.39,2.3,5.108,0
2026-03-14 04:52:00,70.82,2.462,5.415,0
2026-03-14 04:53:00,70.29,2.526,5.069,0
2026-03-14 04:54:00,70.7,2.404,5.273,0
2026-03-14 04:55:00,70.85,2.282,5.198,0
2026-03-14 04:56:00,71.13,2.463,4.868,0
2026-03-14 04:57:00,70.54,2.78,5.196,0
2026-03-14 04:58:00,70.61,2.769,5.449,0
2026-03-14 04:59:00,70.24,2.78,4.964,0
2026-03-14 05:00:00,70.6,2.489,5.173,0
2026-03-14 05:01:00,70.75,2.507,5.138,0
2026-03-14 05:02:00,70.19,2.562,5.005,0
2026-03-14 05:03:00,70.42,2.626,5.106,0
2026-03-14 05:04:00,70.0,2.645,4.926,0
2026-03-14 05:05:00,70.29,2.271,5.077,0
2026-03-14 05:06:00,71.04,2.52,4.931,0
2026-03-14 05:07:00,70.07,2.204,5.077,0
2026-03-14 05:08:00,69.44,2.218,5.102,0
2026-03-14 05:09:00,70.6,2.388,4.918,0
2026-03-14 05:10:00,70.01,2.111,5.054,0
2026-03-14 05:11:00,69.68,2.392,5.158,0
2026-03-14 05:12:00,70.05,2.482,5.144,0
2026-03-14 05:13:00,69.33,2.704,5.063,0
2026-03-14 05:14:00,69.09,2.437,5.015,0
2026-03-14 05:15:00,68.94,2.663,4.989,0
2026-03-14 05:16:00,69.55,2.502,5.222,0
2026-03-14 05:17:00,69.5,2.743,4.851,0
2026-03-14 05:18:00,70.15,2.739,5.137,0
2026-03-14 05:19:00,70.02,2.473,5.044,0
2026-03-14 05:20:00,69.59,2.317,5.173,0
2026-03-14 05:21:00,69.82,2.55,5.135,0
2026-03-14 05:22:00,69.71,2.76,5.163,0
2026-03-14 05:23:00,70.03,2.585,5.093,0
2026-03-14 05:24:00,69.98,2.583,5.12,0
2026-03-14 05:25:00,69.67,2.325,5.129,0
2026-03-14 05:26:00,70.05,2.464,5.086,0
2026-03-14 05:27:00,70.97,2.583,5.139,0
2026-03-14 05:28:00,70.93,2.28,4.955,0
2026-03-14 05:29:00,70.39,2.638,4.907,1
2026-03-14 05:30:00,70.59,2.453,5.224,0
2026-03-14 05:31:00,70.49,2.323,5.097,0
2026-03-14 05:32:00,70.4,2.608,5.035,0
2026-03-14 05:33:00,70.53,2.57,5.048,0
2026-03-14 05:34:00,70.91,2.583,5.149,0
2026-03-14 05:35:00,70.1,2.495,4.863,0
2026-03-14 05:36:00,70.63,2.176,5.169,0
2026-03-14 05:37:00,70.03,2.395,5.054,0
2026-03-14 05:38:00,70.23,2.406,4.967,0
2026-03-14 05:39:00,70.53,2.344,4.833,0
2026-03-14 05:40:00,71.06,2.688,4.92,0
2026-03-14 05:41:00,71.05,2.12,5.137,0
2026-03-14 05:42:00,70.6,2.727,5.195,0
2026-03-14 05:43:00,70.45,2.921,5.104,1
2026-03-14 05:44:00,70.21,2.293,5.011,0
2026-03-14 05:45:00,69.97,2.53,5.222,0
2026-03-14 05:46:00,69.33,2.306,4.955,0
2026-03-14 05:47:00,70.24,2.456,5.084,1
2026-03-14 05:48:00,69.62,2.426,5.017,0
2026-03-14 05:49:00,69.03,2.376,5.165,0
2026-03-14 05:50:00,69.33,2.412,4.895,0
2026-03-14 05:51:00,69.3,2.224,5.034,0
2026-03-14 05:52:00,68.68,2.312,5.028,0
2026-03-14 05:53:00,68.12,2.318,5.074,1
2026-03-14 05:54:00,68.63,2.52,4.907,0
2026-03-14 05:55:00,68.84,2.282,4.885,0
2026-03-14 05:56:00,68.92,2.459,5.022,0
2026-03-14 05:57:00,68.68,2.237,4.827,0
2026-03-14 05:58:00,69.38,2.408,4.943,0
2026-03-14 05:59:00,68.59,2.254,5.147,0
2026-03-14 06:00:00,68.68,2.225,4.887,0
2026-03-14 06:01:00,67.68,2.356,5.059,0
2026-03-14 06:02:00,68.46,2.053,5.186,0
2026-03-14 06:03:00,68.68,2.086,4.902,0
2026-03-14 06:04:00,68.3,2.279,5.002,0
2026-03-14 06:05:00,67.88,2.419,5.115,0
2026-03-14 06:06:00,67.2,2.28,5.121,0
2026-03-14 06:07:00,67.46,2.162,4.933,0
2026-03-14 06:08:00,67.13,2.311,4.911,0
2026-03-14 06:09:00,67.91,2.315,5.128,0
2026-03-14 06:10:00,67.7,2.067,4.916,1
2026-03-14 06:11:00,67.83,2.16,5.106,0
2026-03-14 06:12:00,67.15,2.288,4.973,0
2026-03-14 06:13:00,67.67,2.264,5.072,0
2026-03-14 06:14:00,68.27,2.642,5.094,0
2026-03-14 06:15:00,68.6,2.383,4.898,0
2026-03-14 06:16:00,68.48,2.253,5.095,0
2026-03-14 06:17:00,68.8,2.414,5.115,0
2026-03-14 06:18:00,68.04,2.447,5.299,0
2026-03-14 06:19:00,68.06,2.427,4.782,0
2026-03-14 06:20:00,68.4,2.495,5.029,0
2026-03-14 06:21:00,69.39,2.153,4.903,0
2026-03-14 06:22:00,68.55,1.996,4.983,0
2026-03-14 06:23:00,69.57,2.393,4.972,0
2026-03-14 06:24:00,69.38,2.233,4.791,0
2026-03-14 06:25:00,69.4,2.536,5.154,0
2026-03-14 06:26:00,69.09,2.283,5.119,0
2026-03-14 06:27:00,68.6,2.116,5.073,0
2026-03-14 06:28:00,69.02,2.662,4.915,0
2026-03-14 06:29:00,68.69,2.506,5.036,0
2026-03-14 06:30:00,70.55,2.628,5.154,0
2026-03-14 06:31:00,70.35,2.6,4.975,0
2026-03-14 06:32:00,71.43,2.399,5.032,0
2026-03-14 06:33:00,70.77,2.391,4.914,0
2026-03-14 06:34:00,70.66,2.625,5.263,0
2026-03-14 06:35:00,70.51,2.546,4.996,0
2026-03-14 06:36:00,71.16,2.408,4.974,0
2026-03-14 06:37:00,71.13,2.57,5.045,0
2026-03-14 06:38:00,71.56,2.572,5.09,0
2026-03-14 06:39:00,71.93,2.526,5.208,0
2026-03-14 06:40:00,71.38,3.007,5.016,0
2026-03-14 06:41:00,71.96,2.316,5.023,0
2026-03-14 06:42:00,72.36,2.493,5.192,0
2026-03-14 06:43:00,71.25,2.116,4.961,0
2026-03-14 06:44:00,70.98,2.613,5.114,1
2026-03-14 06:45:00,70.14,2.58,5.116,0
2026-03-14 06:46:00,70.89,2.283,4.987,0
2026-03-14 06:47:00,70.72,2.35,4.942,0
2026-03-14 06:48:00,70.62,2.239,5.405,0
2026-03-14 06:49:00,71.19,2.5,5.229,0
2026-03-14 06:50:00,71.12,2.594,5.074,0
2026-03-14 06:51:00,70.7,2.449,5.05,0
2026-03-14 06:52:00,70.22,2.597,5.221,0
2026-03-14 06:53:00,70.16,2.534,5.334,0
2026-03-14 06:54:00,71.52,3.02,5.004,1
2026-03-14 06:55:00,70.81,2.471,5.241,0
2026-03-14 06:56:00,71.41,2.489,5.141,0
2026-03-14 06:57:00,71.59,2.805,5.085,0
2026-03-14 06:58:00,71.49,3.065,5.168,0
2026-03-14 06:59:00,71.44,2.314,5.149,0
2026-03-14 07:00:00,71.82,2.588,5.176,0
2026-03-14 07:01:00,72.22,2.4,5.265,0
2026-03-14 07:02:00,71.63,2.561,5.125,0
2026-03-14 07:03:00,71.89,2.888,5.355,0
2026-03-14 07:04:00,72.46,2.382,5.159,0
2026-03-14 07:05:00,72.88,2.686,5.178,0
2026-03-14 07:06:00,72.18,2.5,5.362,0
2026-03-14 07:07:00,72.14,2.646,5.148,0
2026-03-14 07:08:00,73.25,2.805,5.413,0
2026-03-14 07:09:00,73.54,2.939,5.344,1
2026-03-14 07:10:00,72.86,2.671,5.043,0
2026-03-14 07:11:00,72.09,2.392,5.082,0
2026-03-14 07:12:00,72.94,2.303,5.131,0
2026-03-14 07:13:00,72.62,2.442,4.82,0
2026-03-14 07:14:00,72.61,2.704,4.903,0
2026-03-14 07:15:00,72.8,2.694,5.131,0
2026-03-14 07:16:00,72.13,2.688,5.17,0
2026-03-14 07:17:00,71.67,2.213,5.176,0
2026-03-14 07:18:00,72.15,2.279,5.287,0
2026-03-14 07:19:00,72.79,2.526,5.216,0
2026-03-14 07:20:00,73.16,2.395,5.239,0
2026-03-14 07:21:00,73.88,2.613,5.379,0
2026-03-14 07:22:00,73.72,2.711,5.26,0
2026-03-14 07:23:00,72.92,2.975,5.101,0
2026-03-14 07:24:00,73.57,2.74,5.213,0
2026-03-14 07:25:00,73.99,2.698,5.125,1
2026-03-14 07:26:00,74.34,2.679,5.181,0
2026-03-14 07:27:00,73.81,2.724,5.181,0
2026-03-14 07:28:00,74.11,2.592,5.081,0
2026-03-14 07:29:00,73.29,2.723,5.228,0
2026-03-14 07:30:00,73.56,2.553,5.075,0
2026-03-14 07:31:00,73.92,2.77,5.04,0
2026-03-14 07:32:00,74.06,2.5,5.144,0
2026-03-14 07:33:00,73.93,2.693,5.214,0
2026-03-14 07:34:00,74.66,2.732,5.331,0
2026-03-14 07:35:00,74.79,2.823,5.074,0
2026-03-14 07:36:00,74.17,2.862,5.005,0
2026-03-14 07:37:00,73.65,2.894,4.881,0
2026-03-14 07:38:00,73.3,2.353,5.037,0
2026-03-14 07:39:00,73.74,2.509,5.068,0
2026-03-14 07:40:00,73.58,2.523,4.867,0
2026-03-14 07:41:00,73.43,2.746,4.942,0
2026-03-14 07:42:00,73.26,2.493,5.107,0
2026-03-14 07:43:00,73.51,2.628,5.21,0
2026-03-14 07:44:00,74.01,2.806,5.121,0
2026-03-14 07:45:00,73.52,2.616,5.106,0
2026-03-14 07:46:00,73.27,2.623,4.959,0
2026-03-14 07:47:00,72.5,2.488,5.428,0
2026-03-14 07:48:00,72.15,2.43,5.036,0
2026-03-14 07:49:00,72.19,2.732,5.405,0
2026-03-14 07:50:00,71.93,2.483,4.991,0
2026-03-14 07:51:00,71.66,2.697,5.457,0
2026-03-14 07:52:00,71.91,2.658,5.351,0
2026-03-14 07:53:00,72.15,2.817,5.326,0
2026-03-14 07:54:00,71.92,2.32,5.0,0
2026-03-14 07:55:00,71.46,2.652,5.068,0
2026-03-14 07:56:00,71.0,2.556,5.397,0
2026-03-14 07:57:00,71.26,2.724,5.229,0
2026-03-14 07:58:00,71.96,2.44,5.357,0
2026-03-14 07:59:00,71.8,2.516,5.132,0
2026-03-14 08:00:00,71.38,2.328,5.557,0
2026-03-14 08:01:00,72.27,2.864,5.421,0
2026-03-14 08:02:00,71.91,2.282,5.326,0
2026-03-14 08:03:00,72.4,2.749,5.413,0
2026-03-14 08:04:00,72.11,2.805,5.06,0
2026-03-14 08:05:00,72.28,2.584,5.027,0
2026-03-14 08:06:00,72.35,2.869,5.077,0
2026-03-14 08:07:00,72.87,2.849,5.249,0
2026-03-14 08:08:00,72.14,3.145,5.215,0
2026-03-14 08:09:00,71.84,2.423,5.305,0
2026-03-14 08:10:00,72.55,2.626,5.347,0
2026-03-14 08:11:00,72.67,2.425,5.401,0
2026-03-14 08:12:00,72.49,2.752,5.112,0
2026-03-14 08:13:00,73.39,2.682,5.332,0
2026-03-14 08:14:00,73.59,2.681,5.208,0
2026-03-14 08:15:00,73.72,2.454,5.565,0
2026-03-14 08:16:00,73.38,2.626,5.327,0
2026-03-14 08:17:00,73.83,2.466,5.608,0
2026-03-14 08:18:00,73.38,2.486,5.325,0
2026-03-14 08:19:00,73.5,2.876,5.234,0
2026-03-14 08:20:00,74.72,2.746,5.389,0
2026-03-14 08:21:00,75.0,3.112,5.257,0
2026-03-14 08:22:00,75.25,3.063,5.46,0
2026-03-14 08:23:00,76.04,2.901,5.266,0
2026-03-14 08:24:00,76.05,2.69,5.386,0
2026-03-14 08:25:00,75.73,2.641,5.297,0
2026-03-14 08:26:00,74.69,3.129,5.413,0
2026-03-14 08:27:00,74.85,3.002,5.482,0
2026-03-14 08:28:00,74.81,2.888,5.327,0
2026-03-14 08:29:00,74.46,2.507,5.413,0
2026-03-14 08:30:00,75.19,2.796,5.246,0
2026-03-14 08:31:00,75.52,3.191,5.222,1
2026-03-14 08:32:00,74.94,2.585,5.39,1
2026-03-14 08:33:00,75.22,2.886,5.167,0
2026-03-14 08:34:00,75.37,2.886,5.549,0
2026-03-14 08:35:00,74.51,2.639,5.385,0
2026-03-14 08:36:00,74.73,2.818,5.512,0
2026-03-14 08:37:00,74.59,2.94,5.404,0
2026-03-14 08:38:00,75.14,2.865,5.343,0
2026-03-14 08:39:00,75.12,3.055,5.174,0
2026-03-14 08:40:00,74.4,2.766,5.353,0
2026-03-14 08:41:00,74.49,2.914,5.357,0
2026-03-14 08:42:00,74.34,2.594,5.533,0
2026-03-14 08:43:00,74.5,2.803,5.456,0
2026-03-14 08:44:00,75.47,3.02,5.37,0
2026-03-14 08:45:00,74.31,2.702,5.299,0
2026-03-14 08:46:00,74.23,2.528,5.397,0
2026-03-14 08:47:00,73.25,2.445,5.261,0
2026-03-14 08:48:00,73.81,2.63,5.16,0
2026-03-14 08:49:00,73.48,2.845,5.364,0
2026-03-14 08:50:00,73.32,2.506,5.402,0
2026-03-14 08:51:00,73.9,3.127,5.157,0
2026-03-14 08:52:00,73.7,2.777,5.248,0
2026-03-14 08:53:00,73.11,3.088,5.394,0
2026-03-14 08:54:00,73.23,2.544,5.092,1
2026-03-14 08:55:00,73.22,2.812,5.318,0
2026-03-14 08:56:00,74.15,2.77,5.078,0
2026-03-14 08:57:00,73.87,2.855,5.304,0
2026-03-14 08:58:00,75.1,2.722,5.399,0
2026-03-14 08:59:00,74.68,2.635,5.285,0
2026-03-14 09:00:00,75.2,3.028,5.142,0
2026-03-14 09:01:00,75.35,2.915,5.451,0
2026-03-14 09:02:00,75.37,2.73,5.387,0
2026-03-14 09:03:00,75.02,2.806,5.148,0
2026-03-14 09:04:00,74.82,2.84,5.573,0
2026-03-14 09:05:00,74.08,2.796,5.141,0
2026-03-14 09:06:00,73.67,3.028,5.179,0
2026-03-14 09:07:00,74.48,2.674,5.311,0
2026-03-14 09:08:00,73.68,2.774,5.271,0
2026-03-14 09:09:00,73.78,3.047,5.374,1
2026-03-14 09:10:00,74.11,2.589,5.541,0
2026-03-14 09:11:00,73.91,2.733,5.242,0
2026-03-14 09:12:00,73.51,3.002,5.184,0
2026-03-14 09:13:00,72.76,2.356,5.398,0
2026-03-14 09:14:00,72.97,2.827,5.195,1
2026-03-14 09:15:00,73.35,2.387,5.197,0
2026-03-14 09:16:00,73.52,2.48,5.193,0
2026-03-14 09:17:00,72.92,3.016,5.334,0
2026-03-14 09:18:00,73.38,2.325,5.062,0
2026-03-14 09:19:00,73.54,2.939,5.046,0
2026-03-14 09:20:00,72.87,2.672,5.182,0
2026-03-14 09:21:00,73.68,2.694,5.371,0
2026-03-14 09:22:00,73.32,3.182,5.259,0
2026-03-14 09:23:00,72.57,2.809,5.247,0
2026-03-14 09:24:00,72.63,2.729,5.208,0
2026-03-14 09:25:00,71.55,2.583,5.309,0
2026-03-14 09:26:00,72.39,2.453,5.287,0
2026-03-14 09:27:00,72.98,2.704,5.387,0
2026-03-14 09:28:00,73.08,2.574,5.349,0
2026-03-14 09:29:00,72.97,2.609,5.177,0
2026-03-14 09:30:00,73.71,3.004,5.39,0
2026-03-14 09:31:00,72.96,2.626,5.461,0
2026-03-14 09:32:00,72.97,2.666,5.409,0
2026-03-14 09:33:00,73.15,2.76,5.303,0
2026-03-14 09:34:00,74.11,2.72,5.297,0
2026-03-14 09:35:00,73.98,2.604,5.336,0
2026-03-14 09:36:00,72.75,2.447,5.076,0
2026-03-14 09:37:00,73.17,2.41,5.407,0
2026-03-14 09:38:00,73.37,2.403,5.443,0
2026-03-14 09:39:00,72.55,2.884,5.329,0
2026-03-14 09:40:00,72.82,2.616,5.301,0
2026-03-14 09:41:00,72.91,2.663,5.2,0
2026-03-14 09:42:00,72.81,2.525,5.403,0
2026-03-14 09:43:00,71.88,2.836,5.367,0
2026-03-14 09:44:00,72.66,2.795,5.327,0
2026-03-14 09:45:00,71.56,2.365,5.161,0
2026-03-14 09:46:00,72.08,2.748,5.254,0
2026-03-14 09:47:00,72.75,3.047,5.292,0
2026-03-14 09:48:00,72.13,2.605,5.308,0
2026-03-14 09:49:00,72.81,2.799,5.358,0
2026-03-14 09:50:00,73.16,2.783,5.23,0
2026-03-14 09:51:00,72.54,2.546,5.408,0
2026-03-14 09:52:00,73.06,2.546,5.212,0
2026-03-14 09:53:00,72.23,2.732,5.201,0
2026-03-14 09:54:00,73.22,2.88,5.304,0
2026-03-14 09:55:00,72.95,2.64,5.564,0
2026-03-14 09:56:00,73.21,2.746,5.17,0
2026-03-14 09:57:00,73.89,3.065,5.567,0
2026-03-14 09:58:00,73.49,2.594,5.35,0
2026-03-14 09:59:00,73.68,3.036,5.337,0
2026-03-14 10:00:00,73.48,2.564,5.191,0
2026-03-14 10:01:00,73.66,2.733,5.52,0
2026-03-14 10:02:00,74.06,2.678,5.246,0
2026-03-14 10:03:00,74.88,2.779,5.385,0
2026-03-14 10:04:00,74.34,2.752,5.247,0
2026-03-14 10:05:00,73.65,2.51,5.256,0
2026-03-14 10:06:00,74.16,2.604,5.346,0
2026-03-14 10:07:00,74.85,2.763,5.244,0
2026-03-14 10:08:00,74.38,2.874,5.371,0
2026-03-14 10:09:00,74.81,2.929,5.459,0
2026-03-14 10:10:00,75.13,2.44,5.356,0
2026-03-14 10:11:00,74.41,2.813,5.34,0
2026-03-14 10:12:00,74.93,3.151,5.41,0
2026-03-14 10:13:00,74.26,2.568,5.232,0
2026-03-14 10:14:00,73.29,3.195,5.346,0
2026-03-14 10:15:00,74.32,3.171,5.318,0
2026-03-14 10:16:00,74.64,2.824,5.357,0
2026-03-14 10:17:00,75.57,3.107,5.611,0
2026-03-14 10:18:00,75.2,3.102,5.294,0
2026-03-14 10:19:00,75.12,3.195,5.241,0
2026-03-14 10:20:00,75.93,2.827,5.354,0
2026-03-14 10:21:00,75.81,2.904,5.476,0
2026-03-14 10:22:00,75.81,2.882,5.602,0
2026-03-14 10:23:00,75.9,2.671,5.296,0
2026-03-14 10:24:00,76.19,2.897,5.309,0
2026-03-14 10:25:00,76.4,2.792,5.683,0
2026-03-14 10:26:00,76.01,3.109,5.405,0
2026-03-14 10:27:00,76.45,2.948,5.377,0
2026-03-14 10:28:00,75.29,2.608,5.381,0
2026-03-14 10:29:00,75.79,2.766,5.614,0
2026-03-14 10:30:00,75.49,2.707,5.485,0
2026-03-14 10:31:00,75.67,3.05,5.293,0
2026-03-14 10:32:00,74.53,2.734,5.145,0
2026-03-14 10:33:00,74.66,2.694,5.418,0
2026-03-14 10:34:00,73.74,3.05,5.63,0
2026-03-14 10:35:00,73.3,2.664,5.375,0
2026-03-14 10:36:00,72.73,3.094,5.41,0
2026-03-14 10:37:00,73.48,2.964,5.193,0
2026-03-14 10:38:00,73.61,2.85,5.459,0
2026-03-14 10:39:00,73.47,3.019,5.566,0
2026-03-14 10:40:00,73.08,2.782,5.251,0
2026-03-14 10:41:00,72.68,2.634,5.437,0
2026-03-14 10:42:00,72.52,2.524,5.361,0
2026-03-14 10:43:00,73.44,2.365,5.233,0
2026-03-14 10:44:00,73.57,2.951,5.36,0
2026-03-14 10:45:00,73.74,2.52,5.369,0
2026-03-14 10:46:00,73.71,3.054,5.471,0
2026-03-14 10:47:00,73.6,3.112,5.453,0
2026-03-14 10:48:00,73.57,3.07,5.345,0
2026-03-14 10:49:00,73.99,3.027,5.662,1
2026-03-14 10:50:00,74.29,2.851,5.403,0
2026-03-14 10:51:00,74.35,2.675,5.457,0
2026-03-14 10:52:00,74.39,3.343,5.518,0
2026-03-14 10:53:00,74.52,2.533,5.338,0
2026-03-14 10:54:00,75.19,3.233,5.36,1
2026-03-14 10:55:00,75.11,2.804,5.059,0
2026-03-14 10:56:00,74.78,2.973,5.35,0
2026-03-14 10:57:00,74.89,3.181,5.471,0
2026-03-14 10:58:00,75.23,2.862,5.163,0
2026-03-14 10:59:00,75.2,2.804,5.241,0
2026-03-14 11:00:00,75.46,3.14,5.408,0
2026-03-14 11:01:00,75.08,3.401,5.413,0
2026-03-14 11:02:00,74.85,2.877,5.381,0
2026-03-14 11:03:00,75.32,3.29,5.257,0
2026-03-14 11:04:00,74.71,3.003,5.374,0
2026-03-14 11:05:00,74.88,2.895,5.577,0
2026-03-14 11:06:00,75.5,3.27,5.621,1
2026-03-14 11:07:00,75.47,2.874,5.338,0
2026-03-14 11:08:00,74.83,2.921,5.361,1
2026-03-14 11:09:00,74.82,3.108,5.341,1
2026-03-14 11:10:00,75.1,3.046,5.375,0
2026-03-14 11:11:00,75.37,2.959,5.343,0
2026-03-14 11:12:00,75.27,2.633,5.363,0
2026-03-14 11:13:00,74.98,3.404,5.584,0
2026-03-14 11:14:00,75.19,2.821,5.527,0
2026-03-14 11:15:00,75.47,2.904,5.586,0
2026-03-14 11:16:00,74.75,2.927,5.655,0
2026-03-14 11:17:00,75.16,3.041,5.25,0
2026-03-14 11:18:00,74.58,3.345,5.262,0
2026-03-14 11:19:00,74.46,3.045,5.564,0
2026-03-14 11:20:00,74.1,3.355,5.361,0
2026-03-14 11:21:00,73.9,2.721,5.382,0
2026-03-14 11:22:00,73.95,3.257,5.754,0
2026-03-14 11:23:00,73.93,3.122,5.424,0
2026-03-14 11:24:00,73.92,2.758,5.284,0
2026-03-14 11:25:00,75.22,3.099,5.247,0
2026-03-14 11:26:00,75.83,2.997,5.457,0
2026-03-14 11:27:00,75.92,2.733,5.3,0
2026-03-14 11:28:00,75.76,3.073,5.469,0
2026-03-14 11:29:00,75.86,2.968,5.438,0
2026-03-14 11:30:00,76.42,2.808,5.464,0
2026-03-14 11:31:00,76.08,3.103,5.285,0
2026-03-14 11:32:00,75.75,2.933,5.15,0
2026-03-14 11:33:00,75.6,2.888,5.496,0
2026-03-14 11:34:00,75.57,2.953,4.95,0
2026-03-14 11:35:00,75.43,2.766,5.686,0
2026-03-14 11:36:00,74.78,2.613,5.228,0
2026-03-14 11:37:00,74.29,2.728,5.205,0
2026-03-14 11:38:00,75.07,2.802,5.497,0
2026-03-14 11:39:00,75.37,3.12,5.304,0
2026-03-14 11:40:00,75.35,3.092,5.428,0
2026-03-14 11:41:00,74.55,3.159,5.426,0
2026-03-14 11:42:00,75.42,2.922,5.482,0
2026-03-14 11:43:00,75.52,2.649,5.192,0
2026-03-14 11:44:00,74.83,2.86,5.373,0
2026-03-14 11:45:00,75.31,2.674,5.289,0
2026-03-14 11:46:00,75.07,2.908,5.404,0
2026-03-14 11:47:00,74.38,2.922,5.693,0
2026-03-14 11:48:00,74.45,3.116,5.18,0
2026-03-14 11:49:00,73.98,3.045,5.39,0
2026-03-14 11:50:00,74.04,2.59,5.585,0
2026-03-14 11:51:00,74.63,2.722,5.438,0
2026-03-14 11:52:00,74.58,2.87,5.722,0
2026-03-14 11:53:00,74.27,3.079,5.447,0
2026-03-14 11:54:00,75.38,3.449,5.451,0
2026-03-14 11:55:00,75.46,2.788,5.521,0
2026-03-14 11:56:00,75.52,2.973,5.301,0
2026-03-14 11:57:00,76.07,3.026,5.278,0
2026-03-14 11:58:00,75.5,3.091,5.204,0
2026-03-14 11:59:00,75.5,2.994,5.301,0
2026-03-14 12:00:00,75.7,2.582,5.414,0
2026-03-14 12:01:00,76.14,3.515,5.446,0
2026-03-14 12:02:00,75.9,3.176,5.207,0
2026-03-14 12:03:00,75.79,2.909,5.464,0
2026-03-14 12:04:00,74.48,2.789,5.365,0
2026-03-14 12:05:00,75.19,3.013,5.475,0
2026-03-14 12:06:00,74.95,3.267,5.178,1
2026-03-14 12:07:00,74.82,3.162,5.291,0
2026-03-14 12:08:00,75.73,2.401,5.349,0
2026-03-14 12:09:00,75.56,2.939,5.443,0
2026-03-14 12:10:00,76.15,2.604,5.628,0
2026-03-14 12:11:00,76.16,2.509,5.356,0
2026-03-14 12:12:00,76.5,2.636,5.383,0
2026-03-14 12:13:00,76.01,2.89,5.368,0
2026-03-14 12:14:00,75.72,2.997,5.433,0
2026-03-14 12:15:00,75.75,2.619,5.206,0
2026-03-14 12:16:00,75.98,2.848,5.499,0
2026-03-14 12:17:00,75.32,3.067,5.408,0
2026-03-14 12:18:00,75.01,3.006,5.312,0
2026-03-14 12:19:00,75.61,2.771,5.502,0
2026-03-14 12:20:00,74.45,3.11,5.686,0
2026-03-14 12:21:00,74.63,3.29,5.312,0
2026-03-14 12:22:00,74.98,3.187,5.248,0
2026-03-14 12:23:00,75.01,2.702,5.56,0
2026-03-14 12:24:00,75.3,2.886,5.498,0
2026-03-14 12:25:00,75.24,2.711,5.277,0
2026-03-14 12:26:00,75.25,2.949,5.445,0
2026-03-14 12:27:00,74.56,3.621,5.475,0
2026-03-14 12:28:00,74.6,2.792,5.435,0
2026-03-14 12:29:00,74.79,3.35,5.318,0
2026-03-14 12:30:00,74.61,2.699,5.324,0
2026-03-14 12:31:00,75.06,2.992,5.409,0
2026-03-14 12:32:00,75.49,2.986,5.499,0
2026-03-14 12:33:00,75.31,2.827,5.433,0
2026-03-14 12:34:00,75.03,2.661,5.402,0
2026-03-14 12:35:00,74.59,2.963,5.622,0
2026-03-14 12:36:00,74.45,2.706,5.28,0
2026-03-14 12:37:00,75.01,2.67,5.522,0
2026-03-14 12:38:00,75.5,2.697,5.632,0
2026-03-14 12:39:00,76.61,3.341,5.511,0
2026-03-14 12:40:00,75.56,2.975,5.52,0
2026-03-14 12:41:00,74.37,2.786,5.573,0
2026-03-14 12:42:00,75.42,3.035,5.262,0
2026-03-14 12:43:00,75.46,3.237,5.406,0
2026-03-14 12:44:00,75.71,2.649,5.243,0
2026-03-14 12:45:00,75.6,3.024,5.263,0
2026-03-14 12:46:00,76.23,3.161,5.112,0
2026-03-14 12:47:00,76.37,2.688,5.35,0
2026-03-14 12:48:00,75.91,3.14,5.318,0
2026-03-14 12:49:00,75.78,2.773,5.42,0
2026-03-14 12:50:00,75.98,2.778,5.516,0
2026-03-14 12:51:00,76.08,3.193,5.547,0
2026-03-14 12:52:00,75.54,2.605,5.458,0
2026-03-14 12:53:00,75.65,3.029,5.296,0
2026-03-14 12:54:00,75.53,2.604,5.4,0
2026-03-14 12:55:00,75.36,3.377,5.555,0
2026-03-14 12:56:00,75.91,3.047,5.482,0
2026-03-14 12:57:00,75.97,2.848,5.097,0
2026-03-14 12:58:00,75.43,2.895,5.383,0
2026-03-14 12:59:00,75.45,2.789,5.343,0
2026-03-14 13:00:00,75.69,2.806,5.462,0
2026-03-14 13:01:00,75.41,3.135,5.281,0
2026-03-14 13:02:00,75.27,2.787,5.402,0
2026-03-14 13:03:00,75.26,3.347,5.309,0
2026-03-14 13:04:00,74.53,2.755,5.315,0
2026-03-14 13:05:00,74.21,2.921,5.494,0
2026-03-14 13:06:00,74.49,2.8,5.185,0
2026-03-14 13:07:00,74.78,2.703,5.176,0
2026-03-14 13:08:00,74.19,2.8,5.059,0
2026-03-14 13:09:00,74.23,2.755,5.288,0
2026-03-14 13:10:00,74.22,3.002,5.323,1
2026-03-14 13:11:00,74.63,2.903,5.187,0
2026-03-14 13:12:00,73.87,2.846,5.26,0
2026-03-14 13:13:00,73.94,2.44,5.282,0
2026-03-14 13:14:00,74.21,2.659,5.388,0
2026-03-14 13:15:00,73.93,2.703,5.19,0
2026-03-14 13:16:00,74.02,2.55,5.462,0
2026-03-14 13:17:00,74.31,2.592,5.338,0
2026-03-14 13:18:00,75.17,3.262,5.266,0
2026-03-14 13:19:00,73.86,2.525,5.325,0
2026-03-14 13:20:00,74.35,2.424,5.194,0
2026-03-14 13:21:00,74.05,3.083,5.053,0
2026-03-14 13:22:00,73.95,3.119,5.233,0
2026-03-14 13:23:00,73.57,2.85,5.365,0
2026-03-14 13:24:00,73.46,2.731,5.327,0
2026-03-14 13:25:00,73.89,2.817,5.46,0
2026-03-14 13:26:00,73.43,2.952,5.618,0
2026-03-14 13:27:00,73.7,3.214,5.405,0
2026-03-14 13:28:00,73.08,3.243,5.663,0
2026-03-14 13:29:00,73.13,2.6,5.464,0
2026-03-14 13:30:00,73.34,2.832,5.375,0
2026-03-14 13:31:00,73.43,2.797,5.281,1
2026-03-14 13:32:00,73.91,2.613,5.314,0
2026-03-14 13:33:00,73.99,2.817,5.336,0
2026-03-14 13:34:00,73.6,2.993,5.292,0
2026-03-14 13:35:00,74.59,2.55,5.514,0
2026-03-14 13:36:00,75.18,3.078,5.334,0
2026-03-14 13:37:00,74.96,3.054,5.491,0
2026-03-14 13:38:00,74.92,2.905,5.298,0
2026-03-14 13:39:00,74.3,2.337,5.342,0
2026-03-14 13:40:00,73.9,2.604,5.027,0
2026-03-14 13:41:00,74.07,2.716,5.192,0
2026-03-14 13:42:00,73.83,3.105,5.552,0
2026-03-14 13:43:00,74.72,2.662,5.487,0
2026-03-14 13:44:00,74.59,2.909,5.317,0
2026-03-14 13:45:00,75.26,2.84,5.299,0
2026-03-14 13:46:00,74.54,2.604,5.045,0
2026-03-14 13:47:00,75.08,2.903,5.353,0
2026-03-14 13:48:00,74.91,2.8,5.054,0
2026-03-14 13:49:00,74.82,3.093,5.313,0
2026-03-14 13:50:00,74.31,2.554,5.548,0
2026-03-14 13:51:00,73.95,2.356,5.351,0
2026-03-14 13:52:00,74.04,2.975,5.119,0
2026-03-14 13:53:00,74.64,3.086,5.459,0
2026-03-14 13:54:00,74.99,2.989,5.198,0
2026-03-14 13:55:00,74.78,2.85,5.693,0
2026-03-14 13:56:00,75.14,2.862,5.424,0
2026-03-14 13:57:00,74.8,2.436,5.263,0
2026-03-14 13:58:00,75.31,2.908,5.501,0
2026-03-14 13:59:00,75.16,2.802,5.476,0
2026-03-14 14:00:00,74.98,3.084,5.478,0
2026-03-14 14:01:00,74.76,2.657,5.29,0
2026-03-14 14:02:00,75.37,2.712,5.357,0
2026-03-14 14:03:00,75.04,3.097,5.618,0
2026-03-14 14:04:00,74.39,3.063,5.276,0
2026-03-14 14:05:00,74.39,2.865,5.383,0
2026-03-14 14:06:00,75.57,2.982,5.462,0
2026-03-14 14:07:00,75.32,3.21,5.489,0
2026-03-14 14:08:00,75.43,3.059,5.276,0
2026-03-14 14:09:00,76.14,3.146,5.195,1
2026-03-14 14:10:00,75.63,2.812,5.187,0
2026-03-14 14:11:00,76.24,3.062,5.674,0
2026-03-14 14:12:00,75.86,3.316,5.138,0
2026-03-14 14:13:00,75.98,3.165,5.49,0
2026-03-14 14:14:00,76.56,3.022,5.362,0
2026-03-14 14:15:00,76.78,3.086,5.491,0
2026-03-14 14:16:00,76.96,3.067,5.195,0
2026-03-14 14:17:00,77.06,2.816,5.55,0
2026-03-14 14:18:00,76.95,3.069,5.447,0
2026-03-14 14:19:00,77.01,2.98,5.313,0
2026-03-14 14:20:00,77.02,2.759,5.445,0
2026-03-14 14:21:00,76.78,3.061,5.433,0
2026-03-14 14:22:00,76.88,2.732,5.114,0
2026-03-14 14:23:00,76.51,3.005,5.549,0
2026-03-14 14:24:00,76.47,3.202,5.297,0
2026-03-14 14:25:00,75.65,3.142,5.537,0
2026-03-14 14:26:00,75.95,2.852,5.252,0
2026-03-14 14:27:00,74.95,2.864,5.286,0
2026-03-14 14:28:00,75.54,2.747,5.467,0
2026-03-14 14:29:00,75.54,3.056,5.286,0
2026-03-14 14:30:00,75.49,2.972,5.342,0
2026-03-14 14:31:00,75.51,2.851,5.748,0
2026-03-14 14:32:00,75.13,2.744,5.393,0
2026-03-14 14:33:00,74.55,2.996,5.523,0
2026-03-14 14:34:00,75.23,2.979,5.56,0
2026-03-14 14:35:00,75.3,2.952,5.337,0
2026-03-14 14:36:00,75.13,2.947,5.676,0
2026-03-14 14:37:00,75.12,2.937,5.49,0
2026-03-14 14:38:00,75.29,2.929,5.353,0
2026-03-14 14:39:00,75.28,2.674,5.491,0
2026-03-14 14:40:00,75.3,2.78,5.37,0
2026-03-14 14:41:00,75.74,3.202,5.557,0
2026-03-14 14:42:00,76.11,2.981,5.3,0
2026-03-14 14:43:00,75.47,2.605,5.455,0
2026-03-14 14:44:00,75.59,2.83,5.701,0
2026-03-14 14:45:00,75.38,2.84,5.43,0
2026-03-14 14:46:00,75.84,2.949,5.463,0
2026-03-14 14:47:00,75.43,2.951,5.434,0
2026-03-14 14:48:00,75.65,3.17,5.385,0
2026-03-14 14:49:00,74.64,2.709,5.542,0
2026-03-14 14:50:00,75.37,3.035,5.49,0
2026-03-14 14:51:00,76.19,3.032,5.807,0
2026-03-14 14:52:00,76.08,3.204,5.477,0
2026-03-14 14:53:00,76.59,2.906,5.793,0
2026-03-14 14:54:00,77.0,3.194,5.566,0
2026-03-14 14:55:00,76.79,3.19,5.622,0
2026-03-14 14:56:00,77.52,2.888,5.612,1
2026-03-14 14:57:00,77.11,3.32,5.301,0
2026-03-14 14:58:00,77.66,2.748,5.673,0
2026-03-14 14:59:00,77.97,3.431,5.589,0
2026-03-14 15:00:00,77.63,2.619,5.795,0
2026-03-14 15:01:00,77.94,3.076,5.415,0
2026-03-14 15:02:00,76.88,2.891,5.553,0
2026-03-14 15:03:00,77.63,2.949,5.3,0
2026-03-14 15:04:00,76.69,2.932,5.418,0
2026-03-14 15:05:00,76.73,3.198,5.547,0
2026-03-14 15:06:00,76.98,3.226,5.513,0
2026-03-14 15:07:00,76.28,3.154,5.513,0
2026-03-14 15:08:00,76.13,3.239,5.621,0
2026-03-14 15:09:00,75.48,2.67,5.294,0
2026-03-14 15:10:00,75.11,3.056,5.257,0
2026-03-14 15:11:00,74.99,3.229,5.348,0
2026-03-14 15:12:00,74.78,3.007,5.165,0
2026-03-14 15:13:00,74.83,2.858,5.455,0
2026-03-14 15:14:00,74.99,3.103,5.457,0
2026-03-14 15:15:00,75.31,3.026,5.428,0
2026-03-14 15:16:00,75.71,2.932,5.472,0
2026-03-14 15:17:00,75.79,3.205,5.571,0
2026-03-14 15:18:00,75.47,2.838,5.331,0
2026-03-14 15:19:00,75.01,2.981,5.244,1
2026-03-14 15:20:00,74.74,2.74,5.349,0
2026-03-14 15:21:00,74.78,2.808,5.394,0
2026-03-14 15:22:00,74.17,2.828,5.559,0
2026-03-14 15:23:00,73.87,2.833,5.445,0
2026-03-14 15:24:00,74.4,2.945,5.496,0
2026-03-14 15:25:00,74.01,2.84,5.215,0
2026-03-14 15:26:00,74.31,2.902,5.367,1
2026-03-14 15:27:00,74.05,2.866,5.306,0
2026-03-14 15:28:00,74.48,2.738,5.091,0
2026-03-14 15:29:00,74.63,2.869,5.531,0
2026-03-14 15:30:00,74.3,2.823,5.097,0
2026-03-14 15:31:00,74.84,2.938,5.457,0
2026-03-14 15:32:00,74.02,3.122,5.552,0
2026-03-14 15:33:00,73.55,2.447,5.285,0
2026-03-14 15:34:00,73.78,2.933,5.398,0
2026-03-14 15:35:00,73.29,2.912,5.579,0
2026-03-14 15:36:00,73.18,2.566,5.371,0
2026-03-14 15:37:00,72.86,2.78,5.535,0
2026-03-14 15:38:00,72.95,3.142,5.46,0
2026-03-14 15:39:00,73.34,3.071,5.402,0
2026-03-14 15:40:00,73.2,2.788,5.399,0
2026-03-14 15:41:00,73.71,2.704,5.427,0
2026-03-14 15:42:00,74.27,2.766,5.549,0
2026-03-14 15:43:00,74.21,2.732,5.411,0
2026-03-14 15:44:00,74.84,3.073,5.496,0
2026-03-14 15:45:00,74.78,3.116,5.523,0
2026-03-14 15:46:00,75.34,2.855,5.222,0
2026-03-14 15:47:00,75.19,3.013,5.553,0
2026-03-14 15:48:00,74.87,3.036,5.634,0
2026-03-14 15:49:00,75.14,3.208,5.489,0
2026-03-14 15:50:00,75.44,2.77,5.537,0
2026-03-14 15:51:00,75.67,3.164,5.489,0
2026-03-14 15:52:00,75.27,2.887,5.506,0
2026-03-14 15:53:00,75.28,2.887,5.471,0
2026-03-14 15:54:00,74.81,3.0,5.17,0
2026-03-14 15:55:00,75.1,3.067,5.321,0
2026-03-14 15:56:00,73.99,2.95,5.419,0
2026-03-14 15:57:00,74.48,2.999,5.433,0
2026-03-14 15:58:00,74.57,2.607,5.308,0
2026-03-14 15:59:00,74.95,2.871,5.765,0
2026-03-14 16:00:00,74.58,3.203,5.386,0
2026-03-14 16:01:00,74.69,2.873,5.569,0
2026-03-14 16:02:00,74.36,2.931,5.443,0
2026-03-14 16:03:00,74.56,2.845,5.267,0
2026-03-14 16:04:00,74.46,2.8,5.501,0
2026-03-14 16:05:00,74.49,2.805,5.243,0
2026-03-14 16:06:00,74.64,2.889,5.602,0
2026-03-14 16:07:00,74.96,2.936,5.719,0
2026-03-14 16:08:00,74.87,3.134,5.239,0
2026-03-14 16:09:00,74.87,3.101,5.46,0
2026-03-14 16:10:00,74.75,2.819,5.561,0
2026-03-14 16:11:00,75.52,3.086,5.715,0
2026-03-14 16:12:00,74.86,2.817,5.345,0
2026-03-14 16:13:00,75.04,2.534,5.609,0
2026-03-14 16:14:00,75.87,3.062,5.645,0
2026-03-14 16:15:00,76.35,3.28,5.623,0
2026-03-14 16:16:00,75.7,3.469,5.375,0
2026-03-14 16:17:00,75.44,2.865,5.619,0
2026-03-14 16:18:00,75.73,2.795,5.479,0
2026-03-14 16:19:00,75.54,2.923,5.521,0
2026-03-14 16:20:00,76.22,2.728,5.65,0
2026-03-14 16:21:00,76.06,3.226,5.459,0
2026-03-14 16:22:00,75.38,3.127,5.785,0
2026-03-14 16:23:00,75.7,2.954,5.399,0
2026-03-14 16:24:00,75.9,2.924,5.442,0
2026-03-14 16:25:00,76.08,2.759,5.372,0
2026-03-14 16:26:00,75.89,3.762,5.373,0
2026-03-14 16:27:00,76.52,3.003,5.533,0
2026-03-14 16:28:00,76.3,2.776,5.452,0
2026-03-14 16:29:00,75.83,3.124,5.413,0
2026-03-14 16:30:00,76.33,2.7,5.269,0
2026-03-14 16:31:00,75.86,3.029,5.481,0
2026-03-14 16:32:00,76.57,3.442,5.402,0
2026-03-14 16:33:00,75.43,2.719,5.216,0
2026-03-14 16:34:00,75.68,3.079,5.563,0
2026-03-14 16:35:00,76.06,2.618,5.497,0
2026-03-14 16:36:00,75.57,3.12,5.514,0
2026-03-14 16:37:00,74.93,2.642,5.261,0
2026-03-14 16:38:00,75.4,2.808,5.297,0
2026-03-14 16:39:00,75.2,2.661,5.344,0
2026-03-14 16:40:00,74.81,2.7,5.316,0
2026-03-14 16:41:00,74.49,2.798,5.423,0
2026-03-14 16:42:00,74.08,2.72,5.487,0
2026-03-14 16:43:00,73.06,2.882,5.565,0
2026-03-14 16:44:00,73.32,2.802,5.238,0
2026-03-14 16:45:00,72.78,2.884,5.222,0
2026-03-14 16:46:00,72.93,3.003,5.383,0
2026-03-14 16:47:00,72.16,2.791,5.42,0
2026-03-14 16:48:00,71.76,2.818,5.525,0
2026-03-14 16:49:00,72.06,2.719,5.427,0
2026-03-14 16:50:00,72.26,2.571,5.39,0
2026-03-14 16:51:00,71.36,2.541,5.354,0
2026-03-14 16:52:00,72.29,2.638,5.335,0
2026-03-14 16:53:00,72.45,2.744,5.556,0
2026-03-14 16:54:00,72.74,3.002,5.248,0
2026-03-14 16:55:00,73.4,2.764,5.317,0
2026-03-14 16:56:00,73.39,2.918,5.165,0
2026-03-14 16:57:00,73.74,3.171,5.317,0
2026-03-14 16:58:00,73.55,2.758,5.235,0
2026-03-14 16:59:00,73.66,2.899,5.467,0
2026-03-14 17:00:00,73.1,2.683,5.163,0
2026-03-14 17:01:00,74.23,2.763,5.411,0
2026-03-14 17:02:00,74.5,3.122,5.347,0
2026-03-14 17:03:00,74.64,2.529,5.324,0
2026-03-14 17:04:00,74.25,2.475,5.647,0
2026-03-14 17:05:00,74.55,2.972,5.625,0
2026-03-14 17:06:00,74.58,2.911,5.27,0
2026-03-14 17:07:00,74.59,2.974,5.422,0
2026-03-14 17:08:00,75.2,2.668,5.187,0
2026-03-14 17:09:00,75.06,2.808,5.318,1
2026-03-14 17:10:00,75.58,2.724,5.213,0
2026-03-14 17:11:00,74.9,3.173,5.017,1
2026-03-14 17:12:00,75.28,3.024,5.312,0
2026-03-14 17:13:00,75.57,2.868,5.573,0
2026-03-14 17:14:00,75.43,3.079,5.297,0
2026-03-14 17:15:00,76.08,2.65,5.341,0
2026-03-14 17:16:00,75.74,2.701,5.326,0
2026-03-14 17:17:00,75.14,2.718,5.377,0
2026-03-14 17:18:00,75.07,2.372,5.096,0
2026-03-14 17:19:00,74.53,2.942,5.193,0
2026-03-14 17:20:00,74.09,2.742,5.254,0
2026-03-14 17:21:00,73.89,2.778,5.219,0
2026-03-14 17:22:00,73.86,2.816,5.304,0
2026-03-14 17:23:00,73.26,2.695,5.31,0
2026-03-14 17:24:00,73.65,2.495,5.452,0
2026-03-14 17:25:00,73.24,2.482,4.935,0
2026-03-14 17:26:00,73.62,2.784,5.252,0
2026-03-14 17:27:00,73.45,2.42,5.256,0
2026-03-14 17:28:00,73.45,2.949,5.339,0
2026-03-14 17:29:00,74.19,2.755,5.087,0
2026-03-14 17:30:00,73.84,2.635,5.374,0
2026-03-14 17:31:00,74.27,2.664,5.162,0
2026-03-14 17:32:00,74.46,3.06,5.211,0
2026-03-14 17:33:00,73.88,2.609,5.029,0
2026-03-14 17:34:00,73.16,2.98,5.372,0
2026-03-14 17:35:00,72.45,2.481,5.316,0
2026-03-14 17:36:00,73.45,2.735,5.285,0
2026-03-14 17:37:00,72.77,2.929,5.242,0
2026-03-14 17:38:00,72.77,2.509,5.17,0
2026-03-14 17:39:00,72.99,2.784,5.29,0
2026-03-14 17:40:00,73.15,2.993,5.281,1
2026-03-14 17:41:00,72.68,2.53,5.393,0
2026-03-14 17:42:00,72.31,2.421,5.295,0
2026-03-14 17:43:00,72.49,2.867,5.063,1
2026-03-14 17:44:00,71.79,2.757,5.074,0
2026-03-14 17:45:00,71.49,2.511,5.216,0
2026-03-14 17:46:00,72.45,2.52,5.167,0
2026-03-14 17:47:00,72.47,2.734,5.27,0
2026-03-14 17:48:00,73.85,2.712,5.213,0
2026-03-14 17:49:00,73.38,2.606,5.18,0
2026-03-14 17:50:00,71.97,2.928,4.991,0
2026-03-14 17:51:00,72.65,2.756,5.242,0
2026-03-14 17:52:00,72.08,2.696,5.26,0
2026-03-14 17:53:00,71.98,2.8,5.123,0
2026-03-14 17:54:00,72.23,2.665,5.211,0
2026-03-14 17:55:00,71.7,2.273,5.313,0
2026-03-14 17:56:00,71.83,2.498,5.094,0
2026-03-14 17:57:00,72.05,2.525,5.132,0
2026-03-14 17:58:00,72.49,2.843,5.165,0
2026-03-14 17:59:00,72.67,2.751,5.374,0
2026-03-14 18:00:00,73.5,2.772,5.232,0
2026-03-14 18:01:00,73.46,2.548,5.488,0
2026-03-14 18:02:00,73.25,2.51,5.147,0
2026-03-14 18:03:00,73.46,2.683,5.127,0
2026-03-14 18:04:00,73.04,2.853,5.234,0
2026-03-14 18:05:00,73.24,3.027,5.289,0
2026-03-14 18:06:00,73.25,2.707,5.238,0
2026-03-14 18:07:00,73.0,2.504,5.277,0
2026-03-14 18:08:00,73.41,2.501,5.114,0
2026-03-14 18:09:00,74.27,2.744,5.237,0
2026-03-14 18:10:00,73.75,2.577,5.327,0
2026-03-14 18:11:00,73.99,2.825,5.179,0
2026-03-14 18:12:00,74.27,2.852,5.461,0
2026-03-14 18:13:00,74.43,2.778,5.571,0
2026-03-14 18:14:00,75.26,2.866,5.305,0
2026-03-14 18:15:00,75.1,2.624,5.369,0
2026-03-14 18:16:00,74.72,2.632,5.082,0
2026-03-14 18:17:00,75.04,2.766,5.351,0
2026-03-14 18:18:00,74.28,2.748,5.199,0
2026-03-14 18:19:00,74.07,2.894,5.25,0
2026-03-14 18:20:00,73.47,3.026,5.342,0
2026-03-14 18:21:00,73.36,2.754,5.204,0
2026-03-14 18:22:00,73.8,2.697,5.24,1
2026-03-14 18:23:00,73.11,2.6,5.226,0
2026-03-14 18:24:00,73.38,2.439,5.268,0
2026-03-14 18:25:00,72.74,2.83,5.118,0
2026-03-14 18:26:00,73.16,2.731,5.133,0
2026-03-14 18:27:00,73.38,2.761,5.204,0
2026-03-14 18:28:00,73.9,2.664,5.17,0
2026-03-14 18:29:00,73.76,2.865,5.241,0
2026-03-14 18:30:00,73.09,2.295,5.397,0
2026-03-14 18:31:00,72.75,2.406,5.481,0
2026-03-14 18:32:00,72.99,2.893,5.009,0
2026-03-14 18:33:00,73.34,2.784,5.093,0
2026-03-14 18:34:00,73.97,2.814,5.249,0
2026-03-14 18:35:00,73.96,3.001,5.265,1
2026-03-14 18:36:00,74.43,2.684,5.205,0
2026-03-14 18:37:00,73.94,2.262,5.259,0
2026-03-14 18:38:00,72.99,2.808,5.382,0
2026-03-14 18:39:00,73.62,2.832,5.203,0
2026-03-14 18:40:00,72.73,2.813,5.398,0
2026-03-14 18:41:00,72.84,2.465,5.212,0
2026-03-14 18:42:00,72.34,2.7,5.433,0
2026-03-14 18:43:00,72.69,2.691,4.848,1
2026-03-14 18:44:00,73.0,2.945,5.619,0
2026-03-14 18:45:00,72.85,2.576,5.19,0
2026-03-14 18:46:00,73.53,2.725,5.467,0
2026-03-14 18:47:00,73.77,2.556,5.215,0
2026-03-14 18:48:00,74.33,2.726,5.21,0
2026-03-14 18:49:00,74.42,2.777,5.152,0
2026-03-14 18:50:00,74.66,2.648,5.295,0
2026-03-14 18:51:00,74.85,2.752,5.187,0
2026-03-14 18:52:00,74.99,2.445,5.309,0
2026-03-14 18:53:00,74.6,2.627,5.25,0
2026-03-14 18:54:00,74.32,3.026,5.359,0
2026-03-14 18:55:00,74.16,2.836,5.202,1
2026-03-14 18:56:00,73.27,2.678,5.403,0
2026-03-14 18:57:00,73.22,2.935,5.196,0
2026-03-14 18:58:00,72.88,2.468,5.596,0
2026-03-14 18:59:00,73.67,2.83,5.251,0
2026-03-14 19:00:00,73.27,2.775,5.186,0
2026-03-14 19:01:00,72.75,3.061,5.091,0
2026-03-14 19:02:00,72.99,2.736,5.18,0
2026-03-14 19:03:00,72.55,2.417,5.294,0
2026-03-14 19:04:00,72.69,2.535,5.078,0
2026-03-14 19:05:00,72.37,2.592,5.157,0
2026-03-14 19:06:00,71.89,2.361,5.086,0
2026-03-14 19:07:00,72.56,2.242,5.41,0
2026-03-14 19:08:00,71.97,2.894,5.346,0
2026-03-14 19:09:00,72.14,2.502,5.382,0
2026-03-14 19:10:00,72.1,2.507,5.422,0
2026-03-14 19:11:00,72.71,2.743,5.292,0
2026-03-14 19:12:00,72.48,2.479,5.129,0
2026-03-14 19:13:00,73.28,2.902,5.296,0
2026-03-14 19:14:00,73.8,2.646,5.328,0
2026-03-14 19:15:00,73.15,2.732,5.52,0
2026-03-14 19:16:00,73.66,3.066,5.483,0
2026-03-14 19:17:00,73.45,2.883,5.365,0
2026-03-14 19:18:00,72.86,2.924,5.392,0
2026-03-14 19:19:00,72.68,2.739,5.25,0
2026-03-14 19:20:00,73.52,2.62,5.361,0
2026-03-14 19:21:00,73.39,3.044,5.146,0
2026-03-14 19:22:00,73.42,2.496,5.145,0
2026-03-14 19:23:00,72.88,2.749,5.395,0
2026-03-14 19:24:00,72.82,3.137,5.506,0
2026-03-14 19:25:00,72.66,2.647,5.302,0
2026-03-14 19:26:00,72.96,2.333,4.953,0
2026-03-14 19:27:00,72.73,2.647,5.416,0
2026-03-14 19:28:00,72.91,2.891,5.226,0
2026-03-14 19:29:00,72.96,2.875,5.265,0
2026-03-14 19:30:00,74.41,2.713,5.469,0
2026-03-14 19:31:00,73.94,2.949,5.31,0
2026-03-14 19:32:00,74.2,2.691,5.431,0
2026-03-14 19:33:00,73.88,2.826,5.349,0
2026-03-14 19:34:00,73.97,3.026,4.968,0
2026-03-14 19:35:00,73.85,2.776,5.338,0
2026-03-14 19:36:00,73.85,2.511,5.489,0
2026-03-14 19:37:00,73.6,2.849,5.031,0
2026-03-14 19:38:00,74.46,2.618,5.256,0
2026-03-14 19:39:00,74.08,2.85,5.429,0
2026-03-14 19:40:00,74.75,2.44,5.17,0
2026-03-14 19:41:00,74.47,2.625,5.322,1
2026-03-14 19:42:00,73.81,2.608,5.172,0
2026-03-14 19:43:00,74.32,2.224,5.106,1
2026-03-14 19:44:00,74.23,2.835,5.235,0
2026-03-14 19:45:00,73.57,2.954,5.454,0
2026-03-14 19:46:00,74.05,2.791,5.109,0
2026-03-14 19:47:00,73.31,2.849,5.293,0
2026-03-14 19:48:00,73.21,2.594,5.084,0
2026-03-14 19:49:00,73.93,2.842,5.161,0
2026-03-14 19:50:00,74.39,2.465,5.551,0
2026-03-14 19:51:00,74.03,2.352,5.396,0
2026-03-14 19:52:00,73.91,2.58,5.165,0
2026-03-14 19:53:00,73.32,2.81,5.173,0
2026-03-14 19:54:00,73.8,2.77,5.445,0
2026-03-14 19:55:00,73.75,2.607,5.311,0
2026-03-14 19:56:00,73.67,2.546,5.28,0
2026-03-14 19:57:00,73.57,2.936,5.341,0
2026-03-14 19:58:00,73.31,2.757,5.443,0
2026-03-14 19:59:00,74.15,2.739,5.434,0
2026-03-14 20:00:00,73.95,2.725,5.445,0
2026-03-14 20:01:00,74.37,3.044,5.34,0
2026-03-14 20:02:00,74.32,2.967,5.121,0
2026-03-14 20:03:00,74.91,3.006,5.409,0
2026-03-14 20:04:00,74.8,2.667,5.269,0
2026-03-14 20:05:00,74.44,2.447,5.336,0
2026-03-14 20:06:00,74.75,2.666,5.327,0
2026-03-14 20:07:00,74.6,2.976,5.398,0
2026-03-14 20:08:00,74.45,2.337,5.137,0
2026-03-14 20:09:00,74.86,2.707,5.209,0
2026-03-14 20:10:00,74.9,2.535,5.197,0
2026-03-14 20:11:00,74.19,2.53,5.364,0
2026-03-14 20:12:00,74.79,3.192,5.32,0
2026-03-14 20:13:00,74.13,3.139,5.053,0
2026-03-14 20:14:00,74.04,2.97,5.018,0
2026-03-14 20:15:00,74.04,2.538,5.007,0
2026-03-14 20:16:00,73.84,2.982,5.075,0
2026-03-14 20:17:00,73.05,2.414,5.241,0
2026-03-14 20:18:00,72.93,2.871,5.503,0
2026-03-14 20:19:00,72.91,2.584,5.197,0
2026-03-14 20:20:00,73.25,2.606,5.321,0
2026-03-14 20:21:00,72.84,2.399,5.328,0
2026-03-14 20:22:00,73.1,2.379,5.229,0
2026-03-14 20:23:00,72.7,2.778,5.315,0
2026-03-14 20:24:00,73.29,2.777,5.243,0
2026-03-14 20:25:00,72.48,2.659,5.23,0
2026-03-14 20:26:00,72.13,2.568,5.382,0
2026-03-14 20:27:00,72.53,2.639,5.318,0
2026-03-14 20:28:00,71.97,2.451,5.288,0
2026-03-14 20:29:00,72.43,3.015,5.39,0
2026-03-14 20:30:00,72.7,2.671,5.283,0
2026-03-14 20:31:00,73.14,3.146,5.258,1
2026-03-14 20:32:00,72.98,2.801,5.361,0
2026-03-14 20:33:00,72.34,2.467,5.244,0
2026-03-14 20:34:00,72.43,2.646,5.368,0
2026-03-14 20:35:00,72.91,2.62,5.435,0
2026-03-14 20:36:00,73.18,2.197,5.169,0
2026-03-14 20:37:00,73.72,2.756,5.189,0
2026-03-14 20:38:00,73.11,2.846,5.146,0
2026-03-14 20:39:00,72.57,2.594,5.189,0
2026-03-14 20:40:00,72.81,2.975,5.344,0
2026-03-14 20:41:00,72.82,2.857,5.377,0
2026-03-14 20:42:00,72.62,2.748,5.252,0
2026-03-14 20:43:00,72.55,2.439,5.052,0
2026-03-14 20:44:00,73.06,2.872,5.205,0
2026-03-14 20:45:00,72.78,2.837,5.391,0
2026-03-14 20:46:00,72.88,2.775,5.29,0
2026-03-14 20:47:00,72.48,2.723,5.016,0
2026-03-14 20:48:00,72.07,2.471,5.276,0
2026-03-14 20:49:00,72.01,2.704,5.29,0
2026-03-14 20:50:00,72.1,2.858,5.213,0
2026-03-14 20:51:00,72.82,2.764,5.199,0
2026-03-14 20:52:00,73.48,2.696,5.207,0
2026-03-14 20:53:00,73.12,3.189,5.297,0
2026-03-14 20:54:00,73.4,2.657,5.325,0
2026-03-14 20:55:00,72.84,2.467,5.265,0
2026-03-14 20:56:00,73.1,2.557,5.13,0
2026-03-14 20:57:00,72.95,2.526,5.26,0
2026-03-14 20:58:00,72.76,2.515,5.351,0
2026-03-14 20:59:00,73.79,2.687,5.38,1
2026-03-14 21:00:00,74.47,2.834,5.119,0
2026-03-14 21:01:00,73.77,2.971,5.045,0
2026-03-14 21:02:00,73.3,2.617,5.29,0
2026-03-14 21:03:00,74.02,2.725,5.225,1
2026-03-14 21:04:00,73.65,2.554,5.351,0
2026-03-14 21:05:00,73.32,2.774,5.32,0
2026-03-14 21:06:00,72.97,2.294,5.192,0
2026-03-14 21:07:00,73.03,2.629,5.148,0
2026-03-14 21:08:00,72.45,2.863,5.06,0
2026-03-14 21:09:00,71.55,2.899,5.214,0
2026-03-14 21:10:00,72.31,2.564,5.228,0
2026-03-14 21:11:00,71.92,2.843,5.28,0
2026-03-14 21:12:00,72.18,2.796,5.155,0
2026-03-14 21:13:00,71.62,2.802,5.012,0
2026-03-14 21:14:00,71.53,2.71,5.34,0
2026-03-14 21:15:00,71.59,2.966,5.314,1
2026-03-14 21:16:00,71.23,2.948,5.34,0
2026-03-14 21:17:00,70.59,2.522,5.216,0
2026-03-14 21:18:00,70.85,2.616,5.2,0
2026-03-14 21:19:00,71.02,2.512,5.109,0
2026-03-14 21:20:00,70.67,2.605,5.086,0
2026-03-14 21:21:00,71.24,2.515,5.16,0
2026-03-14 21:22:00,72.07,2.5,5.351,0
2026-03-14 21:23:00,71.96,2.773,5.182,0
2026-03-14 21:24:00,72.37,2.494,5.301,0
2026-03-14 21:25:00,72.18,2.817,5.18,0
2026-03-14 21:26:00,72.58,2.355,5.356,0
2026-03-14 21:27:00,72.73,2.408,5.235,0
2026-03-14 21:28:00,72.54,2.31,5.52,0
2026-03-14 21:29:00,72.85,2.379,5.244,0
2026-03-14 21:30:00,71.9,2.46,5.211,0
2026-03-14 21:31:00,71.43,2.341,5.119,0
2026-03-14 21:32:00,72.19,2.554,5.287,0
2026-03-14 21:33:00,72.2,2.642,5.248,0
2026-03-14 21:34:00,71.96,2.465,5.206,0
2026-03-14 21:35:00,72.71,2.592,5.304,0
2026-03-14 21:36:00,73.58,2.566,5.261,0
2026-03-14 21:37:00,73.76,2.437,5.029,0
2026-03-14 21:38:00,73.44,2.32,5.313,0
2026-03-14 21:39:00,73.78,2.573,5.209,0
2026-03-14 21:40:00,74.06,3.042,5.533,0
2026-03-14 21:41:00,74.02,2.694,5.233,0
2026-03-14 21:42:00,74.24,2.705,5.205,0
2026-03-14 21:43:00,74.41,2.541,5.374,0
2026-03-14 21:44:00,74.34,3.013,5.554,0
2026-03-14 21:45:00,73.97,2.816,5.082,0
2026-03-14 21:46:00,75.55,3.087,5.262,0
2026-03-14 21:47:00,74.21,3.068,5.482,0
2026-03-14 21:48:00,74.32,2.998,5.293,0
2026-03-14 21:49:00,74.19,2.424,5.307,0
2026-03-14 21:50:00,74.06,2.705,5.251,0
2026-03-14 21:51:00,74.79,2.817,5.375,0
2026-03-14 21:52:00,74.6,2.792,5.334,0
2026-03-14 21:53:00,74.64,2.457,5.203,0
2026-03-14 21:54:00,75.18,2.801,5.322,0
2026-03-14 21:55:00,75.7,2.727,5.362,0
2026-03-14 21:56:00,74.75,2.758,5.247,0
2026-03-14 21:57:00,75.31,2.856,5.06,0
2026-03-14 21:58:00,74.98,3.339,5.251,0
2026-03-14 21:59:00,73.89,2.454,5.21,0
2026-03-14 22:00:00,74.01,3.178,5.367,0
2026-03-14 22:01:00,74.66,3.087,5.546,0
2026-03-14 22:02:00,74.48,2.958,5.199,0
2026-03-14 22:03:00,74.13,2.704,5.35,0
2026-03-14 22:04:00,74.32,2.986,5.481,0
2026-03-14 22:05:00,74.66,2.921,5.441,0
2026-03-14 22:06:00,75.02,2.773,5.215,0
2026-03-14 22:07:00,74.74,2.685,5.396,0
2026-03-14 22:08:00,75.3,3.141,5.373,0
2026-03-14 22:09:00,75.63,2.573,5.411,0
2026-03-14 22:10:00,74.99,2.641,5.254,0
2026-03-14 22:11:00,74.44,2.649,5.22,0
2026-03-14 22:12:00,73.84,2.975,5.097,0
2026-03-14 22:13:00,73.9,2.592,5.347,0
2026-03-14 22:14:00,73.62,2.927,5.381,0
2026-03-14 22:15:00,74.26,2.81,5.307,0
2026-03-14 22:16:00,74.02,3.043,5.417,0
2026-03-14 22:17:00,74.41,2.607,5.413,0
2026-03-14 22:18:00,73.56,2.659,5.45,0
2026-03-14 22:19:00,73.59,5.211,5.04,1
2026-03-14 22:20:00,72.98,2.945,5.3,0
2026-03-14 22:21:00,73.19,2.462,5.22,0
2026-03-14 22:22:00,72.47,2.611,5.433,0
2026-03-14 22:23:00,71.93,2.722,5.271,0
2026-03-14 22:24:00,72.15,2.674,5.3,0
2026-03-14 22:25:00,72.45,2.56,5.127,0
2026-03-14 22:26:00,72.62,2.849,5.461,0
2026-03-14 22:27:00,72.28,2.549,5.196,0
2026-03-14 22:28:00,72.16,2.637,5.191,0
2026-03-14 22:29:00,72.24,2.815,5.172,0
2026-03-14 22:30:00,72.03,2.727,5.38,0
2026-03-14 22:31:00,72.05,2.297,5.207,0
2026-03-14 22:32:00,73.16,2.597,5.291,0
2026-03-14 22:33:00,73.25,2.883,5.032,0
2026-03-14 22:34:00,73.35,2.703,5.253,0
2026-03-14 22:35:00,72.99,2.826,4.994,0
2026-03-14 22:36:00,73.34,2.561,5.26,0
2026-03-14 22:37:00,73.64,2.905,5.289,0
2026-03-14 22:38:00,74.03,2.783,5.227,0
2026-03-14 22:39:00,73.67,3.181,5.28,0
2026-03-14 22:40:00,72.77,2.541,5.195,0
2026-03-14 22:41:00,73.19,2.706,5.172,0
2026-03-14 22:42:00,73.26,2.39,5.488,0
2026-03-14 22:43:00,73.22,2.733,5.238,0
2026-03-14 22:44:00,72.96,2.429,5.356,0
2026-03-14 22:45:00,73.38,2.688,5.164,0
2026-03-14 22:46:00,73.43,2.902,5.141,0
2026-03-14 22:47:00,72.77,2.534,5.337,0
2026-03-14 22:48:00,73.2,2.652,5.213,0
2026-03-14 22:49:00,73.77,2.592,5.37,0
2026-03-14 22:50:00,74.43,2.554,5.329,0
2026-03-14 22:51:00,74.12,2.837,5.162,0
2026-03-14 22:52:00,73.45,2.775,5.382,0
2026-03-14 22:53:00,74.21,2.608,5.489,0
2026-03-14 22:54:00,73.52,2.477,5.357,0
2026-03-14 22:55:00,72.79,2.768,5.335,0
2026-03-14 22:56:00,73.41,2.574,5.081,0
2026-03-14 22:57:00,73.84,2.89,5.079,0
2026-03-14 22:58:00,73.98,2.475,5.431,0
2026-03-14 22:59:00,73.83,2.607,5.307,0
2026-03-14 23:00:00,73.11,2.606,5.186,0
2026-03-14 23:01:00,73.51,2.914,5.311,0
2026-03-14 23:02:00,73.36,2.58,5.098,0
2026-03-14 23:03:00,72.66,2.717,5.319,0
2026-03-14 23:04:00,71.54,2.644,4.847,0
2026-03-14 23:05:00,71.76,2.489,5.503,0
2026-03-14 23:06:00,71.52,2.765,5.227,1
2026-03-14 23:07:00,72.57,2.818,5.123,0
2026-03-14 23:08:00,72.58,3.217,5.207,0
2026-03-14 23:09:00,72.53,2.368,5.149,1
2026-03-14 23:10:00,71.96,2.46,5.454,0
2026-03-14 23:11:00,72.32,2.286,5.162,0
2026-03-14 23:12:00,72.26,2.658,4.92,0
2026-03-14 23:13:00,71.87,2.575,5.227,0
2026-03-14 23:14:00,72.46,2.578,5.476,0
2026-03-14 23:15:00,72.21,2.43,5.265,0
2026-03-14 23:16:00,72.61,2.698,5.245,0
2026-03-14 23:17:00,72.49,2.564,5.23,0
2026-03-14 23:18:00,72.06,2.539,5.073,0
2026-03-14 23:19:00,72.54,2.903,5.123,0
2026-03-14 23:20:00,72.03,2.756,5.005,0
2026-03-14 23:21:00,72.01,2.883,5.208,0
2026-03-14 23:22:00,72.51,2.867,5.121,1
2026-03-14 23:23:00,72.32,2.577,5.23,0
2026-03-14 23:24:00,71.32,2.455,5.352,0
2026-03-14 23:25:00,71.03,2.147,5.297,0
2026-03-14 23:26:00,71.39,2.388,5.275,0
2026-03-14 23:27:00,70.94,2.35,5.225,0
2026-03-14 23:28:00,70.86,2.568,5.231,0
2026-03-14 23:29:00,70.83,2.863,5.249,0
2026-03-14 23:30:00,71.12,2.592,5.473,0
2026-03-14 23:31:00,70.92,2.533,5.381,0
2026-03-14 23:32:00,71.03,2.715,5.543,0
2026-03-14 23:33:00,71.7,2.551,5.328,0
2026-03-14 23:34:00,70.6,2.516,5.357,0
2026-03-14 23:35:00,71.6,2.827,5.125,0
2026-03-14 23:36:00,72.46,2.632,5.18,0
2026-03-14 23:37:00,72.56,2.85,5.146,0
2026-03-14 23:38:00,72.59,2.636,5.504,0
2026-03-14 23:39:00,73.15,2.798,5.122,0
2026-03-14 23:40:00,72.98,2.906,5.23,0
2026-03-14 23:41:00,73.15,2.695,5.202,0
2026-03-14 23:42:00,72.99,2.635,5.391,0
2026-03-14 23:43:00,73.1,2.66,5.539,0
2026-03-14 23:44:00,72.81,3.054,5.368,0
2026-03-14 23:45:00,73.31,2.643,5.379,0
2026-03-14 23:46:00,72.9,2.466,5.302,0
2026-03-14 23:47:00,74.35,2.557,5.203,0
2026-03-14 23:48:00,74.02,2.705,5.23,0
2026-03-14 23:49:00,74.07,2.963,5.402,0
2026-03-14 23:50:00,73.07,2.498,5.469,0
2026-03-14 23:51:00,73.33,2.643,5.409,0
2026-03-14 23:52:00,73.55,2.944,5.237,0
2026-03-14 23:53:00,73.44,2.447,5.254,0
2026-03-14 23:54:00,73.52,2.71,5.246,0
2026-03-14 23:55:00,73.92,2.893,5.26,0
2026-03-14 23:56:00,73.95,2.939,5.109,0
2026-03-14 23:57:00,74.02,2.549,5.3,0
2026-03-14 23:58:00,73.71,2.409,5.27,0
2026-03-14 23:59:00,72.51,3.018,5.373,0
2026-03-15 00:00:00,72.75,2.477,5.152,0
2026-03-15 00:01:00,72.33,2.69,5.129,0
2026-03-15 00:02:00,70.92,2.501,5.137,0
2026-03-15 00:03:00,71.67,2.775,5.203,0
2026-03-15 00:04:00,71.76,2.462,5.379,0
2026-03-15 00:05:00,71.67,2.377,5.289,0
2026-03-15 00:06:00,71.49,2.214,4.937,0
2026-03-15 00:07:00,72.02,2.664,4.968,0
2026-03-15 00:08:00,72.04,2.775,4.975,0
2026-03-15 00:09:00,71.96,2.459,5.11,0
2026-03-15 00:10:00,72.06,2.508,5.145,0
2026-03-15 00:11:00,71.99,2.149,4.962,0
2026-03-15 00:12:00,71.95,2.322,5.023,0
2026-03-15 00:13:00,71.82,2.052,5.299,1
2026-03-15 00:14:00,72.0,2.484,4.98,0
2026-03-15 00:15:00,71.41,2.558,5.178,0
2026-03-15 00:16:00,71.65,2.686,5.235,0
2026-03-15 00:17:00,71.09,2.626,5.051,0
2026-03-15 00:18:00,71.19,2.303,4.996,0
2026-03-15 00:19:00,70.34,2.68,5.081,0
2026-03-15 00:20:00,70.52,2.781,5.268,0
2026-03-15 00:21:00,70.65,2.285,5.227,0
2026-03-15 00:22:00,70.22,2.419,5.166,0
2026-03-15 00:23:00,71.0,2.71,5.09,0
2026-03-15 00:24:00,71.02,2.609,5.135,0
2026-03-15 00:25:00,71.33,2.605,5.376,0
2026-03-15 00:26:00,71.18,2.33,5.325,0
2026-03-15 00:27:00,71.04,2.477,4.773,0
2026-03-15 00:28:00,71.57,2.337,5.068,0
2026-03-15 00:29:00,70.98,2.357,5.159,0
2026-03-15 00:30:00,71.03,2.348,4.885,0
2026-03-15 00:31:00,70.38,2.405,4.924,0
2026-03-15 00:32:00,70.39,2.324,5.229,0
2026-03-15 00:33:00,70.82,2.56,5.068,0
2026-03-15 00:34:00,70.44,2.377,5.135,0
2026-03-15 00:35:00,70.4,2.528,5.301,0
2026-03-15 00:36:00,70.71,2.58,5.032,0
2026-03-15 00:37:00,70.99,2.582,4.991,0
2026-03-15 00:38:00,71.13,2.24,5.109,0
2026-03-15 00:39:00,71.2,2.335,4.956,0
2026-03-15 00:40:00,70.44,2.861,5.069,1
2026-03-15 00:41:00,70.4,2.482,5.162,0
2026-03-15 00:42:00,69.87,2.462,4.967,0
2026-03-15 00:43:00,70.58,2.439,5.19,0
2026-03-15 00:44:00,71.11,2.555,5.375,0
2026-03-15 00:45:00,70.35,2.661,4.95,0
2026-03-15 00:46:00,70.43,2.363,5.106,1
2026-03-15 00:47:00,71.18,3.095,5.112,0
2026-03-15 00:48:00,71.59,2.576,5.288,0
2026-03-15 00:49:00,71.76,2.499,5.123,0
2026-03-15 00:50:00,71.89,2.473,4.872,0
2026-03-15 00:51:00,71.44,2.482,5.357,0
2026-03-15 00:52:00,71.21,2.682,4.988,0
2026-03-15 00:53:00,70.71,2.74,5.224,0
2026-03-15 00:54:00,71.41,2.64,4.952,0
2026-03-15 00:55:00,71.3,2.548,5.16,0
2026-03-15 00:56:00,71.16,2.46,5.033,0
2026-03-15 00:57:00,71.2,2.689,5.04,0
2026-03-15 00:58:00,71.28,2.341,5.015,0
2026-03-15 00:59:00,71.09,2.636,5.161,0
2026-03-15 01:00:00,70.58,2.745,4.977,0
2026-03-15 01:01:00,70.63,2.587,5.0,0
2026-03-15 01:02:00,70.8,2.698,5.041,0
2026-03-15 01:03:00,70.32,2.542,5.241,0
2026-03-15 01:04:00,70.84,2.531,5.133,0
2026-03-15 01:05:00,70.43,2.128,4.952,0
2026-03-15 01:06:00,69.38,2.343,5.275,0
2026-03-15 01:07:00,69.86,2.644,5.242,0
2026-03-15 01:08:00,69.98,2.29,5.203,0
2026-03-15 01:09:00,71.36,2.435,5.274,0
2026-03-15 01:10:00,70.31,2.515,4.99,0
2026-03-15 01:11:00,70.87,2.518,5.085,0
2026-03-15 01:12:00,70.62,2.144,5.275,0
2026-03-15 01:13:00,70.0,2.722,5.081,0
2026-03-15 01:14:00,70.79,2.754,5.318,0
2026-03-15 01:15:00,70.01,2.43,5.266,0
2026-03-15 01:16:00,70.17,1.988,5.24,0
2026-03-15 01:17:00,70.68,2.242,5.086,0
2026-03-15 01:18:00,70.53,2.337,5.166,0
2026-03-15 01:19:00,71.18,2.257,5.064,0
2026-03-15 01:20:00,70.99,2.871,5.365,0
2026-03-15 01:21:00,71.62,2.347,5.233,0
2026-03-15 01:22:00,70.41,2.485,4.986,0
2026-03-15 01:23:00,70.91,2.785,5.332,0
2026-03-15 01:24:00,70.37,2.563,5.258,0
2026-03-15 01:25:00,71.03,2.499,5.265,0
2026-03-15 01:26:00,70.64,3.03,5.031,0
2026-03-15 01:27:00,70.51,2.747,5.169,0
2026-03-15 01:28:00,70.88,2.599,5.059,0
2026-03-15 01:29:00,70.19,2.995,5.203,0
2026-03-15 01:30:00,70.96,2.705,5.128,0
2026-03-15 01:31:00,70.56,2.589,5.106,0
2026-03-15 01:32:00,70.23,2.394,5.217,0
2026-03-15 01:33:00,70.63,2.484,5.304,0
2026-03-15 01:34:00,70.31,2.661,5.256,0
2026-03-15 01:35:00,71.19,2.555,5.357,1
2026-03-15 01:36:00,71.76,2.678,5.175,0
2026-03-15 01:37:00,71.59,3.008,5.104,0
2026-03-15 01:38:00,71.49,2.229,5.097,0
2026-03-15 01:39:00,71.64,2.587,5.095,0
2026-03-15 01:40:00,71.64,2.462,5.009,1
2026-03-15 01:41:00,72.18,2.197,5.299,0
2026-03-15 01:42:00,71.7,2.593,5.098,0
2026-03-15 01:43:00,71.73,2.371,5.072,0
2026-03-15 01:44:00,71.27,2.466,5.151,0
2026-03-15 01:45:00,71.55,2.555,5.44,0
2026-03-15 01:46:00,71.57,2.575,4.947,0
2026-03-15 01:47:00,71.58,2.755,5.098,0
2026-03-15 01:48:00,71.34,2.177,5.141,0
2026-03-15 01:49:00,71.46,2.544,5.072,0
2026-03-15 01:50:00,71.62,2.381,5.063,0
2026-03-15 01:51:00,71.14,2.644,5.399,0
2026-03-15 01:52:00,70.72,2.484,5.076,0
2026-03-15 01:53:00,70.56,2.763,5.341,0
2026-03-15 01:54:00,70.52,2.445,5.14,0
2026-03-15 01:55:00,70.92,1.887,5.147,0
2026-03-15 01:56:00,71.35,2.341,5.056,0
2026-03-15 01:57:00,71.42,2.483,5.031,0
2026-03-15 01:58:00,71.69,2.861,5.302,0
2026-03-15 01:59:00,71.81,2.439,5.215,0
2026-03-15 02:00:00,71.52,2.714,5.298,0
2026-03-15 02:01:00,70.96,2.309,5.301,0
2026-03-15 02:02:00,71.39,3.139,5.113,0
2026-03-15 02:03:00,71.35,2.875,5.11,0
2026-03-15 02:04:00,71.64,2.593,4.901,0
2026-03-15 02:05:00,71.82,2.67,5.227,0
2026-03-15 02:06:00,71.6,2.868,5.093,1
2026-03-15 02:07:00,71.89,2.628,4.974,1
2026-03-15 02:08:00,71.59,2.789,5.174,0
2026-03-15 02:09:00,71.14,2.86,4.993,0
2026-03-15 02:10:00,70.72,2.646,4.856,0
2026-03-15 02:11:00,71.14,2.943,5.266,0
2026-03-15 02:12:00,71.19,2.533,5.05,0
2026-03-15 02:13:00,70.98,2.528,5.135,0
2026-03-15 02:14:00,71.37,2.613,5.211,0
2026-03-15 02:15:00,71.66,2.853,5.175,0
2026-03-15 02:16:00,71.71,2.682,5.261,0
2026-03-15 02:17:00,71.17,2.828,5.384,0
2026-03-15 02:18:00,70.78,2.641,5.258,0
2026-03-15 02:19:00,71.09,2.909,5.151,0
2026-03-15 02:20:00,71.06,2.656,5.255,0
2026-03-15 02:21:00,71.8,2.546,5.139,0
2026-03-15 02:22:00,71.72,2.354,5.086,0
2026-03-15 02:23:00,71.81,2.384,5.132,0
2026-03-15 02:24:00,71.81,2.237,5.256,0
2026-03-15 02:25:00,72.31,2.605,5.243,0
2026-03-15 02:26:00,72.04,2.718,4.86,0
2026-03-15 02:27:00,71.28,2.663,5.128,0
2026-03-15 02:28:00,70.95,2.776,5.195,0
2026-03-15 02:29:00,70.47,2.614,5.007,0
2026-03-15 02:30:00,70.54,2.682,5.071,0
2026-03-15 02:31:00,70.78,2.537,5.245,0
2026-03-15 02:32:00,71.35,2.493,5.247,0
2026-03-15 02:33:00,71.22,2.704,5.193,0
2026-03-15 02:34:00,71.47,2.625,5.143,0
2026-03-15 02:35:00,71.42,2.778,5.248,0
2026-03-15 02:36:00,71.54,2.852,5.259,0
2026-03-15 02:37:00,72.01,2.89,5.167,0
2026-03-15 02:38:00,71.91,2.447,5.09,0
2026-03-15 02:39:00,72.41,2.604,5.179,0
2026-03-15 02:40:00,72.61,3.377,5.155,0
2026-03-15 02:41:00,73.45,3.106,5.255,0
2026-03-15 02:42:00,72.98,2.455,5.152,0
2026-03-15 02:43:00,73.02,2.683,5.044,0
2026-03-15 02:44:00,73.49,2.54,5.411,0
2026-03-15 02:45:00,72.65,2.249,5.03,0
2026-03-15 02:46:00,72.8,2.711,5.43,0
2026-03-15 02:47:00,72.41,2.72,5.317,0
2026-03-15 02:48:00,72.83,2.609,5.378,0
2026-03-15 02:49:00,73.48,3.096,5.453,0
2026-03-15 02:50:00,72.81,3.208,5.277,0
2026-03-15 02:51:00,72.99,2.649,5.248,0
2026-03-15 02:52:00,73.11,2.366,5.405,0
2026-03-15 02:53:00,72.76,2.729,5.284,0
2026-03-15 02:54:00,73.07,2.764,5.337,1
2026-03-15 02:55:00,72.99,2.698,5.218,0
2026-03-15 02:56:00,72.76,2.876,5.527,0
2026-03-15 02:57:00,72.95,2.758,5.149,0
2026-03-15 02:58:00,72.61,2.825,5.104,0
2026-03-15 02:59:00,72.9,2.402,5.285,0
2026-03-15 03:00:00,73.25,2.804,5.211,1
2026-03-15 03:01:00,72.28,2.307,5.202,0
2026-03-15 03:02:00,73.12,2.791,5.223,0
2026-03-15 03:03:00,72.61,2.374,5.052,0
2026-03-15 03:04:00,71.89,2.459,5.215,0
2026-03-15 03:05:00,72.56,2.4,5.319,0
2026-03-15 03:06:00,72.55,2.412,5.287,0
2026-03-15 03:07:00,72.82,2.658,5.204,0
2026-03-15 03:08:00,71.85,2.618,5.194,1
2026-03-15 03:09:00,72.05,2.923,5.143,0
2026-03-15 03:10:00,72.25,2.874,5.359,0
2026-03-15 03:11:00,72.98,2.55,5.043,0
2026-03-15 03:12:00,72.96,2.422,4.917,0
2026-03-15 03:13:00,72.43,2.804,5.085,0
2026-03-15 03:14:00,72.81,2.424,5.218,0
2026-03-15 03:15:00,73.31,2.72,5.344,0
2026-03-15 03:16:00,73.85,2.642,5.006,0
2026-03-15 03:17:00,73.69,2.691,5.296,0
2026-03-15 03:18:00,73.56,2.594,4.966,0
2026-03-15 03:19:00,73.38,2.513,5.25,0
2026-03-15 03:20:00,73.89,2.915,5.13,1
2026-03-15 03:21:00,73.62,2.937,5.214,0
2026-03-15 03:22:00,73.43,2.476,5.076,0
2026-03-15 03:23:00,72.71,2.59,5.117,0
2026-03-15 03:24:00,73.27,2.644,5.421,0
2026-03-15 03:25:00,72.8,2.498,4.965,0
2026-03-15 03:26:00,71.9,2.28,5.196,0
2026-03-15 03:27:00,72.17,2.542,5.027,0
2026-03-15 03:28:00,72.0,2.395,5.041,0
2026-03-15 03:29:00,71.65,2.503,5.026,0
2026-03-15 03:30:00,72.08,2.628,5.386,0
2026-03-15 03:31:00,71.8,2.228,5.256,0
2026-03-15 03:32:00,71.59,2.43,5.152,0
2026-03-15 03:33:00,71.63,2.484,5.001,0
2026-03-15 03:34:00,70.99,2.458,5.263,0
2026-03-15 03:35:00,71.52,2.677,5.182,0
2026-03-15 03:36:00,71.27,2.517,5.268,0
2026-03-15 03:37:00,71.82,2.511,5.182,0
2026-03-15 03:38:00,71.59,2.467,4.993,0
2026-03-15 03:39:00,70.7,2.574,4.887,0
2026-03-15 03:40:00,70.97,2.673,4.807,0
2026-03-15 03:41:00,70.97,2.711,4.993,0
2026-03-15 03:42:00,71.14,2.361,5.009,0
2026-03-15 03:43:00,71.68,2.267,5.324,0
2026-03-15 03:44:00,71.12,2.581,5.135,0
2026-03-15 03:45:00,71.88,2.131,4.998,0
2026-03-15 03:46:00,71.18,2.64,5.049,0
2026-03-15 03:47:00,70.43,2.485,5.206,0
2026-03-15 03:48:00,71.33,2.599,4.961,0
2026-03-15 03:49:00,71.57,2.441,4.972,0
2026-03-15 03:50:00,71.28,2.632,5.198,0
2026-03-15 03:51:00,70.67,2.36,4.826,0
2026-03-15 03:52:00,71.01,2.324,4.977,0
2026-03-15 03:53:00,70.72,2.381,5.145,0
2026-03-15 03:54:00,70.79,2.676,5.185,0
2026-03-15 03:55:00,70.27,2.24,5.124,0
2026-03-15 03:56:00,70.51,2.746,5.009,0
2026-03-15 03:57:00,71.92,2.497,5.093,0
2026-03-15 03:58:00,71.81,2.628,5.264,0
2026-03-15 03:59:00,71.94,2.338,5.059,0
2026-03-15 04:00:00,71.69,2.57,5.281,0
2026-03-15 04:01:00,71.94,2.297,4.921,0
2026-03-15 04:02:00,71.48,2.328,5.063,0
2026-03-15 04:03:00,71.17,2.551,5.294,0
2026-03-15 04:04:00,71.93,2.592,5.267,0
2026-03-15 04:05:00,72.04,2.618,5.284,0
2026-03-15 04:06:00,70.96,2.581,5.118,0
2026-03-15 04:07:00,71.22,2.371,5.164,0
2026-03-15 04:08:00,70.82,2.379,5.377,0
2026-03-15 04:09:00,70.78,3.017,5.313,0
2026-03-15 04:10:00,71.03,2.498,5.13,0
2026-03-15 04:11:00,71.64,2.79,5.351,0
2026-03-15 04:12:00,71.5,2.717,5.067,0
2026-03-15 04:13:00,71.53,2.604,5.26,0
2026-03-15 04:14:00,71.01,2.39,5.001,0
2026-03-15 04:15:00,71.43,2.561,5.18,0
2026-03-15 04:16:00,71.48,2.669,5.266,0
2026-03-15 04:17:00,71.95,2.483,5.123,0
2026-03-15 04:18:00,72.46,2.437,4.973,0
2026-03-15 04:19:00,72.68,2.411,4.979,0
2026-03-15 04:20:00,72.37,2.887,5.228,0
2026-03-15 04:21:00,72.65,3.057,5.154,1
2026-03-15 04:22:00,72.19,2.604,5.053,0
2026-03-15 04:23:00,72.23,2.822,5.401,0
2026-03-15 04:24:00,71.78,2.755,5.25,0
2026-03-15 04:25:00,71.94,2.937,5.23,0
2026-03-15 04:26:00,71.79,2.455,5.243,0
2026-03-15 04:27:00,72.25,2.699,5.238,0
2026-03-15 04:28:00,72.1,3.058,5.106,0
2026-03-15 04:29:00,71.55,3.365,5.151,0
2026-03-15 04:30:00,71.55,2.834,5.345,0
2026-03-15 04:31:00,71.42,2.387,5.329,0
2026-03-15 04:32:00,71.72,2.654,5.113,0
2026-03-15 04:33:00,71.65,2.844,5.147,0
2026-03-15 04:34:00,71.97,2.73,5.115,0
2026-03-15 04:35:00,71.52,2.781,5.58,0
2026-03-15 04:36:00,71.67,2.778,5.07,0
2026-03-15 04:37:00,71.81,2.486,4.991,0
2026-03-15 04:38:00,71.03,2.82,5.374,0
2026-03-15 04:39:00,71.79,2.683,5.295,0
2026-03-15 04:40:00,70.87,2.605,5.215,0
2026-03-15 04:41:00,71.3,2.687,5.223,0
2026-03-15 04:42:00,71.36,2.715,5.113,0
2026-03-15 04:43:00,71.51,2.766,5.251,0
2026-03-15 04:44:00,72.66,2.436,5.078,0
2026-03-15 04:45:00,72.16,2.651,5.333,0
2026-03-15 04:46:00,72.09,2.609,5.185,0
2026-03-15 04:47:00,72.32,2.656,4.916,0
2026-03-15 04:48:00,72.48,2.457,5.364,0
2026-03-15 04:49:00,72.34,2.452,5.08,0
2026-03-15 04:50:00,72.59,1.96,5.266,0
2026-03-15 04:51:00,71.4,2.575,5.377,0
2026-03-15 04:52:00,71.02,2.537,5.084,0
2026-03-15 04:53:00,71.07,2.544,5.228,0
2026-03-15 04:54:00,71.71,2.505,5.083,0
2026-03-15 04:55:00,71.5,2.649,5.077,0
2026-03-15 04:56:00,71.31,2.466,5.102,0
2026-03-15 04:57:00,70.9,2.382,5.195,0
2026-03-15 04:58:00,70.71,2.669,5.207,0
2026-03-15 04:59:00,71.19,3.211,5.017,0
2026-03-15 05:00:00,70.1,2.591,4.955,0
2026-03-15 05:01:00,70.84,2.486,5.247,0
2026-03-15 05:02:00,71.39,2.523,5.22,0
2026-03-15 05:03:00,70.74,2.561,5.054,0
2026-03-15 05:04:00,70.4,2.464,4.898,0
2026-03-15 05:05:00,70.15,2.422,4.914,0
2026-03-15 05:06:00,69.81,2.434,5.053,0
2026-03-15 05:07:00,70.9,2.507,4.878,0
2026-03-15 05:08:00,70.36,2.264,5.039,0
2026-03-15 05:09:00,70.41,2.655,4.909,0
2026-03-15 05:10:00,69.6,2.016,5.138,0
2026-03-15 05:11:00,69.94,2.332,5.062,0
2026-03-15 05:12:00,70.25,2.6,5.239,0
2026-03-15 05:13:00,70.72,2.412,5.179,0
2026-03-15 05:14:00,70.72,2.523,5.164,0
2026-03-15 05:15:00,70.12,2.389,5.319,0
2026-03-15 05:16:00,70.94,2.841,5.029,0
2026-03-15 05:17:00,71.27,2.491,5.017,1
2026-03-15 05:18:00,70.79,2.409,5.29,0
2026-03-15 05:19:00,70.94,2.397,5.387,0
2026-03-15 05:20:00,70.96,2.286,4.977,0
2026-03-15 05:21:00,71.22,2.476,5.035,0
2026-03-15 05:22:00,70.72,2.605,5.102,0
2026-03-15 05:23:00,69.91,2.291,5.113,0
2026-03-15 05:24:00,70.89,2.217,5.067,0
2026-03-15 05:25:00,70.93,2.326,5.075,0
2026-03-15 05:26:00,70.92,2.517,5.305,0
2026-03-15 05:27:00,70.16,2.401,5.169,0
2026-03-15 05:28:00,70.92,2.476,5.068,0
2026-03-15 05:29:00,70.76,2.579,5.006,0
2026-03-15 05:30:00,70.45,2.364,5.12,0
2026-03-15 05:31:00,70.51,2.414,4.874,0
2026-03-15 05:32:00,71.01,2.41,5.17,0
2026-03-15 05:33:00,71.21,2.564,5.016,0
2026-03-15 05:34:00,71.24,2.529,5.024,0
2026-03-15 05:35:00,71.23,2.492,5.007,0
2026-03-15 05:36:00,70.9,2.368,5.02,0
2026-03-15 05:37:00,70.36,2.295,4.904,0
2026-03-15 05:38:00,70.77,2.771,5.205,0
2026-03-15 05:39:00,70.96,2.957,5.423,0
2026-03-15 05:40:00,71.34,2.363,5.009,0
2026-03-15 05:41:00,71.04,2.257,5.177,0
2026-03-15 05:42:00,70.34,2.617,5.24,0
2026-03-15 05:43:00,71.07,2.341,5.275,0
2026-03-15 05:44:00,71.62,2.278,5.471,0
2026-03-15 05:45:00,70.83,2.457,5.156,0
2026-03-15 05:46:00,71.62,2.486,4.996,0
2026-03-15 05:47:00,72.0,2.688,5.31,0
2026-03-15 05:48:00,72.43,3.172,5.163,0
2026-03-15 05:49:00,73.66,2.919,5.38,0
2026-03-15 05:50:00,73.95,2.608,5.41,0
2026-03-15 05:51:00,73.84,2.606,5.318,0
2026-03-15 05:52:00,73.77,2.671,5.257,0
2026-03-15 05:53:00,73.29,2.528,5.178,0
2026-03-15 05:54:00,72.75,2.724,5.21,0
2026-03-15 05:55:00,73.16,2.861,5.407,0
2026-03-15 05:56:00,73.06,2.665,5.383,0
2026-03-15 05:57:00,72.93,2.82,5.442,0
2026-03-15 05:58:00,73.16,2.563,5.299,0
2026-03-15 05:59:00,72.92,2.847,5.229,0
2026-03-15 06:00:00,73.6,2.734,5.295,0
2026-03-15 06:01:00,74.25,2.319,5.577,0
2026-03-15 06:02:00,73.02,2.633,5.191,0
2026-03-15 06:03:00,72.99,2.854,5.012,0
2026-03-15 06:04:00,73.05,2.749,5.433,0
2026-03-15 06:05:00,73.58,2.806,5.442,0
2026-03-15 06:06:00,72.86,2.968,5.315,0
2026-03-15 06:07:00,72.93,2.561,5.351,0
2026-03-15 06:08:00,73.89,2.851,5.444,1
2026-03-15 06:09:00,73.58,3.197,5.292,0
2026-03-15 06:10:00,72.68,2.853,5.29,0
2026-03-15 06:11:00,72.52,2.425,5.207,0
2026-03-15 06:12:00,72.28,2.983,5.397,0
2026-03-15 06:13:00,72.56,2.862,5.216,0
2026-03-15 06:14:00,71.85,2.47,5.219,0
2026-03-15 06:15:00,72.11,2.575,5.445,0
2026-03-15 06:16:00,71.94,2.298,5.175,0
2026-03-15 06:17:00,72.01,2.662,5.153,0
2026-03-15 06:18:00,71.54,2.667,5.114,0
2026-03-15 06:19:00,71.81,2.517,5.378,0
2026-03-15 06:20:00,70.93,2.582,5.362,0
2026-03-15 06:21:00,72.58,2.646,5.384,0
2026-03-15 06:22:00,72.65,2.624,5.608,0
2026-03-15 06:23:00,72.2,2.857,5.426,0
2026-03-15 06:24:00,71.84,2.69,5.277,0
2026-03-15 06:25:00,72.71,2.66,5.211,0
2026-03-15 06:26:00,72.52,2.628,5.203,0
2026-03-15 06:27:00,72.08,2.962,5.26,0
2026-03-15 06:28:00,71.73,2.403,5.103,0
2026-03-15 06:29:00,72.83,2.762,5.169,0
2026-03-15 06:30:00,72.27,2.825,5.212,0
2026-03-15 06:31:00,72.09,2.797,5.369,0
2026-03-15 06:32:00,73.03,2.736,5.313,0
2026-03-15 06:33:00,72.68,2.675,5.155,0
2026-03-15 06:34:00,72.65,2.862,5.192,0
2026-03-15 06:35:00,72.81,2.698,5.503,0
2026-03-15 06:36:00,73.0,2.557,5.346,0
2026-03-15 06:37:00,73.57,2.848,5.26,0
2026-03-15 06:38:00,73.14,2.703,5.344,0
2026-03-15 06:39:00,73.34,2.948,5.448,0
2026-03-15 06:40:00,73.91,2.53,5.162,0
2026-03-15 06:41:00,73.28,3.011,5.232,0
2026-03-15 06:42:00,73.87,2.603,5.378,0
2026-03-15 06:43:00,74.61,2.87,5.251,0
2026-03-15 06:44:00,73.91,2.85,5.354,0
2026-03-15 06:45:00,73.55,2.565,5.016,0
2026-03-15 06:46:00,73.18,2.774,5.459,0
2026-03-15 06:47:00,74.05,2.587,5.14,0
2026-03-15 06:48:00,73.21,3.142,5.382,0
2026-03-15 06:49:00,73.83,2.74,5.534,0
2026-03-15 06:50:00,73.51,2.802,5.274,0
2026-03-15 06:51:00,74.54,2.715,5.268,0
2026-03-15 06:52:00,74.41,2.766,5.401,0
2026-03-15 06:53:00,75.26,3.096,5.429,1
2026-03-15 06:54:00,75.36,3.074,5.536,0
2026-03-15 06:55:00,74.61,2.589,5.375,0
2026-03-15 06:56:00,74.75,2.626,5.472,0
2026-03-15 06:57:00,74.3,3.286,5.44,1
2026-03-15 06:58:00,74.78,3.087,5.233,0
2026-03-15 06:59:00,73.99,2.62,5.613,0
2026-03-15 07:00:00,74.27,2.633,5.288,0
2026-03-15 07:01:00,74.23,2.847,5.44,0
2026-03-15 07:02:00,73.59,3.168,5.556,0
2026-03-15 07:03:00,73.49,2.591,5.197,0
2026-03-15 07:04:00,73.28,2.856,5.236,0
2026-03-15 07:05:00,73.15,2.738,5.247,0
2026-03-15 07:06:00,72.94,2.708,5.534,0
2026-03-15 07:07:00,73.77,2.703,5.573,0
2026-03-15 07:08:00,73.83,3.155,5.519,0
2026-03-15 07:09:00,74.22,3.051,5.335,0
2026-03-15 07:10:00,74.12,2.536,5.246,0
2026-03-15 07:11:00,74.14,2.698,5.201,0
2026-03-15 07:12:00,73.66,2.74,5.59,0
2026-03-15 07:13:00,72.94,2.825,5.31,0
2026-03-15 07:14:00,73.95,2.572,5.275,0
2026-03-15 07:15:00,74.16,3.061,5.373,0
2026-03-15 07:16:00,74.18,3.002,5.511,0
2026-03-15 07:17:00,74.9,2.935,5.487,0
2026-03-15 07:18:00,74.21,2.681,5.487,0
2026-03-15 07:19:00,74.21,2.889,5.191,0
2026-03-15 07:20:00,73.99,2.919,5.323,0
2026-03-15 07:21:00,74.11,2.69,5.695,0
2026-03-15 07:22:00,73.39,2.958,5.364,0
2026-03-15 07:23:00,74.04,2.647,5.505,0
2026-03-15 07:24:00,75.01,2.8,5.545,0
2026-03-15 07:25:00,74.62,2.889,5.29,0
2026-03-15 07:26:00,75.94,2.827,5.329,0
2026-03-15 07:27:00,75.69,3.181,5.21,0
2026-03-15 07:28:00,75.95,2.644,5.455,0
2026-03-15 07:29:00,75.37,2.925,5.281,0
2026-03-15 07:30:00,75.34,2.643,5.603,0
2026-03-15 07:31:00,74.66,2.968,5.656,0
2026-03-15 07:32:00,74.1,2.882,5.564,0
2026-03-15 07:33:00,74.55,2.795,5.384,0
2026-03-15 07:34:00,73.81,2.969,5.45,0
2026-03-15 07:35:00,75.36,2.775,5.372,0
2026-03-15 07:36:00,75.05,2.711,5.216,0
2026-03-15 07:37:00,75.0,3.036,5.3,0
2026-03-15 07:38:00,75.11,2.788,5.359,0
2026-03-15 07:39:00,74.43,2.875,5.341,0
2026-03-15 07:40:00,74.05,2.767,5.401,0
2026-03-15 07:41:00,74.8,2.948,5.452,0
2026-03-15 07:42:00,74.77,2.787,5.522,0
2026-03-15 07:43:00,75.43,3.003,5.484,0
2026-03-15 07:44:00,74.71,2.96,5.238,0
2026-03-15 07:45:00,74.77,2.778,5.502,1
2026-03-15 07:46:00,75.26,2.723,5.105,0
2026-03-15 07:47:00,74.52,2.86,5.206,0
2026-03-15 07:48:00,74.96,2.941,5.068,0
2026-03-15 07:49:00,74.62,3.02,5.438,0
2026-03-15 07:50:00,74.21,2.696,5.158,1
2026-03-15 07:51:00,74.42,2.208,5.222,0
2026-03-15 07:52:00,75.0,2.98,5.399,0
2026-03-15 07:53:00,74.86,2.83,5.382,0
2026-03-15 07:54:00,74.58,3.112,5.193,0
2026-03-15 07:55:00,74.65,2.703,5.515,0
2026-03-15 07:56:00,74.23,2.664,5.263,0
2026-03-15 07:57:00,73.89,2.834,5.442,0
2026-03-15 07:58:00,74.25,2.879,5.259,0
2026-03-15 07:59:00,74.13,2.462,5.402,0
2026-03-15 08:00:00,73.5,2.616,5.25,0
2026-03-15 08:01:00,73.66,2.691,5.137,0
2026-03-15 08:02:00,73.73,2.912,5.546,0
2026-03-15 08:03:00,73.72,2.501,5.111,0
2026-03-15 08:04:00,73.69,2.572,5.293,0
2026-03-15 08:05:00,73.57,2.689,5.328,0
2026-03-15 08:06:00,73.08,2.725,5.149,0
2026-03-15 08:07:00,73.58,2.571,5.39,0
2026-03-15 08:08:00,73.88,2.931,5.308,0
2026-03-15 08:09:00,74.22,3.077,5.055,0
2026-03-15 08:10:00,74.16,2.567,5.108,0
2026-03-15 08:11:00,73.76,2.646,5.392,0
2026-03-15 08:12:00,74.54,2.681,5.594,0
2026-03-15 08:13:00,74.19,2.55,5.275,0
2026-03-15 08:14:00,73.06,2.853,5.307,0
2026-03-15 08:15:00,73.31,3.007,5.373,0
2026-03-15 08:16:00,72.26,2.916,5.378,0
2026-03-15 08:17:00,72.08,2.544,5.423,0
2026-03-15 08:18:00,72.37,2.927,5.238,0
2026-03-15 08:19:00,72.27,2.707,5.4,0
2026-03-15 08:20:00,72.96,3.049,5.24,0
2026-03-15 08:21:00,73.62,2.406,5.302,0
2026-03-15 08:22:00,74.02,2.75,5.501,0
2026-03-15 08:23:00,73.96,2.643,5.187,0
2026-03-15 08:24:00,74.19,3.406,5.253,0
2026-03-15 08:25:00,74.39,2.634,5.178,0
2026-03-15 08:26:00,74.12,2.648,5.314,0
2026-03-15 08:27:00,73.93,2.815,5.114,0
2026-03-15 08:28:00,74.3,3.121,5.253,0
2026-03-15 08:29:00,73.89,2.623,5.471,0
2026-03-15 08:30:00,73.91,2.652,5.345,0
2026-03-15 08:31:00,73.96,2.631,5.4,0
2026-03-15 08:32:00,74.25,2.837,5.263,0
2026-03-15 08:33:00,73.86,2.682,5.285,0
2026-03-15 08:34:00,74.28,2.943,5.239,0
2026-03-15 08:35:00,74.6,2.408,5.25,0
2026-03-15 08:36:00,73.75,2.535,5.239,0
2026-03-15 08:37:00,74.19,2.811,5.266,0
2026-03-15 08:38:00,73.59,2.863,5.237,0
2026-03-15 08:39:00,73.81,2.978,5.278,0
2026-03-15 08:40:00,74.02,2.741,5.404,0
2026-03-15 08:41:00,73.59,2.739,5.625,0
2026-03-15 08:42:00,73.61,2.624,5.173,0
2026-03-15 08:43:00,73.65,3.052,5.247,0
2026-03-15 08:44:00,73.72,2.854,5.418,0
2026-03-15 08:45:00,73.89,2.565,5.216,0
2026-03-15 08:46:00,73.18,2.896,5.246,0
2026-03-15 08:47:00,73.97,2.957,5.526,0
2026-03-15 08:48:00,72.74,3.025,5.456,0
2026-03-15 08:49:00,73.15,3.016,5.243,0
2026-03-15 08:50:00,73.25,3.19,5.352,0
2026-03-15 08:51:00,73.04,3.218,5.245,0
2026-03-15 08:52:00,72.82,2.944,5.499,0
2026-03-15 08:53:00,73.27,2.822,5.469,0
2026-03-15 08:54:00,73.94,2.638,5.273,0
2026-03-15 08:55:00,73.92,3.001,5.568,0
2026-03-15 08:56:00,74.7,3.141,5.504,0
2026-03-15 08:57:00,75.37,3.065,5.59,0
2026-03-15 08:58:00,75.66,2.403,5.262,0
2026-03-15 08:59:00,75.76,2.425,5.604,0
2026-03-15 09:00:00,76.27,3.121,5.371,0
2026-03-15 09:01:00,76.37,2.75,5.477,0
2026-03-15 09:02:00,77.23,3.078,5.646,0
2026-03-15 09:03:00,77.59,3.308,5.741,0
2026-03-15 09:04:00,77.67,3.242,5.472,0
2026-03-15 09:05:00,78.08,2.907,5.4,0
2026-03-15 09:06:00,77.31,3.008,5.506,0
2026-03-15 09:07:00,77.56,3.087,5.57,1
2026-03-15 09:08:00,77.31,3.182,5.629,0
2026-03-15 09:09:00,77.18,3.339,5.737,0
2026-03-15 09:10:00,77.28,3.121,5.334,0
2026-03-15 09:11:00,76.86,3.006,5.556,0
2026-03-15 09:12:00,77.63,2.652,5.603,0
2026-03-15 09:13:00,76.85,2.97,5.357,0
2026-03-15 09:14:00,76.35,2.859,5.637,0
2026-03-15 09:15:00,76.01,3.069,5.626,0
2026-03-15 09:16:00,75.82,2.526,5.191,0
2026-03-15 09:17:00,76.07,3.016,5.307,0
2026-03-15 09:18:00,76.67,3.212,5.576,0
2026-03-15 09:19:00,76.59,2.822,5.247,0
2026-03-15 09:20:00,77.01,3.333,5.599,0
2026-03-15 09:21:00,76.53,3.272,5.48,0
2026-03-15 09:22:00,76.58,3.252,5.452,0
2026-03-15 09:23:00,77.18,2.95,5.381,0
2026-03-15 09:24:00,76.03,2.864,5.584,0
2026-03-15 09:25:00,76.13,3.093,5.318,0
2026-03-15 09:26:00,76.82,2.439,5.606,0
2026-03-15 09:27:00,76.37,3.109,5.436,0
2026-03-15 09:28:00,77.02,2.808,5.53,0
2026-03-15 09:29:00,76.97,2.672,5.298,0
2026-03-15 09:30:00,76.68,3.084,5.255,0
2026-03-15 09:31:00,76.06,2.631,5.544,0
2026-03-15 09:32:00,76.25,2.895,5.536,0
2026-03-15 09:33:00,75.83,3.322,5.323,0
2026-03-15 09:34:00,75.84,2.584,5.369,0
2026-03-15 09:35:00,76.21,3.036,5.153,0
2026-03-15 09:36:00,76.97,2.594,5.282,0
2026-03-15 09:37:00,77.05,3.055,5.215,0
2026-03-15 09:38:00,77.41,2.907,5.076,0
2026-03-15 09:39:00,76.59,2.976,5.126,0
2026-03-15 09:40:00,76.67,2.663,5.368,0
2026-03-15 09:41:00,76.04,2.877,5.18,0
2026-03-15 09:42:00,75.76,2.776,5.381,0
2026-03-15 09:43:00,75.45,2.565,5.443,0
2026-03-15 09:44:00,74.42,3.061,5.192,1
2026-03-15 09:45:00,74.38,2.572,5.228,0
2026-03-15 09:46:00,74.19,2.803,5.34,0
2026-03-15 09:47:00,73.66,2.783,5.336,0
2026-03-15 09:48:00,73.55,2.869,5.197,0
2026-03-15 09:49:00,74.12,2.885,5.163,0
2026-03-15 09:50:00,74.01,2.882,5.385,0
2026-03-15 09:51:00,74.09,3.025,5.31,0
2026-03-15 09:52:00,73.94,2.845,5.327,1
2026-03-15 09:53:00,74.1,2.38,5.381,0
2026-03-15 09:54:00,74.3,3.017,5.269,0
2026-03-15 09:55:00,74.93,2.856,5.407,0
2026-03-15 09:56:00,74.94,2.664,5.433,0
2026-03-15 09:57:00,74.86,2.859,5.279,0
2026-03-15 09:58:00,74.6,2.647,5.587,0
2026-03-15 09:59:00,74.78,3.125,5.51,0
2026-03-15 10:00:00,74.67,2.723,5.595,0
2026-03-15 10:01:00,74.35,2.982,5.483,0
2026-03-15 10:02:00,75.24,2.656,5.31,0
2026-03-15 10:03:00,74.53,2.639,5.544,0
2026-03-15 10:04:00,74.79,2.917,5.663,0
2026-03-15 10:05:00,74.33,3.175,5.423,0
2026-03-15 10:06:00,74.92,3.234,5.37,0
2026-03-15 10:07:00,75.71,2.908,5.429,0
2026-03-15 10:08:00,75.77,3.075,5.478,0
2026-03-15 10:09:00,75.83,3.105,5.264,0
2026-03-15 10:10:00,75.84,2.927,5.433,0
2026-03-15 10:11:00,76.63,2.937,5.559,0
2026-03-15 10:12:00,76.08,3.073,5.365,0
2026-03-15 10:13:00,76.6,2.746,5.418,0
2026-03-15 10:14:00,75.77,3.114,5.476,0
2026-03-15 10:15:00,76.32,2.904,5.489,0
2026-03-15 10:16:00,75.68,3.122,5.503,0
2026-03-15 10:17:00,75.94,3.018,5.38,0
2026-03-15 10:18:00,75.39,3.005,5.358,0
2026-03-15 10:19:00,75.6,2.836,5.414,0
2026-03-15 10:20:00,74.94,2.884,5.313,0
2026-03-15 10:21:00,75.18,2.632,5.213,0
2026-03-15 10:22:00,75.03,2.96,5.488,0
2026-03-15 10:23:00,75.24,3.023,5.601,0
2026-03-15 10:24:00,75.05,2.838,5.709,0
2026-03-15 10:25:00,75.25,3.172,5.458,1
2026-03-15 10:26:00,75.09,2.783,5.607,0
2026-03-15 10:27:00,75.09,2.855,5.582,0
2026-03-15 10:28:00,74.9,2.886,5.393,0
2026-03-15 10:29:00,74.92,3.008,5.643,0
2026-03-15 10:30:00,74.98,3.174,5.557,0
2026-03-15 10:31:00,75.54,3.168,5.504,0
2026-03-15 10:32:00,75.4,2.68,5.624,0
2026-03-15 10:33:00,75.53,2.591,5.395,0
2026-03-15 10:34:00,75.33,2.82,5.499,0
2026-03-15 10:35:00,76.11,3.08,5.611,0
2026-03-15 10:36:00,75.4,2.92,5.431,0
2026-03-15 10:37:00,74.95,2.87,5.61,0
2026-03-15 10:38:00,75.78,2.902,5.628,0
2026-03-15 10:39:00,75.62,3.04,5.653,0
2026-03-15 10:40:00,75.62,3.521,5.403,0
2026-03-15 10:41:00,75.95,3.193,5.381,0
2026-03-15 10:42:00,75.44,2.945,5.491,0
2026-03-15 10:43:00,75.5,3.27,5.677,0
2026-03-15 10:44:00,75.97,3.386,5.415,0
2026-03-15 10:45:00,75.29,3.16,5.46,0
2026-03-15 10:46:00,75.25,2.966,5.457,0
2026-03-15 10:47:00,75.13,2.576,5.412,0
2026-03-15 10:48:00,75.08,2.69,5.28,0
2026-03-15 10:49:00,74.92,2.837,5.456,0
2026-03-15 10:50:00,75.04,3.336,5.465,0
2026-03-15 10:51:00,76.04,3.286,5.497,0
2026-03-15 10:52:00,75.98,3.15,5.535,0
2026-03-15 10:53:00,76.14,3.152,5.506,0
2026-03-15 10:54:00,75.14,3.327,5.394,1
2026-03-15 10:55:00,75.27,3.009,5.723,0
2026-03-15 10:56:00,75.22,3.017,5.407,0
2026-03-15 10:57:00,75.81,2.814,5.598,0
2026-03-15 10:58:00,75.7,3.29,5.481,0
2026-03-15 10:59:00,75.49,3.065,5.389,0
2026-03-15 11:00:00,75.82,2.922,5.427,0
2026-03-15 11:01:00,75.51,2.768,5.286,0
2026-03-15 11:02:00,75.82,2.749,5.45,0
2026-03-15 11:03:00,76.07,2.805,5.591,0
2026-03-15 11:04:00,75.78,2.715,5.729,0
2026-03-15 11:05:00,75.83,3.024,5.308,0
2026-03-15 11:06:00,75.24,3.258,5.427,0
2026-03-15 11:07:00,74.76,3.222,5.511,0
2026-03-15 11:08:00,75.16,2.784,5.541,0
2026-03-15 11:09:00,75.21,3.058,5.428,0
2026-03-15 11:10:00,75.46,3.006,5.451,0
2026-03-15 11:11:00,75.2,2.868,5.426,0
2026-03-15 11:12:00,75.34,3.088,5.682,0
2026-03-15 11:13:00,75.21,2.97,5.429,0
2026-03-15 11:14:00,75.75,2.719,5.466,0
2026-03-15 11:15:00,75.19,3.295,5.478,0
2026-03-15 11:16:00,75.48,3.11,5.421,0
2026-03-15 11:17:00,75.03,2.499,5.54,0
2026-03-15 11:18:00,75.24,3.432,5.369,0
2026-03-15 11:19:00,76.04,2.675,5.424,0
2026-03-15 11:20:00,75.49,2.897,5.328,0
2026-03-15 11:21:00,75.45,3.076,5.305,0
2026-03-15 11:22:00,74.82,2.862,5.454,1
2026-03-15 11:23:00,75.67,2.772,5.299,0
2026-03-15 11:24:00,75.74,2.625,5.178,0
2026-03-15 11:25:00,75.81,2.811,5.403,0
2026-03-15 11:26:00,74.73,2.8,5.259,0
2026-03-15 11:27:00,75.2,2.781,5.115,0
2026-03-15 11:28:00,74.65,2.569,5.278,0
2026-03-15 11:29:00,74.09,2.782,5.489,0
2026-03-15 11:30:00,73.94,2.503,5.404,0
2026-03-15 11:31:00,74.57,2.914,5.298,0
2026-03-15 11:32:00,74.55,2.642,5.202,0
2026-03-15 11:33:00,73.57,2.823,5.236,0
2026-03-15 11:34:00,73.76,3.023,5.167,0
2026-03-15 11:35:00,73.37,2.488,5.091,0
2026-03-15 11:36:00,73.32,2.751,5.401,0
2026-03-15 11:37:00,73.23,3.038,5.196,0
2026-03-15 11:38:00,73.49,2.942,5.537,0
2026-03-15 11:39:00,72.96,2.999,5.47,0
2026-03-15 11:40:00,72.9,2.867,5.442,0
2026-03-15 11:41:00,73.2,2.483,5.494,0
2026-03-15 11:42:00,73.47,2.85,5.247,0
2026-03-15 11:43:00,73.37,2.659,5.445,0
2026-03-15 11:44:00,73.6,2.384,5.524,0
2026-03-15 11:45:00,74.05,2.753,5.291,0
2026-03-15 11:46:00,75.19,2.957,5.046,0
2026-03-15 11:47:00,74.43,3.006,5.237,0
2026-03-15 11:48:00,73.97,2.964,5.089,0
2026-03-15 11:49:00,74.8,3.004,5.312,0
2026-03-15 11:50:00,74.87,2.486,5.71,0
2026-03-15 11:51:00,73.44,2.772,5.481,0
2026-03-15 11:52:00,74.05,2.933,5.28,0
2026-03-15 11:53:00,73.97,3.029,5.349,0
2026-03-15 11:54:00,73.95,2.9,5.278,0
2026-03-15 11:55:00,73.4,2.761,5.569,0
2026-03-15 11:56:00,73.7,2.794,5.41,0
2026-03-15 11:57:00,73.4,2.725,5.253,0
2026-03-15 11:58:00,73.34,2.984,5.408,0
2026-03-15 11:59:00,73.41,2.658,5.397,1
2026-03-15 12:00:00,72.74,2.487,5.379,0
2026-03-15 12:01:00,73.26,2.883,5.187,0
2026-03-15 12:02:00,73.37,2.571,5.301,0
2026-03-15 12:03:00,73.14,2.674,5.158,1
2026-03-15 12:04:00,73.0,2.705,5.339,0
2026-03-15 12:05:00,73.0,2.591,4.979,0
2026-03-15 12:06:00,73.29,2.24,5.105,0
2026-03-15 12:07:00,72.84,3.023,5.256,1
2026-03-15 12:08:00,73.24,3.264,5.36,0
2026-03-15 12:09:00,73.26,2.686,5.278,0
2026-03-15 12:10:00,73.81,2.482,5.087,0
2026-03-15 12:11:00,73.29,2.954,5.264,0
2026-03-15 12:12:00,73.24,2.782,5.261,0
2026-03-15 12:13:00,73.67,3.071,5.247,0
2026-03-15 12:14:00,74.1,2.903,5.297,1
2026-03-15 12:15:00,73.89,2.576,5.354,0
2026-03-15 12:16:00,74.31,2.644,5.375,0
2026-03-15 12:17:00,74.05,2.72,5.402,0
2026-03-15 12:18:00,73.41,2.615,5.28,0
2026-03-15 12:19:00,73.85,3.157,5.589,0
2026-03-15 12:20:00,74.89,2.857,5.538,0
2026-03-15 12:21:00,75.05,3.141,5.404,0
2026-03-15 12:22:00,75.16,2.872,5.339,0
2026-03-15 12:23:00,75.33,2.963,5.413,0
2026-03-15 12:24:00,75.09,2.637,5.485,0
2026-03-15 12:25:00,74.59,3.223,5.611,0
2026-03-15 12:26:00,74.01,2.846,5.624,0
2026-03-15 12:27:00,75.12,3.216,5.603,0
2026-03-15 12:28:00,74.41,3.169,5.736,0
2026-03-15 12:29:00,74.26,3.082,5.321,0
2026-03-15 12:30:00,74.54,2.81,5.441,0
2026-03-15 12:31:00,74.21,3.056,5.251,0
2026-03-15 12:32:00,75.02,2.836,5.433,0
2026-03-15 12:33:00,74.88,3.224,5.304,0
2026-03-15 12:34:00,75.08,2.852,5.263,0
2026-03-15 12:35:00,74.48,3.096,5.486,0
2026-03-15 12:36:00,74.24,2.586,5.48,0
2026-03-15 12:37:00,73.96,2.951,5.269,0
2026-03-15 12:38:00,73.69,2.715,5.518,0
2026-03-15 12:39:00,73.97,2.434,5.487,0
2026-03-15 12:40:00,73.48,2.842,5.511,0
2026-03-15 12:41:00,73.76,2.995,5.318,0
2026-03-15 12:42:00,73.24,2.632,5.495,0
2026-03-15 12:43:00,73.46,3.232,5.403,1
2026-03-15 12:44:00,73.44,2.816,5.358,0
2026-03-15 12:45:00,73.35,2.826,5.427,0
2026-03-15 12:46:00,73.7,2.814,5.358,0
2026-03-15 12:47:00,74.03,2.855,5.587,0
2026-03-15 12:48:00,73.66,3.133,5.562,0
2026-03-15 12:49:00,73.64,2.693,5.371,0
2026-03-15 12:50:00,73.4,2.446,5.332,0
2026-03-15 12:51:00,73.56,2.73,5.561,0
2026-03-15 12:52:00,73.95,2.934,5.301,0
2026-03-15 12:53:00,73.67,2.736,5.192,0
2026-03-15 12:54:00,73.26,2.479,5.502,0
2026-03-15 12:55:00,73.31,3.002,5.328,0
2026-03-15 12:56:00,73.46,2.918,5.453,0
2026-03-15 12:57:00,72.49,2.81,5.403,1
2026-03-15 12:58:00,71.92,2.367,5.427,0
2026-03-15 12:59:00,72.54,2.984,5.556,0
2026-03-15 13:00:00,73.35,3.1,5.511,0
2026-03-15 13:01:00,74.57,3.133,5.504,0
2026-03-15 13:02:00,74.69,2.952,5.698,0
2026-03-15 13:03:00,75.16,3.262,5.396,0
2026-03-15 13:04:00,74.83,3.061,5.331,0
2026-03-15 13:05:00,74.84,2.953,5.306,0
2026-03-15 13:06:00,74.72,3.005,5.433,0
2026-03-15 13:07:00,75.89,3.108,5.704,0
2026-03-15 13:08:00,76.15,2.69,5.464,0
2026-03-15 13:09:00,75.83,3.103,5.492,0
2026-03-15 13:10:00,75.91,3.023,5.382,0
2026-03-15 13:11:00,74.87,3.013,5.457,0
2026-03-15 13:12:00,75.11,2.822,5.292,0
2026-03-15 13:13:00,74.09,3.079,5.38,0
2026-03-15 13:14:00,75.04,2.937,5.696,0
2026-03-15 13:15:00,75.8,2.814,5.487,0
2026-03-15 13:16:00,75.81,2.829,5.258,0
2026-03-15 13:17:00,75.01,2.78,5.441,0
2026-03-15 13:18:00,75.39,3.082,5.528,0
2026-03-15 13:19:00,74.99,2.751,5.247,0
2026-03-15 13:20:00,75.8,3.291,5.501,1
2026-03-15 13:21:00,75.44,3.34,5.738,0
2026-03-15 13:22:00,76.14,3.08,5.678,0
2026-03-15 13:23:00,76.24,3.161,5.435,0
2026-03-15 13:24:00,75.06,2.945,5.561,0
2026-03-15 13:25:00,75.36,3.003,5.443,0
2026-03-15 13:26:00,75.36,3.223,5.531,0
2026-03-15 13:27:00,75.27,2.648,5.307,0
2026-03-15 13:28:00,75.8,2.866,5.204,0
2026-03-15 13:29:00,75.75,2.944,5.181,1
2026-03-15 13:30:00,75.79,2.796,5.39,0
2026-03-15 13:31:00,75.61,2.972,5.144,0
2026-03-15 13:32:00,75.2,2.859,5.196,0
2026-03-15 13:33:00,75.09,2.836,5.263,0
2026-03-15 13:34:00,74.92,2.951,5.625,0
2026-03-15 13:35:00,74.7,2.749,5.293,0
2026-03-15 13:36:00,74.68,2.643,5.5,0
2026-03-15 13:37:00,75.74,3.157,5.453,0
2026-03-15 13:38:00,75.13,3.057,5.62,0
2026-03-15 13:39:00,75.21,3.093,5.31,0
2026-03-15 13:40:00,75.22,2.548,5.486,0
2026-03-15 13:41:00,76.25,2.988,5.452,0
2026-03-15 13:42:00,75.21,3.543,5.352,1
2026-03-15 13:43:00,76.38,2.934,5.399,0
2026-03-15 13:44:00,75.35,2.744,5.233,0
2026-03-15 13:45:00,75.81,2.909,5.556,1
2026-03-15 13:46:00,76.21,2.747,5.28,0
2026-03-15 13:47:00,76.41,3.01,5.606,0
2026-03-15 13:48:00,76.45,3.432,5.318,0
2026-03-15 13:49:00,76.38,3.094,5.391,0
2026-03-15 13:50:00,76.39,2.71,5.631,0
2026-03-15 13:51:00,76.81,3.01,5.43,0
2026-03-15 13:52:00,76.46,3.103,5.662,0
2026-03-15 13:53:00,77.16,3.041,5.405,0
2026-03-15 13:54:00,76.88,2.716,5.461,0
2026-03-15 13:55:00,76.45,3.056,5.46,0
2026-03-15 13:56:00,76.5,3.101,5.719,0
2026-03-15 13:57:00,76.63,2.821,5.516,0
2026-03-15 13:58:00,76.2,2.914,5.254,0
2026-03-15 13:59:00,75.96,2.75,5.142,0
2026-03-15 14:00:00,75.27,2.553,5.436,0
2026-03-15 14:01:00,76.35,2.884,5.459,0
2026-03-15 14:02:00,76.47,3.655,5.408,0
2026-03-15 14:03:00,74.88,3.067,5.648,1
2026-03-15 14:04:00,76.07,2.792,5.549,0
2026-03-15 14:05:00,74.94,3.477,5.279,1
2026-03-15 14:06:00,76.04,3.406,5.229,1
2026-03-15 14:07:00,76.38,3.307,5.392,0
2026-03-15 14:08:00,76.02,3.053,5.792,0
2026-03-15 14:09:00,77.14,3.109,5.414,0
2026-03-15 14:10:00,75.63,2.945,5.458,0
2026-03-15 14:11:00,76.41,3.165,5.378,0
2026-03-15 14:12:00,76.27,2.923,5.625,0
2026-03-15 14:13:00,76.03,2.874,5.348,0
2026-03-15 14:14:00,77.0,3.23,5.439,0
2026-03-15 14:15:00,77.04,3.172,5.427,0
2026-03-15 14:16:00,76.72,2.997,5.544,0
2026-03-15 14:17:00,76.0,2.837,5.579,0
2026-03-15 14:18:00,76.5,3.018,5.263,0
2026-03-15 14:19:00,76.15,3.095,5.422,0
2026-03-15 14:20:00,76.81,2.687,5.671,0
2026-03-15 14:21:00,76.05,3.164,5.514,0
2026-03-15 14:22:00,76.54,2.893,5.811,0
2026-03-15 14:23:00,76.55,2.938,5.312,0
2026-03-15 14:24:00,77.11,3.741,5.351,1
2026-03-15 14:25:00,76.57,3.01,5.661,0
2026-03-15 14:26:00,76.84,3.101,5.376,0
2026-03-15 14:27:00,76.93,3.051,5.175,0
2026-03-15 14:28:00,77.13,3.323,5.414,1
2026-03-15 14:29:00,76.22,3.051,5.213,0
2026-03-15 14:30:00,75.92,2.977,5.39,0
2026-03-15 14:31:00,75.61,3.033,5.187,0
2026-03-15 14:32:00,75.76,2.82,5.458,0
2026-03-15 14:33:00,75.47,2.76,5.414,0
2026-03-15 14:34:00,75.56,2.717,5.32,0
2026-03-15 14:35:00,75.22,2.61,5.429,0
2026-03-15 14:36:00,75.24,2.663,5.265,0
2026-03-15 14:37:00,75.15,3.156,5.391,0
2026-03-15 14:38:00,74.66,2.723,5.493,0
2026-03-15 14:39:00,74.48,3.01,5.065,0
2026-03-15 14:40:00,74.05,2.936,5.197,0
2026-03-15 14:41:00,74.24,2.913,5.35,0
2026-03-15 14:42:00,74.44,2.864,5.498,0
2026-03-15 14:43:00,73.75,2.975,5.083,0
2026-03-15 14:44:00,73.85,2.834,5.6,0
2026-03-15 14:45:00,73.82,2.609,5.512,0
2026-03-15 14:46:00,73.74,3.098,5.395,0
2026-03-15 14:47:00,73.46,2.541,5.217,0
2026-03-15 14:48:00,73.75,2.931,5.481,0
2026-03-15 14:49:00,73.84,2.819,5.417,0
2026-03-15 14:50:00,74.45,3.086,5.168,0
2026-03-15 14:51:00,74.92,2.878,5.284,0
2026-03-15 14:52:00,74.45,2.791,5.247,0
2026-03-15 14:53:00,75.25,2.977,5.281,0
2026-03-15 14:54:00,74.4,2.939,5.252,0
2026-03-15 14:55:00,74.24,2.764,5.096,0
2026-03-15 14:56:00,75.16,2.883,5.154,0
2026-03-15 14:57:00,75.47,2.656,5.556,0
2026-03-15 14:58:00,75.44,2.733,5.335,0
2026-03-15 14:59:00,75.8,2.655,5.454,0
2026-03-15 15:00:00,75.69,3.032,5.561,0
2026-03-15 15:01:00,75.65,2.852,5.349,0
2026-03-15 15:02:00,75.93,2.867,5.293,1
2026-03-15 15:03:00,75.35,2.916,5.284,0
2026-03-15 15:04:00,75.23,2.861,5.297,0
2026-03-15 15:05:00,75.15,2.854,5.496,0
2026-03-15 15:06:00,75.44,3.014,5.244,0
2026-03-15 15:07:00,74.61,2.841,5.414,0
2026-03-15 15:08:00,74.76,2.524,5.257,0
2026-03-15 15:09:00,75.36,2.988,5.213,0
2026-03-15 15:10:00,75.58,2.669,5.356,0
2026-03-15 15:11:00,75.88,2.614,5.085,1
2026-03-15 15:12:00,76.85,2.832,5.456,0
2026-03-15 15:13:00,76.21,2.744,5.417,0
2026-03-15 15:14:00,76.69,3.024,4.985,1
2026-03-15 15:15:00,76.21,3.081,5.145,0
2026-03-15 15:16:00,75.87,3.014,5.242,0
2026-03-15 15:17:00,75.46,2.662,5.306,0
2026-03-15 15:18:00,75.71,2.644,5.331,0
2026-03-15 15:19:00,76.08,2.903,5.374,0
2026-03-15 15:20:00,75.67,3.054,5.457,0
2026-03-15 15:21:00,75.85,2.942,5.491,0
2026-03-15 15:22:00,74.86,2.804,5.195,0
2026-03-15 15:23:00,74.93,2.532,5.473,0
2026-03-15 15:24:00,74.66,3.019,5.427,0
2026-03-15 15:25:00,75.49,2.578,5.432,1
2026-03-15 15:26:00,75.42,2.8,5.399,0
2026-03-15 15:27:00,75.29,2.838,5.38,0
2026-03-15 15:28:00,76.48,2.753,5.366,0
2026-03-15 15:29:00,76.42,2.992,5.161,0
2026-03-15 15:30:00,76.37,3.312,5.267,0
2026-03-15 15:31:00,76.62,2.917,5.439,0
2026-03-15 15:32:00,76.64,2.65,5.513,0
2026-03-15 15:33:00,76.6,2.868,5.174,0
2026-03-15 15:34:00,76.41,3.219,5.552,0
2026-03-15 15:35:00,76.56,3.597,5.423,0
2026-03-15 15:36:00,76.75,2.485,5.527,0
2026-03-15 15:37:00,77.29,2.999,5.509,0
2026-03-15 15:38:00,77.16,3.276,5.217,0
2026-03-15 15:39:00,76.74,3.633,5.487,0
2026-03-15 15:40:00,76.75,3.223,5.466,0
2026-03-15 15:41:00,76.44,2.585,5.475,0
2026-03-15 15:42:00,75.44,2.86,5.304,0
2026-03-15 15:43:00,76.6,2.735,5.504,0
2026-03-15 15:44:00,76.34,3.101,5.449,0
2026-03-15 15:45:00,76.6,3.13,5.456,0
2026-03-15 15:46:00,77.08,3.125,5.421,0
2026-03-15 15:47:00,76.83,3.397,5.33,0
2026-03-15 15:48:00,76.87,2.933,5.541,0
2026-03-15 15:49:00,76.33,3.373,5.494,0
2026-03-15 15:50:00,76.22,2.611,5.309,0
2026-03-15 15:51:00,76.18,2.636,5.5,0
2026-03-15 15:52:00,75.81,2.746,5.342,0
2026-03-15 15:53:00,75.76,3.054,5.268,0
2026-03-15 15:54:00,75.7,2.976,5.411,0
2026-03-15 15:55:00,74.71,3.063,5.294,0
2026-03-15 15:56:00,75.03,2.807,5.358,0
2026-03-15 15:57:00,74.66,3.139,5.474,0
2026-03-15 15:58:00,74.26,2.952,5.489,0
2026-03-15 15:59:00,73.96,2.944,5.514,0
2026-03-15 16:00:00,74.09,2.961,5.301,0
2026-03-15 16:01:00,74.3,2.727,5.253,0
2026-03-15 16:02:00,74.12,2.441,5.37,1
2026-03-15 16:03:00,73.57,3.121,5.395,0
2026-03-15 16:04:00,74.1,2.621,5.2,0
2026-03-15 16:05:00,74.67,3.259,5.413,1
2026-03-15 16:06:00,75.34,2.589,5.471,0
2026-03-15 16:07:00,75.14,2.977,5.191,0
2026-03-15 16:08:00,76.05,3.509,5.515,0
2026-03-15 16:09:00,75.47,2.938,5.104,0
2026-03-15 16:10:00,76.31,3.255,5.444,0
2026-03-15 16:11:00,75.58,2.704,5.331,0
2026-03-15 16:12:00,75.72,3.257,5.288,0
2026-03-15 16:13:00,75.49,2.867,5.424,0
2026-03-15 16:14:00,76.05,2.818,5.355,0
2026-03-15 16:15:00,75.23,2.622,5.204,0
2026-03-15 16:16:00,76.55,3.25,5.283,0
2026-03-15 16:17:00,75.96,2.892,5.407,0
2026-03-15 16:18:00,75.86,2.63,5.275,0
2026-03-15 16:19:00,75.42,3.146,5.403,0
2026-03-15 16:20:00,75.69,2.827,5.438,0
2026-03-15 16:21:00,75.21,3.153,5.492,0
2026-03-15 16:22:00,75.03,2.901,5.297,0
2026-03-15 16:23:00,75.13,3.108,5.429,0
2026-03-15 16:24:00,74.32,2.986,5.538,0
2026-03-15 16:25:00,74.71,2.764,5.221,0
2026-03-15 16:26:00,74.9,3.174,5.171,0
2026-03-15 16:27:00,74.4,2.963,5.471,0
2026-03-15 16:28:00,74.7,2.739,5.381,0
2026-03-15 16:29:00,74.7,3.089,5.2,0
2026-03-15 16:30:00,75.14,2.949,5.379,0
2026-03-15 16:31:00,75.09,2.859,5.503,0
2026-03-15 16:32:00,75.94,3.273,5.49,0
2026-03-15 16:33:00,75.67,3.118,5.452,0
2026-03-15 16:34:00,76.22,2.828,5.567,0
2026-03-15 16:35:00,75.76,3.14,5.345,0
2026-03-15 16:36:00,75.64,2.83,5.249,0
2026-03-15 16:37:00,74.62,3.028,5.142,0
2026-03-15 16:38:00,75.03,2.695,5.423,0
2026-03-15 16:39:00,74.82,3.416,5.276,1
2026-03-15 16:40:00,74.9,2.9,5.363,0
2026-03-15 16:41:00,74.54,2.711,5.151,0
2026-03-15 16:42:00,74.24,3.024,5.467,0
2026-03-15 16:43:00,74.56,3.081,5.466,0
2026-03-15 16:44:00,74.74,2.829,5.455,0
2026-03-15 16:45:00,75.29,2.79,5.321,0
2026-03-15 16:46:00,75.35,3.224,5.473,0
2026-03-15 16:47:00,74.25,2.861,5.346,0
2026-03-15 16:48:00,74.72,2.955,5.363,0
2026-03-15 16:49:00,75.01,2.775,5.66,0
2026-03-15 16:50:00,74.99,3.016,5.428,0
2026-03-15 16:51:00,75.1,2.666,5.667,0
2026-03-15 16:52:00,75.5,2.806,5.389,0
2026-03-15 16:53:00,75.18,3.086,5.371,0
2026-03-15 16:54:00,74.97,3.051,5.54,0
2026-03-15 16:55:00,74.93,2.693,5.496,0
2026-03-15 16:56:00,75.06,2.624,5.569,0
2026-03-15 16:57:00,75.25,2.815,5.288,0
2026-03-15 16:58:00,75.23,3.169,5.36,0
2026-03-15 16:59:00,75.36,2.801,5.576,0
2026-03-15 17:00:00,74.91,2.907,5.575,0
2026-03-15 17:01:00,75.17,3.073,5.641,0
2026-03-15 17:02:00,75.32,3.09,5.599,0
2026-03-15 17:03:00,75.4,2.778,5.623,0
2026-03-15 17:04:00,75.01,3.365,5.583,0
2026-03-15 17:05:00,74.85,3.317,5.471,0
2026-03-15 17:06:00,74.95,2.749,5.217,0
2026-03-15 17:07:00,74.3,2.995,5.573,0
2026-03-15 17:08:00,74.21,2.615,5.247,0
2026-03-15 17:09:00,74.82,2.676,5.313,0
2026-03-15 17:10:00,74.67,2.583,5.51,0
2026-03-15 17:11:00,74.49,2.932,5.293,0
2026-03-15 17:12:00,74.7,2.893,5.375,0
2026-03-15 17:13:00,75.06,2.857,5.286,0
2026-03-15 17:14:00,75.27,3.019,5.537,0
2026-03-15 17:15:00,75.14,2.934,5.39,0
2026-03-15 17:16:00,75.03,3.106,5.33,0
2026-03-15 17:17:00,75.41,2.774,5.404,0
2026-03-15 17:18:00,74.87,2.704,5.463,0
2026-03-15 17:19:00,75.8,3.136,5.313,0
2026-03-15 17:20:00,75.76,3.379,5.249,0
2026-03-15 17:21:00,75.23,2.636,5.209,0
2026-03-15 17:22:00,75.0,3.173,5.312,0
2026-03-15 17:23:00,75.68,2.72,5.28,0
2026-03-15 17:24:00,75.25,2.995,5.497,0
2026-03-15 17:25:00,76.11,2.911,5.394,0
2026-03-15 17:26:00,76.57,2.807,5.396,0
2026-03-15 17:27:00,75.89,3.04,5.309,0
2026-03-15 17:28:00,75.8,2.937,5.056,0
2026-03-15 17:29:00,75.17,2.619,5.531,0
2026-03-15 17:30:00,74.81,2.94,5.153,0
2026-03-15 17:31:00,75.43,3.111,5.228,0
2026-03-15 17:32:00,74.91,2.705,5.493,0
2026-03-15 17:33:00,74.8,2.783,5.448,0
2026-03-15 17:34:00,74.85,2.757,5.141,0
2026-03-15 17:35:00,74.61,2.842,5.502,0
2026-03-15 17:36:00,75.49,2.908,5.317,0
2026-03-15 17:37:00,75.02,2.47,5.392,0
2026-03-15 17:38:00,74.57,3.217,5.4,0
2026-03-15 17:39:00,75.02,3.122,5.458,0
2026-03-15 17:40:00,74.39,2.869,5.546,0
2026-03-15 17:41:00,74.53,2.852,5.491,0
2026-03-15 17:42:00,75.31,3.093,5.354,0
2026-03-15 17:43:00,74.85,3.02,5.318,0
2026-03-15 17:44:00,74.12,2.899,5.464,0
2026-03-15 17:45:00,73.72,3.449,5.446,0
2026-03-15 17:46:00,74.15,2.632,5.658,0
2026-03-15 17:47:00,73.74,2.725,5.395,0
2026-03-15 17:48:00,73.86,3.086,5.426,0
2026-03-15 17:49:00,73.83,2.815,5.632,0
2026-03-15 17:50:00,74.19,2.674,5.242,0
2026-03-15 17:51:00,74.95,2.728,5.313,0
2026-03-15 17:52:00,74.45,2.923,5.455,0
2026-03-15 17:53:00,74.7,2.75,5.218,0
2026-03-15 17:54:00,74.42,2.827,5.337,0
2026-03-15 17:55:00,74.56,2.597,5.185,0
2026-03-15 17:56:00,73.95,2.948,5.55,0
2026-03-15 17:57:00,73.68,2.501,5.184,0
2026-03-15 17:58:00,74.24,2.728,5.601,0
2026-03-15 17:59:00,73.94,2.991,5.291,0
2026-03-15 18:00:00,73.71,2.942,5.42,1
2026-03-15 18:01:00,74.19,2.458,5.528,0
2026-03-15 18:02:00,74.2,2.734,5.418,0
2026-03-15 18:03:00,73.78,3.085,5.396,0
2026-03-15 18:04:00,74.78,2.945,5.374,0
2026-03-15 18:05:00,74.7,3.075,5.477,0
2026-03-15 18:06:00,75.3,3.168,5.638,0
2026-03-15 18:07:00,75.2,2.967,5.446,0
2026-03-15 18:08:00,75.7,2.938,5.473,0
2026-03-15 18:09:00,76.04,2.754,5.265,0
2026-03-15 18:10:00,75.85,2.977,5.411,0
2026-03-15 18:11:00,75.89,3.173,5.551,0
2026-03-15 18:12:00,75.34,3.146,5.231,0
2026-03-15 18:13:00,75.96,2.841,5.37,0
2026-03-15 18:14:00,75.71,2.966,5.625,0
2026-03-15 18:15:00,76.97,2.711,5.396,0
2026-03-15 18:16:00,76.87,2.809,5.573,0
2026-03-15 18:17:00,76.93,2.964,5.497,0
2026-03-15 18:18:00,76.49,2.973,5.465,0
2026-03-15 18:19:00,77.15,3.121,5.585,0
2026-03-15 18:20:00,76.0,2.959,5.542,0
2026-03-15 18:21:00,76.22,2.916,5.611,0
2026-03-15 18:22:00,75.62,3.07,5.402,0
2026-03-15 18:23:00,75.69,3.028,5.557,0
2026-03-15 18:24:00,75.04,2.71,5.562,0
2026-03-15 18:25:00,74.34,2.79,5.372,0
2026-03-15 18:26:00,74.66,2.814,5.51,0
2026-03-15 18:27:00,75.04,3.121,5.377,0
2026-03-15 18:28:00,75.53,2.802,5.56,0
2026-03-15 18:29:00,76.26,2.956,5.482,0
2026-03-15 18:30:00,76.77,2.802,5.411,0
2026-03-15 18:31:00,75.71,3.376,5.602,0
2026-03-15 18:32:00,75.92,3.15,5.486,0
2026-03-15 18:33:00,75.84,3.132,5.662,0
2026-03-15 18:34:00,76.03,3.209,5.501,0
2026-03-15 18:35:00,77.14,3.231,5.182,0
2026-03-15 18:36:00,76.99,3.145,5.682,0
2026-03-15 18:37:00,76.47,3.193,5.678,0
2026-03-15 18:38:00,76.37,3.047,5.464,0
2026-03-15 18:39:00,75.75,3.31,5.693,0
2026-03-15 18:40:00,75.29,3.145,5.437,1
2026-03-15 18:41:00,76.01,3.128,5.405,0
2026-03-15 18:42:00,76.39,3.108,5.695,0
2026-03-15 18:43:00,75.67,2.853,5.494,0
2026-03-15 18:44:00,76.2,2.863,5.521,0
2026-03-15 18:45:00,76.82,3.249,5.489,0
2026-03-15 18:46:00,76.94,3.335,5.383,0
2026-03-15 18:47:00,77.18,2.688,5.405,0
2026-03-15 18:48:00,76.64,2.863,5.439,0
2026-03-15 18:49:00,76.53,3.053,5.609,0
2026-03-15 18:50:00,76.24,2.995,5.411,0
2026-03-15 18:51:00,75.58,2.836,5.542,0
2026-03-15 18:52:00,75.13,2.818,5.612,0
2026-03-15 18:53:00,75.14,2.84,5.32,0
2026-03-15 18:54:00,74.82,3.031,5.535,0
2026-03-15 18:55:00,74.3,3.227,5.569,0
2026-03-15 18:56:00,75.04,2.908,5.231,1
2026-03-15 18:57:00,74.76,2.9,5.313,0
2026-03-15 18:58:00,74.62,2.571,5.306,0
2026-03-15 18:59:00,74.84,3.193,5.555,0
2026-03-15 19:00:00,75.3,2.646,5.597,0
2026-03-15 19:01:00,75.15,2.758,5.434,0
2026-03-15 19:02:00,75.07,2.973,5.695,0
2026-03-15 19:03:00,74.92,3.21,5.634,0
2026-03-15 19:04:00,75.19,2.76,5.525,0
2026-03-15 19:05:00,76.05,2.934,5.468,0
2026-03-15 19:06:00,75.76,2.701,5.439,0
2026-03-15 19:07:00,75.4,2.931,5.554,0
2026-03-15 19:08:00,75.98,3.29,5.407,0
2026-03-15 19:09:00,75.96,2.732,5.386,0
2026-03-15 19:10:00,75.97,3.018,5.412,0
2026-03-15 19:11:00,76.03,3.309,5.68,0
2026-03-15 19:12:00,75.77,3.004,5.419,0
2026-03-15 19:13:00,75.42,2.897,5.69,0
2026-03-15 19:14:00,75.11,2.908,5.37,0
2026-03-15 19:15:00,75.44,2.932,5.539,0
2026-03-15 19:16:00,75.46,3.308,5.445,0
2026-03-15 19:17:00,74.43,3.094,5.37,0
2026-03-15 19:18:00,75.84,3.246,5.363,0
2026-03-15 19:19:00,75.67,2.969,5.34,0
2026-03-15 19:20:00,76.07,2.68,5.445,0
2026-03-15 19:21:00,76.34,2.859,5.499,0
2026-03-15 19:22:00,75.98,2.895,5.356,0
2026-03-15 19:23:00,75.97,3.072,5.319,0
2026-03-15 19:24:00,75.3,2.977,5.319,0
2026-03-15 19:25:00,74.95,3.219,5.102,0
2026-03-15 19:26:00,74.91,2.747,5.506,0
2026-03-15 19:27:00,75.23,2.677,5.634,0
2026-03-15 19:28:00,74.56,2.78,5.543,0
2026-03-15 19:29:00,73.86,2.546,5.462,0
2026-03-15 19:30:00,74.23,3.11,5.378,0
2026-03-15 19:31:00,73.55,2.812,5.365,0
2026-03-15 19:32:00,73.26,2.939,5.273,0
2026-03-15 19:33:00,73.69,2.844,5.383,0
2026-03-15 19:34:00,73.95,3.151,5.256,0
2026-03-15 19:35:00,74.6,2.698,5.322,0
2026-03-15 19:36:00,74.33,2.801,5.619,0
2026-03-15 19:37:00,74.97,3.291,5.451,0
2026-03-15 19:38:00,74.94,3.065,5.733,0
2026-03-15 19:39:00,75.35,2.845,5.388,0
2026-03-15 19:40:00,75.15,2.965,5.561,0
2026-03-15 19:41:00,75.91,2.824,5.114,1
2026-03-15 19:42:00,75.69,2.879,5.194,0
2026-03-15 19:43:00,74.91,2.73,5.407,0
2026-03-15 19:44:00,75.44,2.741,5.43,0
2026-03-15 19:45:00,76.21,2.794,5.316,0
2026-03-15 19:46:00,75.91,2.951,5.318,0
2026-03-15 19:47:00,75.84,2.592,5.154,0
2026-03-15 19:48:00,75.87,2.958,5.639,0
2026-03-15 19:49:00,77.04,3.3,5.376,0
2026-03-15 19:50:00,77.37,3.292,5.544,0
2026-03-15 19:51:00,76.56,2.972,5.481,0
2026-03-15 19:52:00,76.22,3.242,5.375,0
2026-03-15 19:53:00,76.19,2.906,5.609,0
2026-03-15 19:54:00,75.29,3.143,5.542,0
2026-03-15 19:55:00,74.9,3.332,5.47,0
2026-03-15 19:56:00,75.22,3.314,5.54,0
2026-03-15 19:57:00,75.44,2.989,5.198,1
2026-03-15 19:58:00,75.85,2.967,5.369,0
2026-03-15 19:59:00,75.81,3.495,5.31,0
2026-03-15 20:00:00,75.14,3.227,5.416,0
2026-03-15 20:01:00,75.98,2.985,5.109,0
2026-03-15 20:02:00,76.16,3.227,5.452,0
2026-03-15 20:03:00,75.58,3.064,5.454,0
2026-03-15 20:04:00,75.68,3.004,5.406,0
2026-03-15 20:05:00,76.09,3.129,5.344,0
2026-03-15 20:06:00,75.95,2.975,5.528,0
2026-03-15 20:07:00,76.37,2.732,5.279,0
2026-03-15 20:08:00,75.92,3.317,5.34,0
2026-03-15 20:09:00,75.89,3.025,5.556,0
2026-03-15 20:10:00,75.69,2.62,5.443,0
2026-03-15 20:11:00,75.95,2.748,5.339,0
2026-03-15 20:12:00,76.22,3.001,5.498,0
2026-03-15 20:13:00,76.41,2.82,5.376,0
2026-03-15 20:14:00,75.93,2.856,5.413,0
2026-03-15 20:15:00,75.61,3.049,5.389,0
2026-03-15 20:16:00,75.41,2.528,5.142,0
2026-03-15 20:17:00,74.29,2.799,5.349,0
2026-03-15 20:18:00,75.06,2.31,5.58,0
2026-03-15 20:19:00,74.91,2.733,5.328,0
2026-03-15 20:20:00,74.23,3.105,5.327,0
2026-03-15 20:21:00,74.61,2.486,5.311,0
2026-03-15 20:22:00,74.94,2.985,5.365,0
2026-03-15 20:23:00,74.38,2.788,5.03,0
2026-03-15 20:24:00,74.19,3.035,5.377,1
2026-03-15 20:25:00,73.77,2.492,5.461,0
2026-03-15 20:26:00,74.69,2.855,5.535,0
2026-03-15 20:27:00,74.68,3.116,5.257,0
2026-03-15 20:28:00,74.11,2.806,5.245,0
2026-03-15 20:29:00,75.13,3.052,5.294,0
2026-03-15 20:30:00,74.5,3.056,5.536,0
2026-03-15 20:31:00,74.13,3.11,5.4,0
2026-03-15 20:32:00,74.61,3.428,5.375,0
2026-03-15 20:33:00,73.75,2.687,5.526,0
2026-03-15 20:34:00,74.34,3.127,5.554,1
2026-03-15 20:35:00,73.64,2.683,5.28,1
2026-03-15 20:36:00,73.58,2.617,5.316,0
2026-03-15 20:37:00,72.99,2.736,5.338,0
2026-03-15 20:38:00,73.3,2.526,5.259,0
2026-03-15 20:39:00,73.06,2.523,5.54,0
2026-03-15 20:40:00,72.99,3.283,5.267,0
2026-03-15 20:41:00,73.79,2.922,5.415,0
2026-03-15 20:42:00,73.8,3.032,5.307,0
2026-03-15 20:43:00,73.01,2.53,5.273,0
2026-03-15 20:44:00,73.38,2.798,5.232,0
2026-03-15 20:45:00,74.02,2.911,5.101,0
2026-03-15 20:46:00,74.02,2.566,5.366,1
2026-03-15 20:47:00,73.84,2.823,5.565,0
2026-03-15 20:48:00,74.1,2.735,5.087,0
2026-03-15 20:49:00,73.78,3.006,5.264,0
2026-03-15 20:50:00,73.66,2.491,5.368,0
2026-03-15 20:51:00,74.36,3.032,5.347,0
2026-03-15 20:52:00,73.47,2.608,5.113,0
2026-03-15 20:53:00,73.43,2.529,5.311,0
2026-03-15 20:54:00,73.53,2.584,5.277,0
2026-03-15 20:55:00,73.24,2.669,5.262,0
2026-03-15 20:56:00,73.86,2.829,5.122,0
2026-03-15 20:57:00,73.79,2.723,5.204,0
2026-03-15 20:58:00,74.01,2.774,4.851,0
2026-03-15 20:59:00,73.31,2.869,5.193,0
2026-03-15 21:00:00,73.87,2.728,5.256,0
2026-03-15 21:01:00,73.58,2.961,5.351,0
2026-03-15 21:02:00,72.76,2.613,5.194,0
2026-03-15 21:03:00,72.71,2.435,5.243,0
2026-03-15 21:04:00,72.79,2.635,5.202,0
2026-03-15 21:05:00,73.12,2.811,5.385,0
2026-03-15 21:06:00,72.22,2.534,5.326,0
2026-03-15 21:07:00,71.98,2.914,5.342,0
2026-03-15 21:08:00,72.36,2.443,5.132,0
2026-03-15 21:09:00,72.8,2.738,5.151,0
2026-03-15 21:10:00,72.06,2.521,5.334,0
2026-03-15 21:11:00,72.37,2.45,5.309,0
2026-03-15 21:12:00,71.78,2.379,5.356,0
2026-03-15 21:13:00,72.04,2.601,5.263,0
2026-03-15 21:14:00,72.82,2.763,5.298,0
2026-03-15 21:15:00,72.47,2.676,5.223,0
2026-03-15 21:16:00,72.89,2.384,5.378,0
2026-03-15 21:17:00,72.81,2.467,4.888,0
2026-03-15 21:18:00,71.93,2.681,5.56,0
2026-03-15 21:19:00,73.02,2.75,5.278,0
2026-03-15 21:20:00,72.42,2.671,5.166,0
2026-03-15 21:21:00,73.09,2.526,5.401,0
2026-03-15 21:22:00,72.92,2.892,5.086,0
2026-03-15 21:23:00,73.33,2.457,5.271,0
2026-03-15 21:24:00,73.42,2.781,4.991,0
2026-03-15 21:25:00,73.11,2.436,5.333,0
2026-03-15 21:26:00,73.79,2.542,5.266,0
2026-03-15 21:27:00,74.39,2.908,5.256,0
2026-03-15 21:28:00,73.99,2.582,5.231,0
2026-03-15 21:29:00,73.02,2.733,5.145,0
2026-03-15 21:30:00,72.83,2.504,5.205,0
2026-03-15 21:31:00,71.79,2.733,5.207,0
2026-03-15 21:32:00,71.89,2.203,5.12,0
2026-03-15 21:33:00,71.74,2.549,5.038,0
2026-03-15 21:34:00,72.35,2.28,5.04,0
2026-03-15 21:35:00,72.68,2.638,5.219,0
2026-03-15 21:36:00,71.77,2.362,5.007,0
2026-03-15 21:37:00,72.36,2.73,5.152,1
2026-03-15 21:38:00,72.21,2.183,4.941,0
2026-03-15 21:39:00,71.87,2.696,4.804,0
2026-03-15 21:40:00,72.33,2.597,4.967,0
2026-03-15 21:41:00,73.06,2.744,4.948,0
2026-03-15 21:42:00,73.21,2.329,5.331,0
2026-03-15 21:43:00,71.4,2.815,5.269,0
2026-03-15 21:44:00,71.29,2.473,5.17,0
2026-03-15 21:45:00,71.46,2.937,5.062,0
2026-03-15 21:46:00,71.6,2.639,5.167,0
2026-03-15 21:47:00,71.36,2.619,4.848,0
2026-03-15 21:48:00,71.19,2.821,5.168,0
2026-03-15 21:49:00,71.19,2.667,5.288,0
2026-03-15 21:50:00,71.61,2.317,5.412,0
2026-03-15 21:51:00,71.03,2.946,5.062,0
2026-03-15 21:52:00,71.19,2.411,5.364,0
2026-03-15 21:53:00,71.6,2.523,5.449,0
2026-03-15 21:54:00,71.64,2.497,5.204,0
2026-03-15 21:55:00,71.32,2.427,5.205,0
2026-03-15 21:56:00,71.23,2.773,5.045,0
2026-03-15 21:57:00,71.3,2.674,5.167,0
2026-03-15 21:58:00,71.05,2.702,5.197,0
2026-03-15 21:59:00,71.93,2.504,5.271,0
2026-03-15 22:00:00,71.47,2.724,5.194,0
2026-03-15 22:01:00,71.27,2.476,5.299,0
2026-03-15 22:02:00,71.44,2.493,5.285,0
2026-03-15 22:03:00,71.79,2.44,5.376,0
2026-03-15 22:04:00,71.68,2.862,5.35,0
2026-03-15 22:05:00,71.48,2.479,5.309,0
2026-03-15 22:06:00,71.23,2.509,4.986,0
2026-03-15 22:07:00,71.53,3.042,5.119,0
2026-03-15 22:08:00,71.34,2.635,5.103,0
2026-03-15 22:09:00,72.1,2.648,5.197,0
2026-03-15 22:10:00,72.27,2.583,4.984,0
2026-03-15 22:11:00,72.41,2.78,5.031,0
2026-03-15 22:12:00,72.52,2.872,5.128,0
2026-03-15 22:13:00,72.86,2.408,5.001,0
2026-03-15 22:14:00,74.0,2.504,5.079,0
2026-03-15 22:15:00,73.13,2.68,5.046,0
2026-03-15 22:16:00,72.28,2.637,5.157,0
2026-03-15 22:17:00,71.93,2.505,5.289,0
2026-03-15 22:18:00,72.25,3.036,5.125,0
2026-03-15 22:19:00,72.16,2.405,5.331,0
2026-03-15 22:20:00,73.01,2.791,5.403,0
2026-03-15 22:21:00,72.0,2.834,5.419,0
2026-03-15 22:22:00,72.01,2.658,5.443,0
2026-03-15 22:23:00,72.22,2.842,5.331,0
2026-03-15 22:24:00,72.67,2.477,5.203,0
2026-03-15 22:25:00,72.33,2.673,5.169,0
2026-03-15 22:26:00,72.91,2.534,5.208,0
2026-03-15 22:27:00,73.11,2.822,5.23,0
2026-03-15 22:28:00,72.56,2.839,5.221,0
2026-03-15 22:29:00,72.92,2.76,5.41,0
2026-03-15 22:30:00,72.73,2.602,5.24,0
2026-03-15 22:31:00,73.26,2.702,5.347,0
2026-03-15 22:32:00,73.77,2.961,5.555,0
2026-03-15 22:33:00,73.74,2.823,5.386,0
2026-03-15 22:34:00,73.79,2.727,5.443,0
2026-03-15 22:35:00,73.93,2.72,5.301,0
2026-03-15 22:36:00,72.86,2.677,5.312,0
2026-03-15 22:37:00,72.97,2.804,5.248,0
2026-03-15 22:38:00,73.93,2.672,5.275,0
2026-03-15 22:39:00,73.22,2.879,5.448,0
2026-03-15 22:40:00,74.49,2.531,5.425,0
2026-03-15 22:41:00,74.16,3.083,5.521,0
2026-03-15 22:42:00,74.52,2.664,5.304,0
2026-03-15 22:43:00,74.33,3.01,5.531,0
2026-03-15 22:44:00,74.54,2.981,5.352,0
2026-03-15 22:45:00,74.37,2.545,5.441,0
2026-03-15 22:46:00,74.16,2.561,5.357,0
2026-03-15 22:47:00,75.13,2.713,5.457,0
2026-03-15 22:48:00,75.0,2.733,5.583,0
2026-03-15 22:49:00,74.76,3.166,5.265,0
2026-03-15 22:50:00,74.66,2.701,5.515,0
2026-03-15 22:51:00,75.23,3.254,5.335,0
2026-03-15 22:52:00,75.65,2.935,5.278,0
2026-03-15 22:53:00,75.03,3.034,5.188,0
2026-03-15 22:54:00,75.31,3.169,5.187,1
2026-03-15 22:55:00,75.36,2.803,5.178,1
2026-03-15 22:56:00,75.06,2.857,5.435,0
2026-03-15 22:57:00,75.32,2.947,5.273,0
2026-03-15 22:58:00,75.2,2.887,5.55,0
2026-03-15 22:59:00,76.3,3.22,5.338,1
2026-03-15 23:00:00,76.09,2.706,5.237,0
2026-03-15 23:01:00,76.67,2.98,5.471,0
2026-03-15 23:02:00,75.91,2.92,5.149,0
2026-03-15 23:03:00,75.41,2.783,5.315,0
2026-03-15 23:04:00,75.17,2.7,5.273,0
2026-03-15 23:05:00,75.33,2.331,5.143,0
2026-03-15 23:06:00,75.24,2.784,5.375,0
2026-03-15 23:07:00,75.29,2.896,5.29,0
2026-03-15 23:08:00,75.89,2.433,5.257,0
2026-03-15 23:09:00,75.77,3.154,5.483,0
2026-03-15 23:10:00,75.4,2.735,5.289,0
2026-03-15 23:11:00,75.16,2.948,5.133,0
2026-03-15 23:12:00,75.5,2.746,5.554,0
2026-03-15 23:13:00,74.94,3.099,5.231,0
2026-03-15 23:14:00,74.8,3.057,5.309,0
2026-03-15 23:15:00,74.03,2.791,5.214,0
2026-03-15 23:16:00,74.51,3.009,5.409,0
2026-03-15 23:17:00,74.88,2.906,5.406,0
2026-03-15 23:18:00,74.71,3.07,5.175,0
2026-03-15 23:19:00,74.87,2.881,5.453,0
2026-03-15 23:20:00,74.64,3.026,5.418,0
2026-03-15 23:21:00,73.81,2.558,5.483,0
2026-03-15 23:22:00,74.39,2.785,5.371,0
2026-03-15 23:23:00,75.06,2.737,5.391,0
2026-03-15 23:24:00,74.78,2.363,5.57,0
2026-03-15 23:25:00,75.3,2.841,5.45,0
2026-03-15 23:26:00,74.77,2.962,5.252,0
2026-03-15 23:27:00,75.31,2.804,5.341,0
2026-03-15 23:28:00,75.5,2.911,5.12,0
2026-03-15 23:29:00,75.16,2.581,5.432,0
2026-03-15 23:30:00,75.37,2.702,5.216,0
2026-03-15 23:31:00,74.69,2.893,5.441,0
2026-03-15 23:32:00,73.62,2.854,5.486,0
2026-03-15 23:33:00,73.94,2.789,5.349,0
2026-03-15 23:34:00,74.08,2.947,5.2,0
2026-03-15 23:35:00,73.88,2.683,5.153,0
2026-03-15 23:36:00,74.32,2.746,5.427,0
2026-03-15 23:37:00,75.04,2.838,5.259,0
2026-03-15 23:38:00,74.46,2.761,5.466,0
2026-03-15 23:39:00,74.45,2.808,5.192,0
2026-03-15 23:40:00,74.72,2.854,5.371,0
2026-03-15 23:41:00,75.25,2.821,5.279,0
2026-03-15 23:42:00,74.7,2.586,5.225,0
2026-03-15 23:43:00,75.2,2.955,5.269,0
2026-03-15 23:44:00,76.08,2.876,5.199,0
2026-03-15 23:45:00,75.56,2.642,5.476,0
2026-03-15 23:46:00,75.07,2.584,5.299,0
2026-03-15 23:47:00,75.35,2.939,5.364,0
2026-03-15 23:48:00,76.05,2.712,5.408,0
2026-03-15 23:49:00,75.98,3.033,5.085,0
2026-03-15 23:50:00,75.64,2.806,5.25,0
2026-03-15 23:51:00,75.07,2.962,5.032,0
2026-03-15 23:52:00,74.8,2.536,5.397,0
2026-03-15 23:53:00,74.48,2.712,5.172,0
2026-03-15 23:54:00,74.61,3.143,5.152,0
2026-03-15 23:55:00,74.5,2.636,5.302,0
2026-03-15 23:56:00,74.24,3.004,5.285,0
2026-03-15 23:57:00,73.81,2.761,5.149,0
2026-03-15 23:58:00,74.4,2.782,5.718,0
2026-03-15 23:59:00,74.78,2.963,5.331,0
2026-03-16 00:00:00,74.89,2.955,5.304,0
2026-03-16 00:01:00,74.74,2.784,5.611,0
2026-03-16 00:02:00,75.16,2.722,5.408,0
2026-03-16 00:03:00,74.97,3.063,5.493,0
2026-03-16 00:04:00,75.09,2.894,5.289,1
2026-03-16 00:05:00,75.51,2.661,5.441,0
2026-03-16 00:06:00,75.06,2.754,5.132,0
2026-03-16 00:07:00,74.59,2.936,5.468,0
2026-03-16 00:08:00,74.47,2.587,5.334,0
2026-03-16 00:09:00,75.06,2.898,5.508,0
2026-03-16 00:10:00,74.22,3.054,5.535,0
2026-03-16 00:11:00,74.61,2.344,5.613,0
2026-03-16 00:12:00,74.97,3.213,5.35,0
2026-03-16 00:13:00,74.34,2.708,5.385,0
2026-03-16 00:14:00,74.77,2.583,5.318,0
2026-03-16 00:15:00,74.6,3.239,5.227,0
2026-03-16 00:16:00,75.03,3.068,5.288,0
2026-03-16 00:17:00,74.63,2.857,5.198,0
2026-03-16 00:18:00,74.52,2.921,5.327,0
2026-03-16 00:19:00,74.02,2.845,5.284,0
2026-03-16 00:20:00,74.14,2.841,5.446,0
2026-03-16 00:21:00,74.08,2.599,5.509,0
2026-03-16 00:22:00,73.89,2.863,5.224,0
2026-03-16 00:23:00,74.68,2.56,5.047,0
2026-03-16 00:24:00,74.48,2.995,5.213,0
2026-03-16 00:25:00,73.94,2.904,5.069,0
2026-03-16 00:26:00,74.5,2.741,5.326,0
2026-03-16 00:27:00,74.04,3.208,5.307,0
2026-03-16 00:28:00,75.16,2.567,4.995,0
2026-03-16 00:29:00,75.11,2.801,5.165,0
2026-03-16 00:30:00,73.88,2.846,5.352,0
2026-03-16 00:31:00,74.51,2.979,5.23,0
2026-03-16 00:32:00,73.22,2.837,5.25,0
2026-03-16 00:33:00,73.26,2.776,5.24,0
2026-03-16 00:34:00,73.06,2.609,5.192,0
2026-03-16 00:35:00,73.13,2.711,5.163,0
2026-03-16 00:36:00,73.26,2.781,5.059,0
2026-03-16 00:37:00,73.22,2.645,5.017,0
2026-03-16 00:38:00,73.38,2.749,5.209,0
2026-03-16 00:39:00,73.21,2.738,5.381,0
2026-03-16 00:40:00,73.16,2.44,5.12,0
2026-03-16 00:41:00,72.8,2.216,5.338,0
2026-03-16 00:42:00,72.86,2.353,4.882,0
2026-03-16 00:43:00,72.98,2.569,5.292,0
2026-03-16 00:44:00,71.73,2.547,5.2,0
2026-03-16 00:45:00,71.52,2.46,5.109,0
2026-03-16 00:46:00,71.08,2.572,5.218,0
2026-03-16 00:47:00,71.29,2.68,5.154,0
2026-03-16 00:48:00,70.87,2.789,4.935,0
2026-03-16 00:49:00,71.13,2.517,5.246,0
2026-03-16 00:50:00,71.49,2.49,5.08,0
2026-03-16 00:51:00,71.23,2.582,5.026,0
2026-03-16 00:52:00,71.76,2.476,5.262,1
2026-03-16 00:53:00,71.85,2.714,5.147,0
2026-03-16 00:54:00,71.44,2.655,5.146,0
2026-03-16 00:55:00,71.65,2.549,5.222,0
2026-03-16 00:56:00,71.01,2.732,5.12,0
2026-03-16 00:57:00,71.65,2.392,5.244,0
2026-03-16 00:58:00,72.04,2.748,5.207,0
2026-03-16 00:59:00,71.84,3.154,4.994,1
2026-03-16 01:00:00,71.79,2.366,5.165,0
2026-03-16 01:01:00,71.81,2.469,5.326,0
2026-03-16 01:02:00,72.49,2.768,5.149,0
2026-03-16 01:03:00,73.06,2.891,5.195,0
2026-03-16 01:04:00,73.18,2.673,5.072,0
2026-03-16 01:05:00,72.05,2.783,5.345,0
2026-03-16 01:06:00,72.02,2.579,5.23,0
2026-03-16 01:07:00,71.49,2.161,5.336,0
2026-03-16 01:08:00,71.96,2.66,5.125,0
2026-03-16 01:09:00,71.43,2.608,5.006,0
2026-03-16 01:10:00,71.0,2.513,5.083,0
2026-03-16 01:11:00,70.91,2.88,4.798,0
2026-03-16 01:12:00,70.99,2.318,4.955,0
2026-03-16 01:13:00,70.78,2.403,5.136,0
2026-03-16 01:14:00,70.1,2.258,5.023,0
2026-03-16 01:15:00,70.63,2.207,5.002,0
2026-03-16 01:16:00,69.39,2.417,5.141,0
2026-03-16 01:17:00,69.72,2.965,5.338,0
2026-03-16 01:18:00,70.58,2.753,5.242,0
2026-03-16 01:19:00,70.96,2.316,5.135,0
2026-03-16 01:20:00,70.54,2.418,5.022,0
2026-03-16 01:21:00,70.74,2.394,5.006,0
2026-03-16 01:22:00,70.25,2.374,5.211,0
2026-03-16 01:23:00,69.61,2.287,5.042,0
2026-03-16 01:24:00,70.08,2.635,5.017,0
2026-03-16 01:25:00,69.68,2.408,5.136,0
2026-03-16 01:26:00,70.2,2.543,5.09,0
2026-03-16 01:27:00,70.38,2.499,5.082,0
2026-03-16 01:28:00,71.56,2.66,5.017,0
2026-03-16 01:29:00,71.6,2.682,4.962,0
2026-03-16 01:30:00,71.79,2.488,4.976,0
2026-03-16 01:31:00,71.69,2.362,4.935,0
2026-03-16 01:32:00,72.16,2.224,5.125,0
2026-03-16 01:33:00,71.21,2.506,5.028,1
2026-03-16 01:34:00,71.49,2.323,4.929,0
2026-03-16 01:35:00,71.34,2.446,4.984,0
2026-03-16 01:36:00,71.71,2.578,4.919,0
2026-03-16 01:37:00,72.33,2.466,5.215,0
2026-03-16 01:38:00,71.48,2.226,4.959,0
2026-03-16 01:39:00,71.01,2.511,5.045,0
2026-03-16 01:40:00,70.77,2.188,5.112,0
2026-03-16 01:41:00,71.3,2.515,5.041,0
2026-03-16 01:42:00,70.72,2.724,5.094,0
2026-03-16 01:43:00,71.07,2.569,5.077,0
2026-03-16 01:44:00,70.83,2.446,5.077,0
2026-03-16 01:45:00,70.63,2.271,5.015,0
2026-03-16 01:46:00,70.45,2.66,4.966,0
2026-03-16 01:47:00,70.66,2.129,5.035,0
2026-03-16 01:48:00,70.37,2.437,5.076,0
2026-03-16 01:49:00,70.63,2.529,4.888,0
2026-03-16 01:50:00,70.28,2.116,4.775,0
2026-03-16 01:51:00,70.18,2.654,5.173,0
2026-03-16 01:52:00,69.89,2.562,5.191,0
2026-03-16 01:53:00,69.18,2.258,5.023,0
2026-03-16 01:54:00,69.34,2.472,5.119,0
2026-03-16 01:55:00,69.28,2.612,5.017,0
2026-03-16 01:56:00,69.53,2.561,4.683,0
2026-03-16 01:57:00,69.05,2.362,5.142,0
2026-03-16 01:58:00,70.41,2.751,4.847,0
2026-03-16 01:59:00,69.93,2.67,4.972,0
2026-03-16 02:00:00,71.04,2.075,5.218,0
2026-03-16 02:01:00,70.55,2.42,5.095,0
2026-03-16 02:02:00,70.85,2.67,4.716,0
2026-03-16 02:03:00,70.78,2.458,5.244,0
2026-03-16 02:04:00,71.15,2.657,5.183,0
2026-03-16 02:05:00,70.62,2.579,5.066,0
2026-03-16 02:06:00,71.14,2.558,5.09,0
2026-03-16 02:07:00,71.15,2.267,5.202,0
2026-03-16 02:08:00,70.95,2.322,5.019,0
2026-03-16 02:09:00,71.53,2.39,5.456,0
2026-03-16 02:10:00,70.79,2.275,5.124,0
2026-03-16 02:11:00,71.07,2.374,5.021,0
2026-03-16 02:12:00,70.57,2.594,5.12,0
2026-03-16 02:13:00,69.52,2.59,5.183,0
2026-03-16 02:14:00,69.87,2.258,4.852,0
2026-03-16 02:15:00,70.15,2.113,4.923,0
2026-03-16 02:16:00,70.23,2.105,5.292,0
2026-03-16 02:17:00,70.07,2.559,4.978,0
2026-03-16 02:18:00,69.81,2.599,5.16,0
2026-03-16 02:19:00,69.2,2.58,5.224,0
2026-03-16 02:20:00,69.49,2.167,5.339,0
2026-03-16 02:21:00,69.93,2.539,4.915,0
2026-03-16 02:22:00,69.47,2.51,5.026,0
2026-03-16 02:23:00,69.36,2.537,5.151,0
2026-03-16 02:24:00,69.44,2.416,5.058,0
2026-03-16 02:25:00,69.66,2.372,5.217,0
2026-03-16 02:26:00,70.22,2.648,5.084,0
2026-03-16 02:27:00,69.83,2.358,4.911,0
2026-03-16 02:28:00,70.17,2.999,5.095,0
2026-03-16 02:29:00,69.68,2.303,4.956,0
2026-03-16 02:30:00,70.97,2.719,5.182,0
2026-03-16 02:31:00,70.17,2.685,5.059,0
2026-03-16 02:32:00,71.58,2.602,5.17,0
2026-03-16 02:33:00,71.24,2.62,5.165,0
2026-03-16 02:34:00,71.26,2.506,5.152,0
2026-03-16 02:35:00,71.0,2.566,5.253,0
2026-03-16 02:36:00,70.23,2.372,5.139,0
2026-03-16 02:37:00,71.37,2.289,5.015,0
2026-03-16 02:38:00,70.84,2.656,5.05,0
2026-03-16 02:39:00,71.23,2.352,5.1,0
2026-03-16 02:40:00,70.79,2.4,5.288,0
2026-03-16 02:41:00,71.19,2.285,5.14,0
2026-03-16 02:42:00,71.44,2.523,4.808,0
2026-03-16 02:43:00,71.2,2.411,4.956,0
2026-03-16 02:44:00,71.08,2.387,4.895,0
2026-03-16 02:45:00,71.12,2.506,4.946,0
2026-03-16 02:46:00,70.36,2.399,5.169,0
2026-03-16 02:47:00,70.88,2.636,5.124,0
2026-03-16 02:48:00,70.11,2.126,4.893,0
2026-03-16 02:49:00,71.37,2.615,5.058,0
2026-03-16 02:50:00,70.86,2.499,4.928,0
2026-03-16 02:51:00,70.47,2.458,5.328,0
2026-03-16 02:52:00,70.06,2.549,5.229,0
2026-03-16 02:53:00,70.05,2.55,5.057,0
2026-03-16 02:54:00,69.51,2.388,5.239,0
2026-03-16 02:55:00,70.1,2.522,5.103,0
2026-03-16 02:56:00,69.11,2.184,4.935,0
2026-03-16 02:57:00,70.03,2.292,5.059,0
2026-03-16 02:58:00,68.82,2.376,4.957,0
2026-03-16 02:59:00,68.99,2.513,4.867,0
2026-03-16 03:00:00,68.96,2.596,5.333,0
2026-03-16 03:01:00,67.96,2.357,4.679,0
2026-03-16 03:02:00,68.17,2.353,4.893,0
2026-03-16 03:03:00,68.18,2.209,4.779,0
2026-03-16 03:04:00,68.51,2.168,5.172,0
2026-03-16 03:05:00,68.57,2.203,5.274,0
2026-03-16 03:06:00,68.01,2.34,4.918,0
2026-03-16 03:07:00,68.81,2.166,4.938,0
2026-03-16 03:08:00,68.35,2.555,5.329,0
2026-03-16 03:09:00,68.09,2.524,4.839,0
2026-03-16 03:10:00,68.36,1.951,4.746,0
2026-03-16 03:11:00,68.44,2.534,4.822,0
2026-03-16 03:12:00,68.2,2.221,4.994,0
2026-03-16 03:13:00,67.83,2.432,4.98,0
2026-03-16 03:14:00,68.52,2.294,5.211,0
2026-03-16 03:15:00,68.1,2.339,4.859,0
2026-03-16 03:16:00,67.78,2.246,4.981,0
2026-03-16 03:17:00,68.24,2.607,5.026,0
2026-03-16 03:18:00,68.25,2.414,4.925,0
2026-03-16 03:19:00,68.27,2.433,5.28,0
